customer_id,time_bucket,if_raw_score,if_risk,lstm_raw_score,lstm_risk,combined_risk,bucket_has_anomaly
1,2026-07-17 22:00:00,-0.0944140146497453,0.3211782332384103,,,0.3211782332384103,0
1,2026-07-17 23:00:00,-0.08866115098362803,0.34416593272348445,,,0.34416593272348445,0
1,2026-07-18 01:45:00,-0.10749952894795706,0.26889020978557,,,0.26889020978557,0
1,2026-07-18 02:15:00,-0.057885129378521194,0.4671429363627576,,,0.4671429363627576,0
1,2026-07-18 03:15:00,-0.09302097308445689,0.32674464724221725,,,0.32674464724221725,0
1,2026-07-18 06:45:00,-0.11964692750937683,0.22035077553824226,,,0.22035077553824226,0
1,2026-07-18 07:00:00,-0.13511235090559437,0.15855294300215017,,,0.15855294300215017,0
1,2026-07-18 08:00:00,-0.15425384992930646,0.08206598749814252,,,0.08206598749814252,0
1,2026-07-18 08:45:00,-0.043794251993071076,0.523448260739821,,,0.523448260739821,0
1,2026-07-18 09:00:00,-0.13759427921407869,0.14863547834277252,0.088559985,0.015783148,0.08220931311458399,0
1,2026-07-18 10:00:00,-0.056416535948963564,0.47301124584891135,0.096518844,0.017741876,0.24537656078595785,0
1,2026-07-18 10:30:00,-0.056416535948963564,0.47301124584891135,0.07728954,0.013009416,0.2430103308941808,0
1,2026-07-18 11:15:00,-0.14866838994897835,0.1043847634965921,0.07831219,0.0132610975,0.058822930489964516,0
1,2026-07-18 12:45:00,-0.16025391572204206,0.058090500273156785,0.07102717,0.011468206,0.03477935293706687,0
1,2026-07-18 14:30:00,-0.02581221412193324,0.5953021593721743,0.0830945,0.014438055,0.3048701074139295,0
1,2026-07-18 14:45:00,-0.13839575221071848,0.14543289586186484,0.08240183,0.014267584,0.07985024008542337,0
1,2026-07-18 17:00:00,-0.01716482275221598,0.629856017359052,0.0875477,0.015534017,0.3226950172970463,0
1,2026-07-18 17:30:00,-0.11766447999069424,0.22827237953397259,0.08630525,0.015228244,0.12175031153933517,0
1,2026-07-18 20:00:00,-0.14313359902559186,0.12650107249395035,0.079402335,0.01352939,0.07001523129530739,0
1,2026-07-18 20:15:00,-0.1521276751402243,0.09056190708546505,0.0811001,0.0139472205,0.05225456380232506,0
1,2026-07-18 20:45:00,-0.1247616657298653,0.1999129428376515,0.07909978,0.013454929,0.10668393591591514,0
1,2026-07-19 01:30:00,-0.08081975238972539,0.37549914777618454,0.11892534,0.02325626,0.19937770433893703,0
1,2026-07-19 02:00:00,-0.0445708961394804,0.5203448911345842,0.098094516,0.018129658,0.26923727454428087,0
1,2026-07-19 04:15:00,-0.1033430098244501,0.28549912285227397,0.09481835,0.017323373,0.1514112478689294,0
1,2026-07-19 04:30:00,-0.045107246590451955,0.5182017040713768,0.08741702,0.015501857,0.2668517804376354,0
1,2026-07-19 05:15:00,-0.07045505193806512,0.4169151508424255,0.095135815,0.017401502,0.2171583261893974,0
1,2026-07-19 05:30:00,-0.08160869102738466,0.3723466509733331,0.08794044,0.015630674,0.19398866229522882,0
1,2026-07-19 06:00:00,-0.12128030961854652,0.2138239917920821,0.08326049,0.014478907,0.11415144939058985,0
1,2026-07-19 08:15:00,-0.0620858758688243,0.45035729645600797,0.08525743,0.014970368,0.23266383211518765,0
1,2026-07-19 09:15:00,-0.12134941643895514,0.21354784987179315,0.091089405,0.016405655,0.11497675247146624,0
1,2026-07-19 09:45:00,-0.1308559487127431,0.17556097590116612,0.07596668,0.012683853,0.09412241423844274,0
1,2026-07-19 10:15:00,-0.15045549648443007,0.09724371681635625,0.066375434,0.010323384,0.05378355033087257,0
1,2026-07-19 11:45:00,-0.07354947759379293,0.4045502259665359,0.076490894,0.012812865,0.20868154546661322,0
1,2026-07-19 12:00:00,-0.020362659517842552,0.6170778750568967,0.083477534,0.014532323,0.3158050990261307,0
1,2026-07-19 12:15:00,-0.03665577344145021,0.551972698176396,0.079696655,0.013601824,0.2827872609431506,0
1,2026-07-19 15:00:00,-0.07315436804497177,0.40612903264423944,0.062571526,0.009387217,0.20775812505315114,0
1,2026-07-19 15:15:00,-0.10508427307694823,0.27854126000414475,0.07483237,0.012404692,0.1454729761817067,0
1,2026-07-19 18:00:00,-0.137534766631903,0.14887328292741664,0.07487866,0.012416084,0.080644683612209,0
1,2026-07-19 18:15:00,-0.12367611779567789,0.20425065204406234,0.0652673,0.010050666,0.10715065881562458,0
1,2026-07-19 18:45:00,-0.021519620671238138,0.6124548078587628,0.06793129,0.01070629,0.31158054876506214,0
1,2026-07-19 19:15:00,-0.05031839069905386,0.4973786459051461,0.082064584,0.014184587,0.2557816163044617,0
1,2026-07-19 20:00:00,-0.08817515910910262,0.3461078934255218,0.08205018,0.014181042,0.18014446775779006,0
1,2026-07-19 20:45:00,-0.03034598233461261,0.57718580771554,0.08331747,0.014492931,0.29583936927998306,0
1,2026-07-19 21:45:00,-0.107171630450072,0.27020044979271346,0.08009607,0.013700123,0.14195028636886206,0
1,2026-07-19 23:00:00,0.04393981494132215,0.8740222500331214,0.08137508,0.014014894,0.44401857208793416,0
1,2026-07-19 23:15:00,-0.04962184007641324,0.5001619721438175,0.08742423,0.015503632,0.2578328020242694,0
1,2026-07-20 00:00:00,-0.001428865435418425,0.6927348684674144,0.109372154,0.02090516,0.35682001394061447,0
1,2026-07-20 00:15:00,-0.024152323856924784,0.6019348662821171,0.1154711,0.02240615,0.3121705079688488,0
1,2026-07-20 01:30:00,0.019570139018626587,0.7766441755345012,0.11874725,0.023212431,0.39992830326659207,0
1,2026-07-20 02:15:00,-0.06502159951823172,0.43862652428053067,0.10537391,0.019921165,0.2292738446200999,0
1,2026-07-20 03:15:00,0.016327881782610243,0.7636885347753044,0.09869216,0.018276742,0.3909826382517455,0
1,2026-07-20 04:30:00,-0.10315806189093002,0.28623815088472765,0.10785904,0.02053277,0.1533854604835411,0
1,2026-07-20 05:15:00,-0.08663253415006128,0.35227202333276686,0.099936455,0.018582972,0.18542749754967897,0
1,2026-07-20 07:45:00,-0.022374649292263404,0.6090382240264309,0.12341719,0.024361735,0.3166999796181268,0
1,2026-07-20 09:45:00,-0.12816579727982297,0.18631047324690223,0.083200715,0.014464196,0.1003873345323056,0
1,2026-07-20 10:00:00,-0.14238275388633914,0.1295013526018604,0.06857156,0.010863865,0.07018260869811696,0
1,2026-07-20 11:45:00,-0.1311828350409549,0.17425478039318457,0.057322446,0.008095384,0.09117508201864429,0
1,2026-07-20 12:00:00,-0.14535664187828184,0.11761808064746192,0.050382778,0.006387486,0.06200278338500525,0
1,2026-07-20 12:45:00,-0.035464666313788196,0.5567322082733395,0.043903153,0.004792808,0.2807625081813724,0
1,2026-07-20 13:00:00,-0.04339847616134851,0.5250297297978621,0.067199185,0.010526115,0.26777792243630794,0
1,2026-07-20 14:15:00,-0.1333577528489741,0.16556409000364067,0.05378158,0.0072239535,0.08639402174829007,0
1,2026-07-20 14:30:00,-0.08281301103716565,0.367534343907591,0.05396631,0.0072694165,0.1874018801888358,0
1,2026-07-20 15:00:00,-0.02037589234082915,0.617024998406969,0.06595286,0.010219386,0.31362219212720915,0
1,2026-07-20 15:30:00,-0.09679137437357305,0.31167861112479334,0.07882268,0.013386733,0.16253267201172295,0
1,2026-07-20 15:45:00,-0.01303298853138568,0.6463662927459007,0.081215926,0.013975726,0.3301710095932248,0
1,2026-07-20 16:00:00,-0.03457747969455527,0.5602772913091538,0.09276182,0.016817247,0.2885472694021045,0
1,2026-07-20 17:30:00,-0.005545165395709928,0.6762866659774243,0.09427417,0.017189447,0.3467380564070671,0
1,2026-07-20 20:30:00,-0.11231173069105899,0.24966127373698846,0.0885977,0.01579243,0.13272685159208125,0
1,2026-07-20 23:00:00,0.007362912910580666,0.7278656781453036,0.08909828,0.015915627,0.37189065240264646,0
1,2026-07-20 23:15:00,-0.03332289051106463,0.5652904674942888,0.09329168,0.016947648,0.2911190575254757,0
1,2026-07-20 23:45:00,-0.03097187992741901,0.5746848018501297,0.091707505,0.016557774,0.2956212877126582,0
1,2026-07-21 00:00:00,-0.06692401375447332,0.4310247229348081,0.09040866,0.01623812,0.22363142119399992,0
1,2026-07-21 00:15:00,-0.07317116249036826,0.406061924211605,0.08209904,0.014193067,0.21012749576937337,0
1,2026-07-21 01:15:00,-0.016321657730672623,0.633225195781569,0.08693998,0.015384454,0.3243048250308535,0
1,2026-07-21 02:00:00,-0.056495026994435316,0.47269760577845377,0.08377875,0.0146064535,0.24365202962839505,0
1,2026-07-21 03:45:00,-0.09566601793260321,0.31617538997790096,0.081384666,0.014017254,0.16509632204602598,0
1,2026-07-21 04:00:00,-0.014160980102178145,0.6418589842546889,0.07738565,0.01303307,0.3274460269624446,0
1,2026-07-21 04:45:00,-0.0022532820206230264,0.6894406063727271,0.07564901,0.012605672,0.3510231390717989,0
1,2026-07-21 05:15:00,-0.0928226274982944,0.32753721056259427,0.08521416,0.014959718,0.17124846433166044,0
1,2026-07-21 05:45:00,-0.10587763400149064,0.27537109231461726,0.08044841,0.013786836,0.14457896395529132,0
1,2026-07-21 06:00:00,-0.041228056170146576,0.5337024474928777,0.08497088,0.014899844,0.2743011458983024,0
1,2026-07-21 06:15:00,-0.12526842215516493,0.19788800967514175,0.09024532,0.01619792,0.1070429647603614,0
1,2026-07-21 07:45:00,-0.12572914105408606,0.19604703651635297,0.08204352,0.014179403,0.10511321973933999,0
1,2026-07-21 08:30:00,-0.13924517441455742,0.1420387145478172,0.06956711,0.011108875,0.0765737949112377,0
1,2026-07-21 08:45:00,-0.13924517441455742,0.1420387145478172,0.06811228,0.010750832,0.07639477329197739,0
1,2026-07-21 09:45:00,-0.14529905616441058,0.1178481857154653,0.06364981,0.00965259,0.0637503880472921,0
1,2026-07-21 12:00:00,-0.14247539462189207,0.1291311721990969,0.05002672,0.0062998575,0.06771551485746931,0
1,2026-07-21 13:15:00,-0.15013648349245828,0.09851845149058004,0.052427214,0.006890635,0.05270454324835489,0
1,2026-07-21 13:30:00,-0.1503928925113181,0.09749387419952973,0.047693428,0.0057256194,0.05160974679134302,0
1,2026-07-21 14:30:00,-0.08187915929130252,0.37126589475659666,0.057449594,0.008126676,0.18969628541960387,0
1,2026-07-21 15:00:00,-0.13964831374465014,0.14042782190223493,0.04218419,0.0043697595,0.07239879068436701,0
1,2026-07-21 15:45:00,-0.16361758197730625,0.04464972476868794,0.045588616,0.0052076112,0.024928668008292545,0
1,2026-07-21 16:15:00,-0.05899270136560697,0.46271722188821346,0.074152656,0.012237409,0.23747731550897613,0
1,2026-07-21 16:45:00,-0.12779438964576706,0.18779457013736478,0.06824143,0.010782618,0.099288594106487,0
1,2026-07-21 17:30:00,-0.13696366488467243,0.15115533167786058,0.06264539,0.009405396,0.08028036381262867,0
1,2026-07-21 18:45:00,-0.0159615259483582,0.6346642358262039,0.07248041,0.011825859,0.32324504722077135,0
1,2026-07-21 19:00:00,-0.07303850082742558,0.4065920230663506,0.07943309,0.013536959,0.21006449101078947,0
1,2026-07-21 19:45:00,-0.1214293459177338,0.21322846200780043,0.069037005,0.010978414,0.11210343787678068,0
1,2026-07-21 20:15:00,-0.1298824010593208,0.17945114646492902,0.07178101,0.011653732,0.0955524390210137,0
1,2026-07-21 20:30:00,-0.08033029294349814,0.37745496444645804,0.07125597,0.011524515,0.1944897398364707,0
1,2026-07-21 21:30:00,-0.10231950552747687,0.2895889137053192,0.075166896,0.01248702,0.15103796702443065,0
1,2026-07-21 21:45:00,-0.04036046065032883,0.5371692470281476,0.08647774,0.015270694,0.27621997059355946,0
1,2026-07-21 23:45:00,0.013195375864373804,0.7511714460934105,0.088926725,0.015873404,0.38352242515657853,0
1,2026-07-22 00:45:00,-0.029634084359325685,0.580030459991295,0.1161637,0.022576602,0.3013035310835634,0
1,2026-07-22 01:15:00,-0.07703152297910976,0.3906364227623178,0.10989817,0.021034615,0.20583551893832452,0
1,2026-07-22 01:30:00,-0.05461540079802507,0.4802083490630263,0.10177267,0.019034877,0.249621613241249,0
1,2026-07-22 02:00:00,-0.10076199999543084,0.29581250445854473,0.091760516,0.01657082,0.15619166200017834,0
1,2026-07-22 02:15:00,-0.08637023380187747,0.3533201416141704,0.09333069,0.01695725,0.18513869555328863,0
1,2026-07-22 02:30:00,-0.12438924384669925,0.20140109253643704,0.09062426,0.016291179,0.1088461356496749,0
1,2026-07-22 02:45:00,-0.09601364056414252,0.3147863348825923,0.08221103,0.014220629,0.1645034818850036,0
1,2026-07-22 03:00:00,-0.0984773262583033,0.3049417653516637,0.081001356,0.0139229195,0.15943234243545465,0
1,2026-07-22 03:15:00,-0.11041496879889823,0.25724048904649366,0.07192512,0.011689197,0.13446484315927798,0
1,2026-07-22 03:30:00,-0.031016079698529708,0.5745081852788757,0.066358425,0.010319198,0.29241369141464585,0
1,2026-07-22 06:30:00,-0.07242604275241105,0.4090393263561126,0.06268908,0.009416148,0.20922773721131666,0
1,2026-07-22 06:45:00,-0.1117042757559254,0.2520885851265874,0.061861493,0.009212473,0.13065052926698756,0
1,2026-07-22 07:00:00,-0.026034777916225216,0.5944128232230188,0.071332544,0.0115433615,0.30297809234656103,0
1,2026-07-22 08:30:00,-0.15302529810243887,0.08697512177229645,0.07191942,0.011687795,0.04933145823628069,0
1,2026-07-22 09:30:00,-0.10362737565868996,0.2843628337411955,0.07924878,0.013491599,0.14892721631521358,0
1,2026-07-22 10:00:00,-0.034864131076266625,0.5591318694458527,0.08340146,0.0145136,0.28682273456608864,0
1,2026-07-22 10:15:00,-0.14481347634264607,0.11978849990793981,0.085898355,0.015128103,0.06745830149640103,0
1,2026-07-22 11:00:00,-0.03484380758391592,0.5592130794938843,0.09138869,0.01647931,0.28784619457107985,0
1,2026-07-22 13:00:00,-0.09170655530610539,0.33199689075783256,0.086493745,0.015274633,0.17363576173998596,0
1,2026-07-22 15:00:00,-0.16037405552731454,0.05761043714284746,0.07999865,0.013676147,0.03564329205974861,0
1,2026-07-22 15:45:00,-0.15886227211872445,0.06365132820165562,0.07997205,0.013669601,0.0386604644559642,0
1,2026-07-22 17:15:00,-0.14469853414731115,0.12024779406088072,0.06996718,0.011207337,0.0657275653103862,0
1,2026-07-22 17:30:00,-0.05183535427590058,0.49131705556367167,0.07879229,0.013379253,0.25234815450536374,0
1,2026-07-22 20:15:00,-0.14258993557700106,0.12867348135022685,0.0878905,0.015618382,0.07214593168600582,0
1,2026-07-22 21:15:00,-0.13458886655152286,0.1606447188054617,0.089509055,0.01601672,0.0883307193341402,0
1,2026-07-22 21:45:00,-0.0440131365471883,0.522573626358755,0.08468907,0.014830491,0.26870205846649786,0
1,2026-07-22 22:15:00,-0.07529975026063851,0.3975563626634028,0.08621082,0.015205001,0.20638068206096422,0
1,2026-07-22 23:00:00,0.01899240378307543,0.7743356202222992,0.08269941,0.014340822,0.39433822093795184,0
1,2026-07-22 23:15:00,-0.04842544064814358,0.5049426295898055,0.08537579,0.014999497,0.25997106317016955,0
1,2026-07-23 00:30:00,-0.0876620775209761,0.3481581011209768,0.0843856,0.014755805,0.18145695307199566,0
1,2026-07-23 02:15:00,-0.11502712834048034,0.2388108957739202,0.08775546,0.015585148,0.12719802177481493,0
1,2026-07-23 02:30:00,-0.07144537304726761,0.4129579557178212,0.08367381,0.014580628,0.2137692918105817,0
1,2026-07-23 06:00:00,-0.04416025576706473,0.5219857569755613,0.09168308,0.016551763,0.2692687598974257,0
1,2026-07-23 06:30:00,-0.0891454261924633,0.34223083159561607,0.09548752,0.017488059,0.17985944512603508,0
1,2026-07-23 07:00:00,-0.03295518386840879,0.5667597757015773,0.09508206,0.017388273,0.2920740243660484,0
1,2026-07-23 07:15:00,-0.12310855936664222,0.20651854215307622,0.102672346,0.019256292,0.1128874170320411,0
1,2026-07-23 07:30:00,-0.09707644179158009,0.31053951857568124,0.10656552,0.020214427,0.16537697291911294,0
1,2026-07-23 11:30:00,-0.1538581535618294,0.08364713902733165,0.10876426,0.020755552,0.05220134539137998,0
1,2026-07-23 12:00:00,-0.16155984405894924,0.05287217946804612,0.09299221,0.016873946,0.034873062940721955,0
1,2026-07-23 13:30:00,-0.16266521531935269,0.048455258812816746,0.08480302,0.014858535,0.031656896686212126,0
1,2026-07-23 14:30:00,-0.1644138127864765,0.04146808939120361,0.07638483,0.012786761,0.027127425158725127,0
1,2026-07-23 16:00:00,-0.09061867946367036,0.3363439019846511,0.074594095,0.012346051,0.17434497634334326,0
1,2026-07-23 16:45:00,-0.1377728025351636,0.14792212223104192,0.053273734,0.007098969,0.07751054565157271,0
1,2026-07-23 17:15:00,-0.16132212411214936,0.053822077643250366,0.03116648,0.0016582293,0.027740153458497147,0
1,2026-07-23 20:30:00,-0.07714063119147685,0.3902004404511046,0.036904432,0.0030703766,0.19663540851584282,0
1,2026-07-23 21:00:00,-0.11497046320522109,0.2390373223288015,0.037743323,0.003276833,0.12115707771452296,0
1,2026-07-23 21:15:00,-0.12885892870215482,0.18354080969063366,0.04318819,0.00461685,0.09407882987319392,0
1,2026-07-23 21:30:00,-0.13351576767338286,0.16493268319330917,0.045245297,0.0051231184,0.0850279007988041,0
1,2026-07-23 22:00:00,-0.0791190319307371,0.3822950068627821,0.048592005,0.005946765,0.19412088602545494,0
1,2026-07-23 22:30:00,-0.09680546744500357,0.31162229703329586,0.052865643,0.0069985352,0.1593104161394764,0
1,2026-07-23 22:45:00,-0.09680546744500357,0.31162229703329586,0.05997644,0.008748549,0.16018542303498876,0
1,2026-07-23 23:00:00,-0.09117034779948363,0.3341395066338978,0.060830664,0.008958778,0.17154914248899628,0
1,2026-07-24 00:30:00,-0.009385087458074093,0.6609428338376806,0.06539284,0.01008156,0.33551219709431757,0
1,2026-07-24 01:30:00,-0.12240716209693481,0.20932123496685667,0.060186658,0.008800285,0.1090607599519404,0
1,2026-07-24 02:00:00,-0.06706712097846435,0.4304528849685055,0.053138856,0.007065775,0.21875932992070227,0
1,2026-07-24 02:15:00,-0.08472908379026511,0.35987796489426443,0.06578202,0.01017734,0.18502765262638007,0
1,2026-07-24 03:00:00,-0.08824135959529117,0.3458433648410481,0.07236397,0.011797203,0.17882028379604428,0
1,2026-07-24 04:15:00,-0.0667896219778975,0.4315617350999643,0.07409047,0.012222106,0.22189192036857852,0
1,2026-07-24 05:45:00,-0.04558174265183901,0.5163056791524726,0.07853825,0.013316732,0.26481120552622467,0
1,2026-07-24 07:45:00,-0.13500942012524886,0.15896424109361768,0.08551963,0.015034895,0.08699956824194491,0
1,2026-07-24 08:00:00,-0.14445952017353475,0.12120286300059256,0.0777206,0.013115503,0.06715918294725864,0
1,2026-07-24 09:00:00,-0.16095811408417293,0.05527661465617476,0.07490051,0.012421461,0.033849037739199686,0
1,2026-07-24 10:15:00,-0.16194935515195513,0.05131574349601736,0.065999016,0.010230745,0.030773244342454625,0
1,2026-07-24 11:15:00,-0.10401463470622058,0.2828153966517436,0.06897608,0.01096342,0.1468894085176879,0
1,2026-07-24 11:45:00,-0.14588136589534006,0.11552135131111796,0.06298409,0.009488751,0.06250505124579397,0
1,2026-07-24 12:15:00,-0.13599253147396778,0.15503585523983482,0.065424085,0.01008925,0.08256255276064398,0
1,2026-07-24 12:30:00,-0.16272577194357718,0.04821328237111831,0.04814688,0.005837217,0.02702524967221153,0
1,2026-07-24 13:00:00,-0.059481523942211734,0.4607639500666175,0.052553255,0.0069216546,0.23384280231687,0
1,2026-07-24 13:45:00,-0.16092341693831125,0.05541525996542411,0.05387167,0.007246125,0.03133069249461808,0
1,2026-07-24 15:15:00,-0.16443620860177038,0.04137859860859885,0.048653934,0.0059620063,0.023670302445330093,0
1,2026-07-24 15:45:00,-0.05925188748517707,0.4616815476617458,0.06690316,0.0104532605,0.23606740408272756,0
1,2026-07-24 17:15:00,-0.1454456535868392,0.11726240136741557,0.06720408,0.010527319,0.06389486032112915,0
1,2026-07-24 18:45:00,-0.047691055765577195,0.5078771366399634,0.07441482,0.012301929,0.2600895329675132,0
1,2026-07-24 19:00:00,-0.14636764290754084,0.11357825123579222,0.06271338,0.009422128,0.06150018966228226,0
1,2026-07-24 19:30:00,-0.038816401220249985,0.5433391088962116,0.06963698,0.011126071,0.27723259005544376,0
1,2026-07-24 19:45:00,-0.12353537171925522,0.20481305516992876,0.077178955,0.012982202,0.10889762846621309,0
1,2026-07-24 20:00:00,-0.12872613848178865,0.18407142224422374,0.07725913,0.013001933,0.09853667750339348,0
1,2026-07-24 20:15:00,-0.10961378953940176,0.26044189779175064,0.07394751,0.012186922,0.13631440996235977,0
1,2026-07-24 21:30:00,-0.13057701436486902,0.17667556149490432,0.07097044,0.011454245,0.09406490328524389,0
1,2026-07-24 22:00:00,-0.005538233796939296,0.6763143637500013,0.073918775,0.01217985,0.3442471067096693,0
1,2026-07-24 23:15:00,-0.07490344692595952,0.3991399395550627,0.07298716,0.011950574,0.2055452567195067,0
1,2026-07-25 01:30:00,-0.03232517298049731,0.5692772177624646,0.08821868,0.01569915,0.2924881839016052,0
1,2026-07-25 01:45:00,-0.08281039981562932,0.36754477801127394,0.084467664,0.014776001,0.1911603893821595,0
1,2026-07-25 02:00:00,-0.09450436383975791,0.32081720955537707,0.066046305,0.010242383,0.16552979627558068,0
2,2026-07-18 01:00:00,-0.09352923099098376,0.32471371435483354,,,0.32471371435483354,0
2,2026-07-18 01:45:00,-0.04979345435248217,0.4994762236827761,,,0.4994762236827761,0
2,2026-07-18 03:15:00,0.003988454791513885,0.7143817797482415,,,0.7143817797482415,0
2,2026-07-18 05:30:00,-0.03894579266165199,0.5428220774239714,,,0.5428220774239714,0
2,2026-07-18 06:45:00,-0.03664496621593183,0.5520158824524196,,,0.5520158824524196,0
2,2026-07-18 08:45:00,-0.02348808252512613,0.6045890887714983,,,0.6045890887714983,0
2,2026-07-18 09:00:00,-0.027147634905490547,0.5899659905630051,,,0.5899659905630051,0
2,2026-07-18 09:30:00,-0.12212255656444598,0.2104584818811501,,,0.2104584818811501,0
2,2026-07-18 10:15:00,-0.1467414138895598,0.1120847107124007,,,0.1120847107124007,0
2,2026-07-18 10:45:00,-0.09359892747177162,0.32443521622789984,0.08778205,0.015591692,0.17001345420367064,0
2,2026-07-18 12:30:00,-0.030690804950439188,0.5758079411210361,0.08702648,0.015405741,0.29560684085496974,0
2,2026-07-18 13:15:00,-0.026090034774955417,0.5941920239590869,0.09328079,0.01694497,0.3055684965160124,0
2,2026-07-18 13:30:00,-0.12978425392821225,0.17984332971247127,0.089952745,0.016125916,0.09798462264225925,0
2,2026-07-18 13:45:00,-0.14600532103926434,0.11502604258079942,0.07928787,0.013501219,0.06426363101611343,0
2,2026-07-18 15:15:00,-0.1436628696678779,0.12438617543097946,0.08178053,0.014114679,0.0692504271341692,0
2,2026-07-18 16:15:00,-0.16920908176126365,0.02230681449575577,0.07098928,0.011458882,0.01688284831321912,0
2,2026-07-18 16:45:00,-0.16920908176126365,0.02230681449575577,0.060423754,0.008858637,0.01558272572434621,0
2,2026-07-18 17:45:00,-0.04078895612891731,0.5354570344911951,0.0707154,0.011391478,0.2734242560752699,0
2,2026-07-18 18:30:00,-0.1325590984305695,0.1687554098103036,0.053311333,0.0071082227,0.08793181625175424,0
2,2026-07-18 18:45:00,-0.07337464311512687,0.40524884194085076,0.047889568,0.0057738908,0.20551136635218598,0
2,2026-07-18 19:30:00,-0.10975813899836762,0.2598650960150835,0.06167442,0.009166433,0.13451576427983628,0
2,2026-07-18 19:45:00,-0.04083994075189956,0.5352533065290015,0.073096104,0.011977385,0.2736153456636151,0
2,2026-07-18 20:30:00,-0.06337131323404865,0.44522085492468866,0.076254055,0.012754577,0.22898771606836216,0
2,2026-07-18 21:30:00,0.0007665141619053184,0.7015073215217387,0.08315432,0.014452778,0.3579800496623414,0
2,2026-07-18 22:00:00,-0.009735235573913203,0.6595436872336021,0.093608685,0.017025666,0.3382846767724927,0
2,2026-07-18 22:15:00,-0.046408764022315974,0.513001008672581,0.08507608,0.014925735,0.26396337187194124,0
2,2026-07-18 23:00:00,0.0015061886840224137,0.7044629652877015,0.096083015,0.017634615,0.3610487902948937,0
2,2026-07-18 23:15:00,-0.019415309883447307,0.6208633617234824,0.1077231,0.020499317,0.3206813393494784,0
2,2026-07-19 00:00:00,-0.05088802776356538,0.4951024498374947,0.1026419,0.0192488,0.25717562509485525,0
2,2026-07-19 00:45:00,-0.0783843306744273,0.3852307781015181,0.08913604,0.01592492,0.2005778487490785,0
2,2026-07-19 01:15:00,-0.1023692551548383,0.2893901206259673,0.089379646,0.01598487,0.15268749555968966,0
2,2026-07-19 01:30:00,-0.08656143342229905,0.35255613264907043,0.07473222,0.012380044,0.18246808831253966,0
2,2026-07-19 03:30:00,-0.023213982695281188,0.605684356256194,0.08251263,0.014294854,0.3099896053107416,0
2,2026-07-19 05:00:00,-0.0887686982038432,0.34373618793510674,0.07771376,0.01311382,0.17842500396456956,0
2,2026-07-19 05:45:00,-0.038131292066885814,0.5460767165027965,0.07309011,0.0119759105,0.27902631350869483,0
2,2026-07-19 06:45:00,-0.07983846980009357,0.3794202261450756,0.07656094,0.012830103,0.19612516448064984,0
2,2026-07-19 07:15:00,-0.14079167887273042,0.1358590826635799,0.0759502,0.012679796,0.07426943919908212,0
2,2026-07-19 07:45:00,-0.06490364406477245,0.43909785902338533,0.07653057,0.012822629,0.22596024398797407,0
2,2026-07-19 08:45:00,-0.0118148963677015,0.651233631558189,0.08168461,0.014091073,0.3326623520811246,0
2,2026-07-19 09:15:00,-0.01224626160085518,0.649509951852993,0.09285336,0.016839774,0.3331748630892415,0
2,2026-07-19 10:15:00,-0.15045549648443007,0.09724371681635625,0.087778315,0.015590773,0.05641724489020828,0
2,2026-07-19 11:00:00,-0.03471558534223451,0.5597254389951941,0.089429505,0.015997142,0.28786129029742463,0
2,2026-07-19 11:30:00,-0.07791237698279041,0.3871166440395758,0.09437583,0.017214464,0.20216555403164255,0
2,2026-07-19 12:30:00,-0.0169366001216098,0.6307679654865501,0.08947073,0.016007287,0.32338762645716657,0
2,2026-07-19 12:45:00,-0.12050566716425187,0.21691936289440553,0.09018426,0.016182892,0.11655112745946129,0
2,2026-07-19 13:15:00,-0.1128207263606652,0.24762739284371696,0.08414062,0.014695513,0.131161452952948,0
2,2026-07-19 14:30:00,-0.018663922778271114,0.6238658074571579,0.08060705,0.013825878,0.3188458425133869,0
2,2026-07-19 15:00:00,-0.04913564638634871,0.5021047392746586,0.07707657,0.012957004,0.2575308715867886,0
2,2026-07-19 15:15:00,-0.11310374509631516,0.24649648656445208,0.07612919,0.012723847,0.12961016692840788,0
2,2026-07-19 16:00:00,-0.11901008083019005,0.22289553253734107,0.06975619,0.01115541,0.11702547113788125,0
2,2026-07-19 20:00:00,-0.12897056339659185,0.18309473188369013,0.064203374,0.009788826,0.09644177899583448,0
2,2026-07-19 20:45:00,-0.010444627443543242,0.6567090490320652,0.06472094,0.009916203,0.3333126260642871,0
2,2026-07-19 21:30:00,0.008505014746300388,0.732429369431003,0.07031821,0.011293726,0.371861547736458,0
2,2026-07-19 21:45:00,-0.09913406887038317,0.3023175067768513,0.07944171,0.0135390805,0.1579282936424523,0
2,2026-07-19 22:00:00,-0.010146501790829432,0.6579003205989093,0.08676235,0.015340737,0.33662052883303617,0
2,2026-07-19 22:45:00,-0.04768995607409976,0.50788153086494,0.08758605,0.015543456,0.2617124935271372,0
2,2026-07-19 23:15:00,-0.06222127589728743,0.44981625544665593,0.0774443,0.013047504,0.23143187984272012,0
2,2026-07-19 23:45:00,0.005294819247638083,0.7196018432293622,0.08592684,0.015135113,0.36736847818962176,0
2,2026-07-20 00:45:00,-0.06143438803762047,0.45296055760577275,0.115888454,0.022508863,0.23773471048273123,0
2,2026-07-20 01:45:00,-0.10818387206904118,0.2661556631449441,0.11122664,0.02136156,0.1437586113871922,0
2,2026-07-20 03:15:00,-0.10423488710072942,0.2819352965573058,0.09350499,0.017000144,0.14946772045242715,0
2,2026-07-20 03:30:00,-0.11848263284657301,0.22500314649190226,0.08003497,0.013685086,0.11934411615131159,0
2,2026-07-20 05:30:00,-0.0264563507997998,0.5927282724807952,0.08902543,0.015897697,0.304312984659289,0
2,2026-07-20 07:15:00,-0.11621184020060887,0.23407694033926646,0.08270003,0.014340973,0.12420895689922531,0
2,2026-07-20 08:15:00,-0.03673492031909065,0.5516564374853777,0.092606224,0.016778953,0.28421769542940495,0
2,2026-07-20 08:30:00,-0.02077158718666683,0.615443852958054,0.10979429,0.021009048,0.31822645070253347,0
2,2026-07-20 09:00:00,-0.12002110147932565,0.21885562472718087,0.07411222,0.012227458,0.11554154133760496,0
2,2026-07-20 09:15:00,-0.11654901597170092,0.2327296295477449,0.06196635,0.0092382785,0.12098395402051504,0
2,2026-07-20 10:15:00,-0.1260657455256175,0.1947020085640185,0.061269164,0.009066697,0.10188435288704599,0
2,2026-07-20 10:30:00,-0.14238275388633914,0.1295013526018604,0.072156936,0.011746249,0.07062380088176054,0
2,2026-07-20 11:15:00,-0.12733858573346446,0.1896159036450307,0.07055597,0.011352241,0.10048407234215341,0
2,2026-07-20 12:45:00,-0.013337079906800664,0.6451511829223855,0.07008937,0.011237408,0.3281942954784445,0
2,2026-07-20 13:30:00,-0.06724030095812372,0.42976088015832925,0.07760895,0.013088026,0.22142445312116754,0
2,2026-07-20 15:00:00,-0.12005201729535958,0.21873208912307654,0.07063004,0.01137047,0.1150512794695528,0
2,2026-07-20 16:15:00,-0.116843923858936,0.23155121575576407,0.06484925,0.0099477805,0.12074949813774398,0
2,2026-07-20 19:15:00,-0.11760853056016768,0.22849594622526767,0.07242363,0.011811884,0.12015391517268718,0
2,2026-07-20 21:15:00,-0.008517139023034637,0.6644110435765521,0.08281419,0.014369069,0.33939005612192236,0
2,2026-07-20 21:45:00,-0.05335587249639384,0.4852412613257266,0.09221435,0.016682511,0.25096188626063354,0
2,2026-07-20 22:30:00,0.004891520495509338,0.717990313553934,0.097186774,0.017906256,0.36794828478700153,0
2,2026-07-20 23:30:00,0.04261457712378991,0.8687267710397443,0.098710805,0.018281331,0.4435040511627893,0
2,2026-07-21 02:00:00,-0.03347660653966311,0.564676238116271,0.087609835,0.01554931,0.2901127738339934,0
2,2026-07-21 02:15:00,-0.035300398491428964,0.5573886012550995,0.07786522,0.013151096,0.2852698487175904,0
2,2026-07-21 02:30:00,-0.09062262732667886,0.3363281268344451,0.0851035,0.014932483,0.1756303051345611,0
2,2026-07-21 02:45:00,-0.07682499618804028,0.39146167711984475,0.08444875,0.014771345,0.20311651109566967,0
2,2026-07-21 03:00:00,-0.06745678667514432,0.42889583122018204,0.07749332,0.013059568,0.22097769944013768,0
2,2026-07-21 03:45:00,-0.12663153453076909,0.19244118884409597,0.074147925,0.012236245,0.10233871691030826,0
2,2026-07-21 04:00:00,-0.12766262922092952,0.18832106776115345,0.05326616,0.007097105,0.09770908639556193,0
2,2026-07-21 04:15:00,-0.013000551548012163,0.646495906738039,0.07228922,0.011778805,0.32913735607147027,0
2,2026-07-21 05:00:00,-0.07617404410520234,0.39406279748840045,0.067269586,0.0105434405,0.2023031189785049,0
2,2026-07-21 06:15:00,-0.13398020678662848,0.1630768445390255,0.05096543,0.00653088,0.08480386226787123,0
2,2026-07-21 06:30:00,-0.14090720530366252,0.1353974539807221,0.049272314,0.0061141932,0.07075582360952003,0
2,2026-07-21 06:45:00,-0.06643673236750003,0.4329718363618802,0.059400074,0.008606702,0.22078926922559494,0
2,2026-07-21 07:15:00,-0.10337383978119596,0.2853759303307849,0.06006817,0.008771124,0.14707352731333762,0
2,2026-07-21 08:30:00,-0.13002484075875703,0.1788819758404504,0.06587284,0.010199692,0.09454083397036844,0
2,2026-07-21 10:30:00,-0.13887820274431456,0.14350508590035996,0.052083883,0.0068061394,0.07515561263446192,0
2,2026-07-21 12:00:00,-0.1493499432580782,0.10166136458399114,0.0548767,0.00749347,0.05457741722406058,0
2,2026-07-21 12:15:00,-0.051790451629631584,0.49149648073319124,0.04818387,0.00584632,0.24867140045950079,0
2,2026-07-21 14:15:00,-0.1511370116186066,0.0945204704458137,0.05504569,0.0075350595,0.05102776495824852,0
2,2026-07-21 15:00:00,-0.14969865135580485,0.10026797210612595,0.04761279,0.005705774,0.052986872968269885,0
2,2026-07-21 15:30:00,-0.10082717080697895,0.2955520903208189,0.060969684,0.008992992,0.15227254133116866,0
2,2026-07-21 16:15:00,-0.02922999241939317,0.5816451591426446,0.06471885,0.009915688,0.2957804236088849,0
2,2026-07-21 16:30:00,-0.12731726652301545,0.18970109245385774,0.06973484,0.011150156,0.10042562430081789,0
2,2026-07-21 16:45:00,-0.07640179135432479,0.39315274892385443,0.07376833,0.012142825,0.20264778693211893,0
2,2026-07-21 17:15:00,-0.013611339769137087,0.6440552759685427,0.08731655,0.01547713,0.32976620307904037,0
2,2026-07-21 20:15:00,-0.1204008815724864,0.21733807257251891,0.08422981,0.014717463,0.11602776798822956,0
2,2026-07-21 21:00:00,-0.07137498065357883,0.41323923462274,0.09103891,0.016393228,0.21481623106272182,0
2,2026-07-21 22:00:00,-0.04928379820223305,0.5015127437713103,0.09189591,0.01660414,0.2590584420860984,0
2,2026-07-21 23:00:00,0.03365276768225889,0.8329165390855674,0.098355986,0.018194007,0.42555527292075773,0
2,2026-07-21 23:15:00,-0.040021594650807235,0.5385233117539626,0.09197685,0.016624061,0.2775736865723601,0
2,2026-07-22 00:15:00,-0.0820232305292572,0.37069020471512204,0.09169074,0.016553648,0.1936219262656516,0
2,2026-07-22 01:15:00,-0.08994999330927489,0.3390158854105068,0.06523954,0.010043833,0.17452985940764312,0
2,2026-07-22 01:30:00,-0.0563054595635305,0.47345509272525266,0.074518934,0.012327553,0.24289132274915554,0
2,2026-07-22 01:45:00,-0.09353320222710154,0.3246978458087045,0.0720612,0.0117226895,0.16821026765159755,0
2,2026-07-22 05:30:00,-0.12256128089082202,0.20870539619081413,0.058345813,0.00834724,0.10852631823372441,0
2,2026-07-22 06:30:00,-0.13631408586838867,0.15375096544997452,0.06615221,0.010268446,0.08200970575400471,0
2,2026-07-22 07:15:00,-0.053616702932717475,0.48419901662208753,0.06750115,0.01060043,0.24739972329084137,0
2,2026-07-22 07:45:00,-0.08107595621232089,0.37447539042287886,0.07452499,0.012329044,0.19340221712168962,0
2,2026-07-22 08:30:00,-0.08431317987468984,0.36153986317324155,0.07174122,0.01164394,0.1865919014123952,0
2,2026-07-22 08:45:00,-0.12566943040015954,0.1962856325701069,0.081014894,0.013926251,0.10510594171510096,0
2,2026-07-22 09:45:00,-0.0643024988433969,0.4414999576125209,0.08894967,0.015879052,0.22868950468618,0
2,2026-07-22 12:30:00,-0.059484175888775415,0.46075335323099015,0.089572676,0.016032377,0.23839286524446665,0
2,2026-07-22 13:00:00,-0.13193483382531895,0.17124989046855177,0.09078161,0.016329903,0.09378989681205852,0
2,2026-07-22 13:30:00,-0.1208553698878696,0.2155219960200638,0.06580179,0.0101822065,0.11285210126950594,0
2,2026-07-22 13:45:00,-0.04810480483326285,0.5062238488545765,0.07663287,0.012847806,0.25953582759081073,0
2,2026-07-22 14:00:00,-0.11928399335787465,0.22180101348786385,0.068701014,0.010895724,0.11634836894809619,0
2,2026-07-22 16:30:00,-0.08748187995473011,0.34887814729992617,0.07531036,0.012522327,0.18070023704113597,0
2,2026-07-22 17:15:00,-0.1393699565512696,0.14154010126123098,0.06534998,0.010071013,0.075805557192014,0
2,2026-07-22 18:00:00,-0.16589147342197802,0.03556354852229777,0.056833345,0.007975012,0.021769280293138935,0
2,2026-07-22 18:30:00,-0.09711449223263185,0.31038747393236316,0.054140266,0.0073122284,0.15884985118493813,0
2,2026-07-22 18:45:00,-0.08111608974491358,0.37431502201506334,0.060977224,0.0089948485,0.19165493524123647,0
2,2026-07-22 21:15:00,-0.004192718827124131,0.6816908676224901,0.07032668,0.011295811,0.34649333944782384,0
2,2026-07-22 22:00:00,-0.05870266440865601,0.46387617207248816,0.06596053,0.010221273,0.23704872238973682,0
2,2026-07-22 23:45:00,-0.0817319128293863,0.3718542725825316,0.07333993,0.012037393,0.19194583264410528,0
2,2026-07-23 00:15:00,-0.11968057744571958,0.2202163147428483,0.06889857,0.010944345,0.11558032988875361,0
2,2026-07-23 00:45:00,-0.015061060457255193,0.6382623795173313,0.070384756,0.011310104,0.3247862418990208,0
2,2026-07-23 01:00:00,-0.10270806761278028,0.2880362698453827,0.06969808,0.011141109,0.14958868956283547,0
2,2026-07-23 04:45:00,0.003383404354470043,0.7119640764221579,0.08253525,0.014300421,0.3631322486512378,0
2,2026-07-23 06:15:00,-0.1292858910587129,0.18183472331111394,0.08416651,0.014701885,0.09826830424117428,0
2,2026-07-23 06:30:00,-0.04601604611887644,0.5145702586445292,0.09696625,0.017851984,0.2662111213864426,0
2,2026-07-23 08:00:00,-0.05470199383511121,0.4798623344814954,0.09503455,0.01737658,0.248619456912884,0
2,2026-07-23 08:15:00,-0.14829942492535397,0.10585910003154861,0.0987724,0.01829649,0.06207779476180368,0
2,2026-07-23 09:30:00,-0.05562988098104771,0.47615461740269877,0.07933002,0.0135115925,0.24483310496248115,0
2,2026-07-23 09:45:00,-0.17129643786020676,0.013966009375785638,0.07473707,0.012381238,0.013173623653667595,0
2,2026-07-23 10:30:00,-0.06176369424244921,0.45164469258366935,0.071140565,0.011496114,0.2315704030984586,0
2,2026-07-23 10:45:00,-0.17267338908662078,0.008463890285977119,0.0725024,0.01183127,0.010147579942737218,0
2,2026-07-23 12:00:00,-0.16396588693370512,0.04325794319145077,0.064152785,0.009776375,0.02651715922396478,0
2,2026-07-23 14:00:00,-0.09250461760329082,0.3288079369910125,0.05123257,0.0065966253,0.1677022811539503,0
2,2026-07-23 14:45:00,-0.14778096335656954,0.10793080543419385,0.043996073,0.0048156762,0.05637324084187877,0
2,2026-07-23 15:30:00,-0.10752148451520727,0.26880247817723296,0.043328114,0.0046512866,0.13672688240825306,0
2,2026-07-23 16:00:00,-0.05524106006770235,0.47770829550602983,0.04698391,0.005551002,0.2416296487471906,0
2,2026-07-23 17:15:00,-0.1479875345785172,0.10710537353662161,0.054277714,0.0073460555,0.05722571450351431,0
2,2026-07-23 20:00:00,-0.14801645484475523,0.10698981189151893,0.061814293,0.009200857,0.05809533445621674,0
2,2026-07-23 21:45:00,-0.14070552251681834,0.13620335232359304,0.063791,0.009687338,0.07294534517398543,0
2,2026-07-23 22:00:00,-0.012965320097325428,0.6466366870602949,0.073459156,0.012066734,0.32935171054184353,0
2,2026-07-23 22:30:00,0.01235977003962796,0.7478324732440504,0.082906246,0.014391725,0.38111209909780785,0
2,2026-07-23 23:30:00,-0.013818261795982778,0.6432284422999497,0.09068864,0.016307022,0.3297677323612509,0
2,2026-07-23 23:45:00,0.01695547651270768,0.7661963221819253,0.09739876,0.017958427,0.39207737451498964,0
2,2026-07-24 00:15:00,-0.0855540326026194,0.35658157608869273,0.09758423,0.018004075,0.18729282539070943,0
2,2026-07-24 01:00:00,-0.005033923126544493,0.6783295239920962,0.09360382,0.017024469,0.34767699631132426,0
2,2026-07-24 01:15:00,0.011004508170213145,0.7424170220208314,0.08450138,0.014784298,0.37860065996334685,0
2,2026-07-24 02:00:00,0.017975705412640042,0.7702730249718355,0.09691443,0.017839232,0.3940561287157499,0
2,2026-07-24 02:15:00,-0.08646854735897985,0.3529272933498723,0.09787313,0.018075174,0.18550123353529485,0
2,2026-07-24 02:30:00,0.036225188869699054,0.8431956015904195,0.09754803,0.017995164,0.43059538269437586,1
2,2026-07-24 02:45:00,0.026819547891042017,0.8056118761920051,0.09866869,0.018270966,0.411941420928792,0
2,2026-07-24 03:15:00,-0.014166515522848977,0.6418368654293022,0.09202993,0.016637124,0.32923699477524565,0
2,2026-07-24 03:30:00,0.04941367679878039,0.8958950943598819,0.094031006,0.017129602,0.4565123481352961,0
2,2026-07-24 04:15:00,-0.01506597986029734,0.6382427222187507,0.09522634,0.01742378,0.32783325142687497,0
2,2026-07-24 05:15:00,-0.002281209489002678,0.6893290118195184,0.09006451,0.016153421,0.3527412165362422,0
2,2026-07-24 05:30:00,-0.002281209489002678,0.6893290118195184,0.08677643,0.0153442025,0.3523366071689908,0
2,2026-07-24 07:00:00,-0.13500942012524886,0.15896424109361768,0.07691093,0.012916238,0.08594023957040012,0
2,2026-07-24 07:30:00,-0.14454546084004732,0.12085945520753576,0.075169995,0.012487783,0.06667361915213324,0
2,2026-07-24 07:45:00,0.04961490885662234,0.8966991916479298,3.874556,0.9475416,0.92212039307662,1
2,2026-07-24 09:15:00,-0.14612846754262654,0.1145339650736266,3.9909823,0.97619486,0.545364411812326,0
2,2026-07-24 09:30:00,-0.15536970886337043,0.07760715945480215,4.01831,0.9829204,0.5302637838518518,0
2,2026-07-24 09:45:00,-0.045891189454831505,0.5150691697327023,3.0734143,0.7503754,0.6327222798927489,0
2,2026-07-24 10:15:00,-0.11870463889219224,0.22411603903433774,2.0865793,0.5075088,0.36581242668460356,0
2,2026-07-24 11:00:00,-0.10250217439529918,0.28885899252475833,1.5925517,0.38592538,0.33739218745023775,0
2,2026-07-24 14:15:00,-0.16034825340656583,0.05771353908168572,0.56439596,0.13288951,0.09530152414136776,0
2,2026-07-24 14:45:00,-0.06322742345908439,0.4457958198635129,0.07664,0.012849562,0.2293226908668055,0
2,2026-07-24 15:00:00,-0.135942025899362,0.15523766898664698,0.076673955,0.012857918,0.08404779334144227,0
2,2026-07-24 15:15:00,-0.135942025899362,0.15523766898664698,0.07264061,0.011865285,0.08355147710592978,0
2,2026-07-24 15:30:00,-0.135942025899362,0.15523766898664698,0.06616722,0.010272142,0.08275490526632898,0
2,2026-07-24 16:00:00,-0.0530371744486372,0.4865147375235823,0.07738827,0.013033716,0.24977422676582473,0
2,2026-07-24 16:30:00,-0.08625811813382267,0.35376814132951073,0.07181149,0.011661233,0.18271468735497381,0
2,2026-07-24 17:15:00,-0.12426662176129899,0.20189107453723015,0.07610018,0.012716707,0.10730389068970711,0
2,2026-07-24 17:30:00,-0.10287750072440749,0.28735923703547156,0.077359594,0.0130266575,0.15019294727487284,0
2,2026-07-24 18:30:00,-0.13701626981763876,0.1509451291664427,0.06638899,0.01032672,0.08063592450464693,0
2,2026-07-24 19:00:00,-0.09357122318386168,0.324545918980804,0.06907275,0.010987212,0.16776656546546365,0
2,2026-07-24 19:15:00,-0.13638377629447523,0.15347249151684444,0.06896189,0.010959927,0.08221620925474962,0
2,2026-07-24 20:00:00,-0.03164625425160639,0.5719900892331468,0.07749026,0.013058816,0.2925244526579612,0
2,2026-07-24 21:45:00,-0.0013128188216108283,0.693198575733794,0.065834984,0.010190376,0.3516944759071833,0
2,2026-07-24 22:00:00,-0.07375032610268883,0.40374766129049167,0.079081915,0.013450532,0.20859909675539784,0
2,2026-07-25 00:45:00,-0.025453101929446276,0.5967371252676703,0.080270514,0.013743054,0.3052400896947015,0
2,2026-07-25 01:00:00,0.012316384659203483,0.7476591108726949,0.0917505,0.016568355,0.3821137330674872,0
2,2026-07-25 05:45:00,-0.018283594723611296,0.6253855491951302,0.09046953,0.016253099,0.32081932402030605,0
3,2026-07-17 15:30:00,-0.16443620860177038,0.04137859860859885,,,0.04137859860859885,0
3,2026-07-17 17:45:00,-0.1454456535868392,0.11726240136741557,,,0.11726240136741557,0
3,2026-07-18 00:00:00,-0.1016194944411643,0.2923860675094583,,,0.2923860675094583,0
3,2026-07-18 01:15:00,0.008617779890454647,0.7328799643688731,,,0.7328799643688731,0
3,2026-07-18 03:30:00,-0.10326151434360292,0.28582476825808123,,,0.28582476825808123,0
3,2026-07-18 03:45:00,-0.05750739824277096,0.46865230114849443,,,0.46865230114849443,0
3,2026-07-18 04:45:00,-0.07978505437691674,0.3796336672705952,,,0.3796336672705952,0
3,2026-07-18 05:45:00,-0.03894579266165199,0.5428220774239714,,,0.5428220774239714,0
3,2026-07-18 06:00:00,-0.11530385211298394,0.2377051433535813,0.107171185,0.020363485,0.12903431439709656,0
3,2026-07-18 07:00:00,-0.14915370848461762,0.10244549336969522,0.09183254,0.016588544,0.05951701892137362,0
3,2026-07-18 07:30:00,-0.1579104482280715,0.06745469341781965,0.07164574,0.01162044,0.03953756650342162,0
3,2026-07-18 10:30:00,-0.0478189021711628,0.5073662789311046,0.07311939,0.011983115,0.2596746970785675,0
3,2026-07-18 12:00:00,0.01718390681714621,0.7671091001472098,1.3010147,0.3141762,0.5406426509837916,1
3,2026-07-18 12:45:00,-0.04136673195217111,0.5331483169957805,1.1672429,0.28125408,0.4072011999569738,0
3,2026-07-18 13:30:00,-0.15871585839058133,0.06423637853108831,1.0373462,0.24928567,0.15676102333288883,0
3,2026-07-18 13:45:00,-0.15871585839058133,0.06423637853108831,0.7886761,0.18808632,0.12616134726029132,0
3,2026-07-18 15:45:00,-0.16127416272102368,0.05401372516178563,0.66059095,0.15656373,0.10528872710478045,0
3,2026-07-18 16:15:00,-0.16920908176126365,0.02230681449575577,0.5317864,0.12486408,0.07358544677696305,0
3,2026-07-18 16:30:00,-0.15906568052718845,0.0628385344978786,0.40292588,0.09315065,0.07799459372146013,0
3,2026-07-18 17:15:00,-0.045840787213934586,0.5152705705713727,0.28987476,0.06532803,0.29029930117485414,0
3,2026-07-18 19:15:00,-0.02970172478359845,0.5797601776003906,0.16197623,0.033851366,0.3068057720452581,0
3,2026-07-18 19:30:00,-0.12794982862746423,0.18717345606150623,0.05097251,0.006532623,0.0968530395142108,0
3,2026-07-18 20:45:00,-0.034102470539867924,0.5621753664825538,0.058522526,0.008390731,0.28528304883038896,0
3,2026-07-18 22:15:00,-0.07720959032943797,0.38992488865078356,0.062050905,0.009259088,0.19959198830783798,0
3,2026-07-18 23:30:00,0.028097990530281947,0.8107203677025623,0.074906126,0.012422843,0.4115716053037438,0
3,2026-07-18 23:45:00,0.030627675985477443,0.8208286637461994,0.087390706,0.01549538,0.4181620220664548,0
3,2026-07-19 00:00:00,0.03771680994029192,0.8491559265531586,0.09422508,0.017177364,0.4331666452053928,0
3,2026-07-19 00:45:00,-0.06597372327471462,0.43482196083927654,0.09929159,0.018424267,0.22662311389428627,0
3,2026-07-19 01:15:00,-0.03685527651952081,0.5511755096679937,0.08716751,0.01544045,0.2833079798589652,0
3,2026-07-19 01:30:00,-0.0712971158737592,0.4135503722166148,0.08246055,0.0142820375,0.21391620486031607,0
3,2026-07-19 02:00:00,0.017601188512952892,0.7687765038578734,0.08678498,0.015346307,0.3920614055826776,0
3,2026-07-19 04:15:00,0.011613373800274163,0.744849970364987,0.09472551,0.017300524,0.3810752470912631,0
3,2026-07-19 05:15:00,-0.0822995765784934,0.36958596162812796,0.090172246,0.016179936,0.1928829488173966,0
3,2026-07-19 05:45:00,-0.042965122595051364,0.5267613546252495,0.0896945,0.016062358,0.27141185650975735,0
3,2026-07-19 06:45:00,-0.1050609054333419,0.27863463408704897,0.103948824,0.019570442,0.14910253800181697,0
3,2026-07-19 07:15:00,-0.12029194377349173,0.21777337393392684,0.08884363,0.015852954,0.11681316408629001,0
3,2026-07-19 10:00:00,-0.14101705954219113,0.13495849064541302,0.08208343,0.014189224,0.07457385720214467,0
3,2026-07-19 10:30:00,-0.0775392751124998,0.3886075108790029,0.08882406,0.01584814,0.20222782508997267,0
3,2026-07-19 11:00:00,-0.12029347078899533,0.21776727217738556,0.082907744,0.014392094,0.11607968296634519,0
3,2026-07-19 11:30:00,-0.07965552281445298,0.3801512586484835,0.08515946,0.014946256,0.197548757240697,0
3,2026-07-19 12:15:00,-0.03770349431423936,0.5477861410170862,0.085157365,0.01494574,0.2813659404486452,0
3,2026-07-19 12:30:00,-0.025935472279365657,0.5948096357097715,0.08331186,0.014491551,0.30465059316707105,0
3,2026-07-19 13:15:00,-0.0275760193424609,0.5882542217340032,0.084056176,0.014674731,0.3014644761664649,0
3,2026-07-19 13:45:00,-0.11998060390326731,0.219017447805622,0.082813896,0.014368997,0.11669322238053817,0
3,2026-07-19 14:00:00,-0.10912539107788422,0.2623934749042872,0.08281597,0.014369507,0.13838149111225623,0
3,2026-07-19 15:15:00,-0.12796597497790663,0.18710893733252323,0.07889704,0.013405032,0.1002569848942222,0
3,2026-07-19 15:45:00,-0.13535349849272066,0.1575893484193237,0.07260624,0.011856827,0.08472308768645681,0
3,2026-07-19 19:30:00,-0.022229610947329004,0.6096177785023699,0.075828865,0.012649936,0.31113385708628344,0
3,2026-07-19 20:00:00,-0.1378918551366451,0.14744640342652873,0.07342871,0.012059242,0.07975282294556536,0
3,2026-07-19 22:00:00,-0.07475180800059789,0.3997458690970721,0.07402407,0.012205763,0.20597581594286274,0
3,2026-07-19 22:15:00,-0.06549354246553707,0.4367407012754328,0.074154936,0.012237971,0.22448933599634205,0
3,2026-07-19 22:45:00,-0.054219611938572054,0.48178987017819414,0.05989164,0.00872768,0.2452587750693119,0
3,2026-07-20 01:00:00,0.07546679836105186,1.0,3.884763,0.95005363,0.9750268161296844,1
3,2026-07-20 02:15:00,-0.098672777297939,0.30416076826500354,3.962914,0.9692871,0.6367239328595373,0
3,2026-07-20 02:30:00,-0.08185723506986264,0.3713535011111279,3.9975708,0.97781634,0.6745849222093115,0
3,2026-07-20 02:45:00,0.014498163579727219,0.7563772173808089,3.0513062,0.74493444,0.7506558285199638,0
3,2026-07-20 03:30:00,0.012387632962759132,0.7479438098827905,2.575148,0.6277488,0.6878462986429486,0
3,2026-07-20 03:45:00,0.007308089654732841,0.7276466115024339,1.1068352,0.26638737,0.4970169923557168,0
3,2026-07-20 05:30:00,-0.07484044682791635,0.3993916798022506,0.06803261,0.010731225,0.2050614523521124,0
3,2026-07-20 05:45:00,-0.08663253415006128,0.35227202333276686,0.069492005,0.011090392,0.18168120778980462,0
3,2026-07-20 06:15:00,-0.02976917177259575,0.5794906681518398,0.07629804,0.012765403,0.2961280355287414,0
3,2026-07-20 06:45:00,-0.11145162516237961,0.25309814423596844,0.08563744,0.01506389,0.13408101724597804,0
3,2026-07-20 08:00:00,-0.0574026985531616,0.46907066757269733,0.08463664,0.014817587,0.24194412733633336,0
3,2026-07-20 08:45:00,-0.1018962628705703,0.2912801366459107,0.08822231,0.015700044,0.15349009037816402,0
3,2026-07-20 09:00:00,-0.0196123440430791,0.6200760386939821,0.08917143,0.01593363,0.3180048339096694,0
3,2026-07-20 10:15:00,-0.13061682878671604,0.1765164682123741,0.08062946,0.013831394,0.0951739310027997,0
3,2026-07-20 10:45:00,-0.04077390946091841,0.5355171590312998,0.08501741,0.014911297,0.2752142279043635,0
3,2026-07-20 11:00:00,-0.12178489224915029,0.2118077448321509,0.08713677,0.015432884,0.11362031440874575,0
3,2026-07-20 13:00:00,-0.011874343154483213,0.6509960898834332,0.09775814,0.018046873,0.3345214812868766,0
3,2026-07-20 13:45:00,-0.11771375716251109,0.22807547432589823,0.090471774,0.016253652,0.12216456318849471,0
3,2026-07-20 14:30:00,-0.14737629352865073,0.10954781375122787,0.080313176,0.013753554,0.061650683801833396,0
3,2026-07-20 14:45:00,-0.14737629352865073,0.10954781375122787,0.07518813,0.012492246,0.061020029872868066,0
3,2026-07-20 15:00:00,-0.08092353083651427,0.37508446251919486,0.070679426,0.0113826245,0.19323354351307262,0
3,2026-07-20 16:00:00,-0.116843923858936,0.23155121575576407,0.07919426,0.013478181,0.12251469854033163,0
3,2026-07-20 16:15:00,-0.14322686298883391,0.12612840175391138,0.069362395,0.011058494,0.06859344810128659,0
3,2026-07-20 17:45:00,-0.11263645519559146,0.24836371659695108,0.069606066,0.011118463,0.1297410899187575,0
3,2026-07-20 21:30:00,-0.008517139023034637,0.6644110435765521,0.066579334,0.010373565,0.3373923044724532,0
3,2026-07-20 22:00:00,0.008196383062742063,0.7311961171231138,0.07407491,0.012218275,0.3717071961152786,0
3,2026-07-20 22:30:00,-0.0804622386553765,0.376927726439608,0.067113526,0.010505034,0.19371638004828137,0
3,2026-07-20 22:45:00,0.014371589596051781,0.7558714441054057,0.06995893,0.011205306,0.3835383751910424,0
3,2026-07-20 23:15:00,-0.04189623414050203,0.5310324947047483,0.07013977,0.011249812,0.27114115351231155,0
3,2026-07-20 23:45:00,-0.05081219064043896,0.4954054851773569,0.07196382,0.011698722,0.25355210354269486,0
3,2026-07-21 02:30:00,-0.09192041826903136,0.3311423220059803,0.0647734,0.009929114,0.1705357180136706,0
3,2026-07-21 02:45:00,-0.05386966196118548,0.4831882250466314,0.07761395,0.013089256,0.24813874070387915,0
3,2026-07-21 04:45:00,-0.006305522039353528,0.6732483791276065,0.09022728,0.016193481,0.34472093014489846,0
3,2026-07-21 05:45:00,-0.03768317320651937,0.5478673415364418,0.0865455,0.015287369,0.2815773550473945,0
3,2026-07-21 06:15:00,-0.10455928485163857,0.28063904508250487,0.08685698,0.015364028,0.14800153633230692,0
3,2026-07-21 06:30:00,-0.10733253186268094,0.26955750854910937,0.08751729,0.015526534,0.1425420213036315,0
3,2026-07-21 09:15:00,-0.03018039403236228,0.5778474771642345,0.08943233,0.015997836,0.29692265676526514,0
3,2026-07-21 09:30:00,-0.07834999248247998,0.3853679890773309,0.10225547,0.019153696,0.20226084231543603,0
3,2026-07-21 09:45:00,-0.02771662804019359,0.5876923675556218,0.09648026,0.017732378,0.3027123728255051,0
3,2026-07-21 11:00:00,-0.14822937497103228,0.10613901059302679,0.08998135,0.016132955,0.06113598255054648,0
3,2026-07-21 11:15:00,-0.05951344604316,0.46063639347808705,0.09223762,0.016688239,0.23866231615373068,0
3,2026-07-21 12:45:00,-0.1009103971364948,0.29521952866749407,0.092948236,0.016863124,0.1560413265562874,0
3,2026-07-21 13:15:00,-0.10159688111513943,0.2924764274368245,0.09470407,0.017295247,0.15488583719032797,0
3,2026-07-21 13:30:00,-0.12771486794272513,0.18811232858223037,0.088936426,0.015875792,0.10199406035652914,0
3,2026-07-21 14:00:00,-0.10199369687298515,0.29089080296843584,0.07609798,0.012716167,0.1518034848217633,0
3,2026-07-21 14:45:00,-0.032890560134476776,0.5670180037878749,0.069103636,0.0109948125,0.28900640813076484,0
3,2026-07-21 15:30:00,-0.0311439982380749,0.5739970393320399,0.08199703,0.014167961,0.2940825000326076,0
3,2026-07-21 17:15:00,-0.07971366982904637,0.3799189106953589,0.085041985,0.014917345,0.19741812774079281,0
3,2026-07-21 18:00:00,-0.07498011544283745,0.3988335820732513,0.081692934,0.0140931215,0.20646335179348782,0
3,2026-07-21 18:15:00,-0.04514872027912065,0.5180359805731356,0.086724,0.015331299,0.2666836398086637,0
3,2026-07-21 20:00:00,-0.07136996852156163,0.4132592624543171,0.088382766,0.015739532,0.21449939732094908,0
3,2026-07-21 20:15:00,-0.01853345511476223,0.6243871393738042,0.09374253,0.017058605,0.3207228723510032,0
3,2026-07-21 22:30:00,0.011472155679772778,0.7442856810120074,0.09837138,0.018197795,0.3812417381940945,0
3,2026-07-21 23:30:00,-0.05720532411603518,0.46985935030707543,0.090922914,0.01636468,0.243112015455111,0
3,2026-07-22 00:00:00,-0.09584443574940299,0.31546245544765433,0.09903774,0.01836179,0.1669121227766774,0
3,2026-07-22 00:30:00,-0.09154258302332258,0.33265210280165225,0.08689808,0.015374142,0.17401312227346077,0
3,2026-07-22 01:15:00,-0.1045771458141776,0.2805676749852471,0.078536585,0.013316323,0.14694199901730678,0
3,2026-07-22 01:30:00,-0.08994999330927489,0.3390158854105068,0.06795079,0.01071109,0.1748634875592089,0
3,2026-07-22 02:00:00,-0.09601364056414252,0.3147863348825923,0.047073197,0.005572976,0.1601796554807152,0
3,2026-07-22 02:15:00,-0.09332255236871045,0.3255395754102224,0.051860165,0.0067510805,0.1661453279597488,0
3,2026-07-22 02:45:00,-0.12438924384669925,0.20140109253643704,0.04783326,0.0057600327,0.10358056261002398,0
3,2026-07-22 03:00:00,-0.11011600626744017,0.258435104672609,0.032331154,0.0019448629,0.1301899837804018,0
3,2026-07-22 04:30:00,-0.12193386295073505,0.21121247716740849,0.03438552,0.0024504561,0.10683146665584833,0
3,2026-07-22 06:30:00,-0.1424786780960975,0.12911805186065645,0.03819697,0.0033884787,0.06625326525708095,0
3,2026-07-22 07:45:00,-0.07857200759639815,0.3844808453840161,0.04710831,0.0055816183,0.19503123183534268,0
3,2026-07-22 08:45:00,-0.0505649610949549,0.49639338247951126,0.063569985,0.009632945,0.2530131637701206,0
3,2026-07-22 10:00:00,-0.03333848696229136,0.5652281460914812,0.07234841,0.011793372,0.28851075915638613,0
3,2026-07-22 10:30:00,-0.06052897317394512,0.45657847834984905,0.076348476,0.012777815,0.23467814649572197,0
3,2026-07-22 10:45:00,-0.1353527979398873,0.157592147737879,0.08894215,0.0158772,0.08673467401421986,0
3,2026-07-22 11:45:00,-0.1511483773166532,0.09447505458576608,0.076427385,0.0127972355,0.05363614504850471,0
3,2026-07-22 12:00:00,-0.17107816642433726,0.01483819381559701,0.07788891,0.013156927,0.013997560503159022,0
3,2026-07-22 13:00:00,-0.17089072316146509,0.0155871928615479,0.074020065,0.012204777,0.013895985155458666,0
3,2026-07-22 14:00:00,-0.10944907035838819,0.26110009434434217,0.07806358,0.013199912,0.1371500033642473,0
3,2026-07-22 15:45:00,-0.16037405552731454,0.05761043714284746,0.06641238,0.010332477,0.033971457210927446,0
3,2026-07-22 19:00:00,-0.0813517446088392,0.37337337564405265,0.06694016,0.010462366,0.191917870844287,0
3,2026-07-22 19:30:00,-0.1306879302952333,0.1762323557762744,0.06390148,0.009714527,0.09297344141594778,0
3,2026-07-22 20:00:00,-0.033846735885142754,0.5631972491017032,0.06243736,0.009354197,0.28627572326094153,0
3,2026-07-22 20:15:00,-0.02231426474574305,0.6092795128678696,0.077252105,0.013000204,0.3111398585478672,0
3,2026-07-22 21:30:00,-0.13458886655152286,0.1606447188054617,0.07702216,0.012943612,0.08679416560853996,0
3,2026-07-22 22:45:00,-0.0875343890256261,0.3486683278409484,0.076051906,0.012704827,0.18068657736618535,0
3,2026-07-22 23:15:00,0.020744262140525604,0.7813358197400918,0.08332842,0.014495624,0.3979157219847019,0
3,2026-07-23 00:00:00,-0.08477140112569304,0.35970887029263926,0.08304251,0.014425261,0.18706706561939693,0
3,2026-07-23 01:00:00,-0.03610021826813459,0.554192624827322,0.08260306,0.014317109,0.2842548670384271,0
3,2026-07-23 01:15:00,-0.029679493868081663,0.5798490094648041,0.06860669,0.01087251,0.2953607598633189,0
3,2026-07-23 01:30:00,0.007238269429154731,0.7273676189073159,0.061088584,0.009022255,0.36819493716772567,0
3,2026-07-23 02:15:00,-0.10269108783536868,0.28810411884079007,0.07063319,0.011371245,0.1497376817586006,0
3,2026-07-23 02:30:00,0.0018958300080414991,0.7060199216460228,0.080487885,0.01379655,0.359908235933882,0
3,2026-07-23 03:45:00,-0.1201876861891783,0.2181899737625222,0.07785305,0.013148099,0.11566903647327922,0
3,2026-07-23 04:30:00,-0.07171945541442726,0.41186275801175837,0.06660081,0.01037885,0.21112080385220053,0
3,2026-07-23 07:00:00,-0.15181356546963654,0.09181704872133496,0.06862057,0.010875926,0.05134648753718616,0
3,2026-07-23 07:15:00,-0.05269288132075556,0.48789048835271004,0.08537566,0.014999464,0.2514449762534767,0
3,2026-07-23 08:00:00,-0.13111674960771436,0.17451884924095198,0.08605989,0.0151678575,0.09484335338061713,0
3,2026-07-23 08:15:00,-0.05567679735151754,0.475967145651605,0.09110821,0.016410282,0.2461887137666475,0
3,2026-07-23 08:45:00,-0.12189965346821585,0.21134917383698593,0.07733055,0.013019511,0.11218434219091122,0
3,2026-07-23 09:30:00,-0.15756002244598577,0.06885494954032313,0.07831903,0.01326278,0.041058864961776194,0
3,2026-07-23 12:45:00,-0.16396588693370512,0.04325794319145077,0.080999866,0.013922553,0.028590247884801,0
3,2026-07-23 13:30:00,-0.16250645818167392,0.04908963181100968,0.076369874,0.012783081,0.030936356540882008,0
3,2026-07-23 14:45:00,-0.10867847852801871,0.2641792796771214,0.07177211,0.011651542,0.13791541085742343,0
3,2026-07-23 15:45:00,-0.16435072313317384,0.041720187489630765,0.06963498,0.01112558,0.026422883948654923,0
3,2026-07-23 16:00:00,-0.15910177983875168,0.06269428631575652,0.07259888,0.0118550155,0.037274650923469405,0
3,2026-07-23 17:00:00,-0.1598711354019871,0.059620040946621516,0.062655926,0.009407989,0.034514014848033,0
3,2026-07-23 17:15:00,-0.05275797190321252,0.48763039480006043,0.065655224,0.010146135,0.24888826513218554,0
3,2026-07-23 17:45:00,-0.13517446377423503,0.15830474800895453,0.0629053,0.00946936,0.08388705406104922,0
3,2026-07-23 18:45:00,-0.156987849302277,0.07114127945258485,0.063654535,0.009653753,0.04039751606113844,0
3,2026-07-23 19:00:00,-0.13177631021902847,0.17188333030550787,0.049630273,0.0062022894,0.08904280983723258,0
3,2026-07-23 19:30:00,-0.12613827544099104,0.19441218839878413,0.051415633,0.0066416785,0.10052693345544027,0
3,2026-07-23 20:30:00,-0.07714063119147685,0.3902004404511046,0.05786597,0.008229149,0.19921479451263902,0
3,2026-07-23 21:00:00,-0.11497046320522109,0.2390373223288015,0.06299274,0.00949088,0.12426410125633854,0
3,2026-07-23 21:30:00,-0.11726842667566545,0.22985495737943262,0.048586734,0.005945468,0.11790021261760697,0
3,2026-07-23 22:00:00,-0.004317208190959265,0.6811934242184712,0.056356836,0.007857741,0.34452558253758914,0
3,2026-07-23 22:30:00,-0.06748136773707425,0.4287976084745263,0.056898158,0.007990963,0.21839428565012092,0
3,2026-07-23 23:30:00,-0.09787572808052597,0.30734567389602296,0.052389868,0.006881444,0.1571135588398319,0
3,2026-07-23 23:45:00,-0.08483256614996354,0.35946446276301036,0.061704163,0.009173753,0.18431910775151794,0
3,2026-07-24 00:00:00,-0.03488581661777068,0.5590452168254886,0.05991795,0.0087341545,0.2838896856702285,0
3,2026-07-24 01:00:00,-0.012053027461549015,0.6502820904925352,0.07498301,0.012441765,0.3313619275391045,0
3,2026-07-24 02:00:00,-0.10056460841617154,0.2966012556906697,0.07925547,0.0134932455,0.15504725057910665,0
3,2026-07-24 02:30:00,-0.11292274463826973,0.24721974099523492,0.078119375,0.013213645,0.13021669286537502,0
3,2026-07-24 02:45:00,-0.015840509830228222,0.635147800589403,0.07400886,0.01220202,0.3236749101963145,0
3,2026-07-24 03:00:00,0.0030192170008452868,0.7105088308388673,0.083390966,0.014511018,0.3625099244495075,0
3,2026-07-24 03:45:00,-0.08824135959529117,0.3458433648410481,0.079356074,0.013518005,0.17968068475961893,0
3,2026-07-24 04:15:00,-0.01506597986029734,0.6382427222187507,0.08175492,0.014108377,0.3261755493981236,0
3,2026-07-24 04:30:00,-0.06332836892904603,0.4453924548156803,0.08268655,0.014337657,0.22986505591758813,0
3,2026-07-24 06:45:00,-0.12653534537473093,0.19282554827638204,0.08568556,0.015075732,0.10395064014945296,0
3,2026-07-24 07:30:00,-0.08813379068751853,0.34627319629010167,0.07847574,0.013301349,0.17978727276755674,0
3,2026-07-24 07:45:00,-0.1306946862623808,0.176205359804958,0.07547636,0.012563182,0.0943842709230035,0
3,2026-07-24 08:15:00,-0.09579819751518154,0.3156472174539684,0.076478824,0.012809894,0.16422855575082296,0
3,2026-07-24 08:30:00,-0.08216363510652602,0.3701291661757257,0.08685632,0.015363865,0.19274651538819207,0
3,2026-07-24 09:00:00,-0.1343148423569887,0.1617396840612335,0.08190761,0.014145954,0.08794281882098531,0
3,2026-07-24 10:15:00,-0.14820729448010705,0.10622724138021916,0.08793974,0.0156305,0.06092887088567242,0
3,2026-07-24 11:30:00,-0.09522309148987829,0.3179452667819215,0.083227135,0.014470698,0.1662079825469232,0
3,2026-07-24 13:00:00,-0.16264680663442077,0.04852881753794743,0.07593872,0.01267697,0.03060289381992019,0
3,2026-07-24 13:30:00,-0.16092341693831125,0.05541525996542411,0.06627663,0.010299068,0.03285716395485618,0
3,2026-07-24 13:45:00,-0.059481523942211734,0.4607639500666175,0.071718805,0.0116384225,0.23620118628161718,0
3,2026-07-24 14:00:00,-0.15035444164777118,0.09764751887937226,0.07105126,0.011474136,0.05456082757125218,0
3,2026-07-24 14:15:00,-0.15035444164777118,0.09764751887937226,0.06652253,0.010359585,0.05400355208227951,0
3,2026-07-24 17:00:00,-0.09175260992611883,0.3318128624501562,0.07034532,0.011300399,0.17155663070915816,0
3,2026-07-24 18:30:00,-0.13934079296766338,0.14165663517108112,0.07457363,0.012341013,0.07699882417465523,0
3,2026-07-24 19:00:00,-0.09357122318386168,0.324545918980804,0.081502944,0.0140463635,0.16929614125667358,0
3,2026-07-24 19:30:00,-0.038816401220249985,0.5433391088962116,0.07773765,0.0131197,0.27822940463049006,0
3,2026-07-24 21:00:00,-0.14237222207266664,0.1295434363677529,0.074108645,0.012226578,0.07088500710797446,0
3,2026-07-24 22:15:00,-0.0006905364936332647,0.6956851354683262,0.09042719,0.01624268,0.35596390733842165,0
3,2026-07-25 01:15:00,-0.10749952894795706,0.26889020978557,0.091704875,0.016557125,0.1427236675801224,0
3,2026-07-25 02:30:00,-0.09878393989140127,0.30371657691252235,0.07911912,0.01345969,0.15858813341385128,0
3,2026-07-25 03:00:00,-0.12926601115214165,0.18191416084771736,0.081242725,0.013982322,0.09794824145736984,0
3,2026-07-25 03:15:00,-0.10815418212642008,0.26627430031737054,0.08298103,0.01441013,0.14034221503282768,0
4,2026-07-18 00:15:00,-0.1016194944411643,0.2923860675094583,,,0.2923860675094583,0
4,2026-07-18 00:45:00,-0.09252555069636392,0.3287242910573027,,,0.3287242910573027,0
4,2026-07-18 03:15:00,-0.10326151434360292,0.28582476825808123,,,0.28582476825808123,0
4,2026-07-18 03:30:00,-0.12926601115214165,0.18191416084771736,,,0.18191416084771736,0
4,2026-07-18 05:45:00,-0.11903767088508127,0.22278528624481173,,,0.22278528624481173,0
4,2026-07-18 08:00:00,-0.1314915994131547,0.17302099787863792,,,0.17302099787863792,0
4,2026-07-18 08:45:00,-0.16366666072105301,0.044453612453529065,,,0.044453612453529065,0
4,2026-07-18 09:00:00,-0.1452918230991233,0.11787708810926946,,,0.11787708810926946,0
4,2026-07-18 09:15:00,-0.15842541031252144,0.06539697150216499,,,0.06539697150216499,0
4,2026-07-18 12:00:00,-0.14412081271239685,0.12255629422752193,0.05002477,0.006299378,0.06442783605611886,0
4,2026-07-18 13:15:00,-0.15953175911413703,0.06097614471862747,0.04748856,0.0056752,0.033325672312950264,0
4,2026-07-18 14:00:00,-0.17098048742435573,0.015228506471675212,0.04390269,0.004792694,0.01001060023703256,0
4,2026-07-18 14:15:00,-0.17098048742435573,0.015228506471675212,0.04184033,0.0042851334,0.009756819957724002,0
4,2026-07-18 14:30:00,0.04942949194649304,0.8959582896455744,3.9082234,0.95582736,0.9258928225152006,1
4,2026-07-18 15:30:00,-0.09647638285418164,0.31293727651447806,3.9873044,0.97528976,0.6441135192672945,0
4,2026-07-18 17:30:00,-0.15607043404498266,0.07480715221816311,3.9685526,0.97067475,0.522740952703625,0
4,2026-07-18 18:00:00,-0.0336183968729129,0.5641096622751239,3.5019748,0.85584694,0.7099783018731118,0
4,2026-07-18 19:45:00,-0.14875679481395865,0.10403150908502751,3.010886,0.7349867,0.41950911577717864,0
4,2026-07-18 20:30:00,-0.14179684943035858,0.13184255106278922,2.515631,0.61310124,0.37247189751778376,0
4,2026-07-18 21:15:00,-0.121951548278804,0.21114180888278733,1.5492502,0.3752686,0.2932052086072338,0
4,2026-07-18 22:15:00,-0.09079274512857971,0.3356483580907165,1.0632532,0.25566155,0.29565495263735353,0
4,2026-07-18 22:45:00,-0.08654272134843594,0.3526309036771484,0.560293,0.13187975,0.24225532529552915,0
4,2026-07-18 23:00:00,-0.06471555471761326,0.439849439738622,0.054943632,0.007509942,0.22367969095256462,0
4,2026-07-18 23:30:00,-0.06471555471761326,0.439849439738622,0.05753623,0.008147998,0.22399871876012817,0
4,2026-07-19 00:00:00,-0.0005306877832986778,0.6963238702497343,0.053734995,0.0072124884,0.3517681793480595,0
4,2026-07-19 01:00:00,-0.0910193735162465,0.3347427803519019,0.055908885,0.0077474965,0.17124513841508074,0
4,2026-07-19 01:15:00,-0.0910193735162465,0.3347427803519019,0.060608454,0.008904092,0.1718234361828689,0
4,2026-07-19 01:45:00,0.011910990959650869,0.7460392100581936,0.0638707,0.009706952,0.3778730808679964,0
4,2026-07-19 02:45:00,-0.0445708961394804,0.5203448911345842,0.07474766,0.012383844,0.26636436745334874,0
4,2026-07-19 03:00:00,-0.06870291115797889,0.42391647888456035,0.07472524,0.012378326,0.21814740228520954,0
4,2026-07-19 03:15:00,-0.07231395229188264,0.40948722534543625,0.07039967,0.011313776,0.2104005004498678,0
4,2026-07-19 04:00:00,-0.10118794924318503,0.2941104663308317,0.071067125,0.011478039,0.152794252883437,0
4,2026-07-19 04:45:00,-0.10436891016267585,0.2813997577281416,0.07660026,0.012839781,0.14711976942428054,0
4,2026-07-19 05:30:00,0.006864995588308109,0.7258760648957792,0.077017635,0.0129424995,0.36940928218846036,0
4,2026-07-19 05:45:00,-0.038131292066885814,0.5460767165027965,0.08015307,0.0137141505,0.27989543351421303,0
4,2026-07-19 06:00:00,-0.08250545462420855,0.3687632995731677,0.08791755,0.015625041,0.1921941702756805,0
4,2026-07-19 07:15:00,-0.06026275965514438,0.45764223315514685,0.080145165,0.013712205,0.235677219073959,0
4,2026-07-19 07:45:00,-0.1071855658808894,0.2701447656127263,0.06981863,0.0111707775,0.14065777155247575,0
4,2026-07-19 08:30:00,-0.06758602719036655,0.42837940282944464,0.07092431,0.011442892,0.21991114754142177,0
4,2026-07-19 09:15:00,-0.06373940738909156,0.4437499982679986,0.07081571,0.011416165,0.2275830817130756,0
4,2026-07-19 09:45:00,-0.03216592660304951,0.5699135456995262,0.08334891,0.014500667,0.29220710652028986,0
4,2026-07-19 10:15:00,-0.10201905555700097,0.29078947294545515,0.09142893,0.016489213,0.1536393431389945,0
4,2026-07-19 11:45:00,-0.14164320027549826,0.1324565132219948,0.08160821,0.014072271,0.07326439214295932,0
4,2026-07-19 12:15:00,-0.15178230204690146,0.09194197331687883,0.07093372,0.011445208,0.051693590884760394,0
4,2026-07-19 12:45:00,-0.0796026898790031,0.3803623722283497,0.067644514,0.010635713,0.1954990426718421,0
4,2026-07-19 13:15:00,-0.01463970770711398,0.6399460506348137,0.07531645,0.012523827,0.3262349388889136,0
4,2026-07-19 14:30:00,-0.12755452397228745,0.1887530423589837,0.077954724,0.013173123,0.10096308262463866,0
4,2026-07-19 15:00:00,-0.15425886956820395,0.08204592967004229,0.07682416,0.012894884,0.047470406710955745,0
4,2026-07-19 15:15:00,-0.12847322696193791,0.18508202398138712,0.07405362,0.012213036,0.09864753019967412,0
4,2026-07-19 16:00:00,-0.05758602476100427,0.4683381197463954,0.08471427,0.014836692,0.24158740599883022,0
4,2026-07-19 16:30:00,-0.11021607109187087,0.258035258570469,0.080885,0.013894283,0.13596477089159517,0
4,2026-07-19 16:45:00,-0.09290345324924815,0.32721424131085913,0.08406095,0.014675906,0.17094507361943742,0
4,2026-07-19 19:00:00,-0.06304369874717686,0.4465299600605398,0.07786031,0.013149887,0.22983992369195966,0
4,2026-07-19 20:30:00,-0.12897056339659185,0.18309473188369013,0.07357077,0.012094204,0.0975944680988716,0
4,2026-07-19 21:00:00,-0.005045498128595449,0.6782832717803058,0.081639774,0.014080038,0.34618165503725096,0
4,2026-07-19 22:00:00,-0.07475180800059789,0.3997458690970721,0.08171573,0.014098732,0.20692230044899296,0
4,2026-07-19 22:30:00,0.05601101918747731,0.9222572216469801,0.08836508,0.01573518,0.4689962004164237,1
4,2026-07-19 23:15:00,0.00494453791541738,0.718202164309845,0.08215003,0.014205615,0.36620388967301726,0
4,2026-07-19 23:45:00,-0.06222127589728743,0.44981625544665593,0.08297891,0.014409609,0.23211293229281077,0
4,2026-07-20 00:00:00,-0.006647829261205551,0.6718805637222371,0.10946144,0.020927133,0.3464038483804386,0
4,2026-07-20 00:30:00,-0.07503175481652113,0.3986272378119003,0.1069144,0.02030029,0.2094637637139445,0
4,2026-07-20 01:45:00,-0.07024367087432981,0.4177598022459693,0.101060405,0.018859582,0.2183096921339009,0
4,2026-07-20 02:15:00,-0.11256773913855883,0.2486382970773071,0.0928813,0.016846651,0.13274247414434404,0
4,2026-07-20 02:45:00,-0.1058944564268306,0.2753038720777459,0.07469107,0.012369917,0.14383689442603922,0
4,2026-07-20 03:15:00,-0.11103341854315979,0.2547692438210178,0.07011802,0.011244458,0.13300685098370554,0
4,2026-07-20 03:45:00,-0.08578502219031353,0.35565857155838065,0.06506548,0.010000996,0.18282978392500904,0
4,2026-07-20 04:15:00,0.005432478303234678,0.7201519110190947,0.10309486,0.019360276,0.3697560934791008,0
4,2026-07-20 05:15:00,-0.021190173075081864,0.6137712378623322,0.0686406,0.010880856,0.3123260468528785,0
4,2026-07-20 05:30:00,-0.028018995580622486,0.5864841459538553,0.077357545,0.013026154,0.2997551498113083,0
4,2026-07-20 05:45:00,-0.01984895972507461,0.6191305530181779,0.07945513,0.013542383,0.3163364679980404,0
4,2026-07-20 06:00:00,-0.02585925082605478,0.5951142067833649,0.071958825,0.0116974935,0.30340585013846094,0
4,2026-07-20 06:45:00,-0.11145162516237961,0.25309814423596844,0.07133042,0.011542839,0.13232049161705367,0
4,2026-07-20 07:00:00,-0.015338787787422259,0.6371526170103082,0.08609573,0.015176678,0.32616464754334734,0
4,2026-07-20 07:15:00,-0.00012184914960777782,0.6979575365756944,0.078475505,0.013301291,0.355629413573692,0
4,2026-07-20 08:30:00,-0.12745950534794592,0.18913272449793528,0.06137834,0.009093566,0.0991131451821432,0
4,2026-07-20 08:45:00,-0.07433453452584182,0.4014132399574803,0.07424103,0.012259158,0.20683619913165205,0
4,2026-07-20 09:45:00,-0.013358619505992375,0.6450651134686343,0.08143559,0.014029787,0.32954745019533593,0
4,2026-07-20 10:00:00,-0.06527432185775117,0.4376166784835141,0.07952376,0.0135592725,0.22558797549815382,0
4,2026-07-20 10:15:00,-0.12158488859811428,0.21260693356540947,0.07392352,0.012181018,0.11239397555662765,0
4,2026-07-20 10:30:00,-0.058977717599232204,0.46277709508156,0.07341696,0.012056351,0.2374167228947839,0
4,2026-07-20 11:00:00,-0.10366286972236799,0.28422100405137674,0.07748461,0.013057425,0.14863921436911293,0
4,2026-07-20 11:45:00,-0.12733858573346446,0.1896159036450307,0.073578425,0.012096087,0.10085599554666481,0
4,2026-07-20 13:30:00,-0.011874343154483213,0.6509960898834332,0.06480118,0.009935949,0.33046601944058457,0
4,2026-07-20 13:45:00,-0.11771375716251109,0.22807547432589823,0.07359136,0.012099271,0.1200873725173786,0
4,2026-07-20 15:15:00,-0.133357231052478,0.1655661750349818,0.07315166,0.0119910585,0.08877861675562553,0
4,2026-07-20 16:00:00,-0.14322686298883391,0.12612840175391138,0.07300503,0.011954971,0.06904168620586842,0
4,2026-07-20 16:15:00,-0.1353484404890667,0.15760955954803108,0.06476255,0.009926442,0.08376800080246269,0
4,2026-07-20 16:30:00,-0.12054308227145016,0.21676985696303053,0.064706296,0.009912598,0.11334122745492659,0
4,2026-07-20 16:45:00,-0.10672516698262441,0.27198446009026256,0.06352241,0.0096212365,0.14080284828179224,0
4,2026-07-20 17:30:00,-0.07587538107244274,0.39525621635643565,0.070279405,0.011284176,0.2032701963083343,0
4,2026-07-20 18:45:00,-0.12311338525817117,0.2064992585144132,0.06796127,0.010713669,0.10860646352726666,0
4,2026-07-20 19:15:00,-0.11676498903345434,0.23186662911376976,0.06474049,0.009921012,0.12089382078002703,0
4,2026-07-20 19:30:00,-0.1098999442493579,0.259298460564574,0.048982043,0.0060427557,0.1326706081195724,0
4,2026-07-20 20:30:00,-0.053707627524688384,0.4838356937072163,0.066478446,0.010348736,0.24709221500786568,0
4,2026-07-20 20:45:00,-0.09992388111534328,0.2991615191521648,0.068472214,0.010839416,0.15500046743315476,0
4,2026-07-20 22:00:00,0.00277924843845867,0.7095499474864774,0.06852169,0.010851593,0.3602007701216426,0
4,2026-07-20 22:30:00,-0.038755225653466896,0.5435835585523578,0.078829676,0.013388455,0.27848600673322543,0
4,2026-07-20 23:00:00,-0.05081219064043896,0.4954054851773569,0.07765136,0.013098463,0.2542519742967282,0
4,2026-07-21 00:30:00,-0.09605193530635925,0.314633314043402,0.07559592,0.012592607,0.163612960610598,0
4,2026-07-21 01:30:00,-0.10055821845959617,0.2966267891310574,0.0694722,0.011085519,0.1538561538834334,0
4,2026-07-21 01:45:00,-0.016321657730672623,0.633225195781569,0.077163324,0.0129783545,0.32310177512525534,0
4,2026-07-21 02:15:00,-0.01245914906163903,0.6486592810815888,0.07380487,0.012151817,0.33040554897071506,0
4,2026-07-21 02:30:00,-0.09463129247680468,0.32031001913095136,0.06401479,0.009742415,0.1650262168548734,0
4,2026-07-21 03:00:00,-0.11915729595652247,0.2223072799243479,0.059115823,0.008536745,0.11542201239357139,0
4,2026-07-21 03:15:00,-0.09101423699453953,0.3347633052285984,0.06492153,0.009965568,0.17236443653908742,0
4,2026-07-21 04:45:00,-0.09415895296426263,0.3221974267594675,0.05740399,0.008115453,0.16515643973686595,0
4,2026-07-21 06:15:00,-0.04226711205402356,0.5295505145090593,0.062382236,0.009340632,0.26944557314230866,0
4,2026-07-21 08:00:00,-0.07145629038160384,0.4129143314611962,0.070847556,0.011424002,0.2121691668494071,0
4,2026-07-21 09:00:00,-0.07683744486702326,0.3914119338079821,0.07586382,0.012658539,0.2020352365180617,0
4,2026-07-21 09:15:00,-0.07834999248247998,0.3853679890773309,0.067493215,0.010598477,0.19798323302674356,0
4,2026-07-21 09:30:00,-0.13684618604655352,0.15162476192743155,0.06766586,0.010640967,0.08113286431670473,0
4,2026-07-21 12:15:00,-0.14247539462189207,0.1291311721990969,0.074374996,0.012292129,0.07071165059335362,0
4,2026-07-21 13:00:00,-0.16183591356745397,0.051769041402064106,0.0758637,0.012658508,0.03221377448261894,0
4,2026-07-21 13:30:00,-0.1503928925113181,0.09749387419952973,0.08707902,0.015418672,0.05645627310119085,0
4,2026-07-21 14:00:00,-0.05731226732722372,0.46943201906068244,0.07888683,0.013402521,0.24141726986980994,0
4,2026-07-21 14:30:00,-0.13182380902607,0.1716935312131704,0.059183657,0.008553441,0.09012348594788021,0
4,2026-07-21 15:30:00,-0.14185663465150494,0.13160365704806476,0.046452396,0.005420193,0.06851192506209924,0
4,2026-07-21 16:15:00,-0.05091400351325459,0.49499865409985677,0.05923865,0.008566975,0.25178281438105055,0
4,2026-07-21 16:30:00,-0.15398982147955642,0.0831210110499974,0.0592029,0.008558175,0.04583959282261709,0
4,2026-07-21 18:00:00,-0.14195677382990612,0.13120351383707116,0.055636875,0.007680554,0.06944203388999497,0
4,2026-07-21 18:15:00,-0.09107945203430406,0.33450271436063744,0.05915831,0.008547203,0.17152495852231134,0
4,2026-07-21 19:00:00,-0.1261816461938311,0.19423888447736487,0.052127283,0.0068168202,0.10052785235943787,0
4,2026-07-21 20:00:00,-0.14586001813460547,0.11560665420319524,0.049338628,0.0061305137,0.060868583969155385,0
4,2026-07-21 20:15:00,-0.14586001813460547,0.11560665420319524,0.040278774,0.0039008243,0.05975373927535309,0
4,2026-07-21 21:45:00,-0.06192506200118941,0.45099988788121353,0.04653391,0.005440254,0.22822007105563288,0
4,2026-07-21 22:15:00,0.02440759542546722,0.7959740259544837,0.06245895,0.009359511,0.4026667682849759,0
4,2026-07-21 23:15:00,0.02816446168626774,0.8109859778485539,0.06435175,0.009825342,0.4104056600916804,0
4,2026-07-22 00:30:00,-0.08428382699688663,0.3616571534782311,0.07999949,0.013676354,0.1876667536042462,0
4,2026-07-22 01:15:00,-0.11871163047220629,0.2240881015844664,0.08252276,0.014297347,0.11919272408448264,0
4,2026-07-22 01:45:00,-0.11871163047220629,0.2240881015844664,0.07106638,0.011477856,0.11778297877498076,0
4,2026-07-22 03:15:00,-0.12089755198908453,0.2153534417968708,0.066946335,0.010463887,0.11290866434557824,0
4,2026-07-22 04:15:00,-0.12193386295073505,0.21121247716740849,0.065937676,0.010215648,0.11071406280868293,0
4,2026-07-22 04:30:00,-0.11454125972251594,0.2407523639586742,0.067670025,0.010641991,0.12569717755974208,0
4,2026-07-22 05:15:00,-0.13025089640105586,0.17797868671808223,0.06261244,0.009397286,0.09368798635424962,0
4,2026-07-22 05:45:00,-0.11397457730619293,0.2430167536341384,0.055589214,0.007668824,0.12534278878461497,0
4,2026-07-22 08:00:00,-0.0505649610949549,0.49639338247951126,0.037695732,0.0032651208,0.24982925163352865,0
4,2026-07-22 08:45:00,-0.14913092595633204,0.10253652940742086,0.04021589,0.0038853483,0.053210938867439384,0
4,2026-07-22 09:00:00,-0.16042109197407134,0.057422485582434284,0.048476186,0.005918261,0.03167037335592168,0
4,2026-07-22 09:30:00,-0.10457336354343144,0.2805827884501804,0.062676586,0.009413073,0.14499793064477987,0
4,2026-07-22 09:45:00,-0.1347710292850911,0.15991682007194752,0.064387865,0.00983423,0.084875525009042,0
4,2026-07-22 11:15:00,-0.0542773094309259,0.48155931845782496,0.07071934,0.011392447,0.2464758828119849,0
4,2026-07-22 11:30:00,-0.17022939124859038,0.018229789689035995,0.06946996,0.011084966,0.014657378025279335,0
4,2026-07-22 13:00:00,-0.09170655530610539,0.33199689075783256,0.07981596,0.0136311855,0.1728140381372738,0
4,2026-07-22 13:15:00,-0.14275609442817982,0.12800953206177437,0.07439474,0.012296988,0.07015325987962824,0
4,2026-07-22 13:45:00,-0.1458265954968901,0.11574020674265918,0.06947635,0.01108654,0.06341337351966647,0
4,2026-07-22 14:00:00,-0.1208599230107616,0.21550380232961078,0.061579347,0.009143036,0.11232341909424017,0
4,2026-07-22 14:15:00,-0.14156431704911826,0.13277172039666096,0.061439395,0.009108593,0.07094015657637676,0
4,2026-07-22 15:00:00,-0.15415201997638428,0.08247288682554033,0.053985976,0.0072742566,0.04487357168952061,0
4,2026-07-22 15:30:00,-0.17267206049917083,0.008469199149668578,0.04992198,0.0062740804,0.007371639759645047,0
4,2026-07-22 18:15:00,-0.15283294869538688,0.08774372513612821,0.041046467,0.0040897587,0.04591674193377651,0
4,2026-07-22 19:15:00,-0.16158902626231336,0.052755571156050535,0.042088356,0.004346174,0.028550872672004388,0
4,2026-07-22 20:00:00,-0.0884277188589106,0.3450986973159728,0.045102738,0.0050880336,0.17509336546812046,0
4,2026-07-22 20:15:00,-0.11606799516975774,0.23465172648639912,0.051132526,0.006572004,0.12061186521419105,0
4,2026-07-22 20:45:00,-0.08940123621297258,0.3412086478245366,0.05434485,0.007362578,0.17428561294436992,0
4,2026-07-22 21:15:00,-0.06241412754553699,0.4490456451919279,0.05081059,0.0064927735,0.22776920936426032,0
4,2026-07-22 23:00:00,0.03209898040928805,0.8267078060149133,0.06276862,0.0094357245,0.4180717652409762,0
4,2026-07-22 23:15:00,0.024975117025862525,0.7982417689010118,0.081663854,0.014085964,0.4061638666003751,0
4,2026-07-23 00:00:00,-0.06972627489292749,0.41982724969919377,0.086476564,0.015270404,0.2175488266427609,0
4,2026-07-23 00:15:00,-0.05310068737399698,0.4862609480847351,0.0851948,0.0149549525,0.2506079503039237,0
4,2026-07-23 01:00:00,-0.029679493868081663,0.5798490094648041,0.080856524,0.013887275,0.29686814223757574,0
4,2026-07-23 03:15:00,-0.043496084009769675,0.5246397014542207,0.067455485,0.010589192,0.267614446572154,0
4,2026-07-23 05:00:00,-0.12203966247959352,0.21078971592775225,0.0736577,0.012115597,0.11145265636067211,0
4,2026-07-23 06:00:00,-0.14441415176396855,0.12138414930003437,0.070055395,0.011229047,0.06630659796023147,0
4,2026-07-23 08:00:00,-0.14371305945172275,0.12418562354322282,0.08671973,0.0153302485,0.06975793602777525,0
4,2026-07-23 08:15:00,-0.1526445830229078,0.0884964100116201,0.07319187,0.012000953,0.05024868142946103,0
4,2026-07-23 09:45:00,-0.05562988098104771,0.47615461740269877,0.066029005,0.010238126,0.24319637166149724,0
4,2026-07-23 10:00:00,-0.17267338908662078,0.008463890285977119,0.044709142,0.004991167,0.006727528755460378,0
4,2026-07-23 10:15:00,-0.06176369424244921,0.45164469258366935,0.050417352,0.006395995,0.22902034386746045,0
4,2026-07-23 11:00:00,-0.10643356641589241,0.2731496582570804,0.07735194,0.013024774,0.1430872163185543,0
4,2026-07-23 11:30:00,-0.14643532172421492,0.11330781543381552,0.07430716,0.012275433,0.06279162430081536,0
4,2026-07-23 12:15:00,-0.10644706946455595,0.2730957018202821,0.06634859,0.010316777,0.14170623943166333,0
4,2026-07-23 13:15:00,-0.1377603242565496,0.1479719838192035,0.07147586,0.011578633,0.0797753086345876,0
4,2026-07-23 18:00:00,-0.1433810945754646,0.1255121122726476,0.07707342,0.012956228,0.06923417018993079,0
4,2026-07-23 18:15:00,-0.15060426085624412,0.09664927361870349,0.070424676,0.011319929,0.05398460121062666,0
4,2026-07-23 20:15:00,-0.1369684100623278,0.15113637056140178,0.059015855,0.008512143,0.0798242568035328,0
4,2026-07-23 20:30:00,-0.15824046369689754,0.06613599426847595,0.07165449,0.011622595,0.0388792944689686,0
4,2026-07-23 21:30:00,0.03235438604619689,0.8277283739214039,1.3730314,0.3319,0.5798141872468042,1
4,2026-07-23 22:15:00,0.010187541251569732,0.7391525278306367,1.2267255,0.29589313,0.5175228302586259,0
4,2026-07-23 23:00:00,0.019677827966899875,0.7770744866498767,1.0869077,0.26148307,0.5192787799422174,0
4,2026-07-23 23:45:00,-0.0688963561258823,0.4231434978011993,0.96040124,0.230349,0.3267462510349228,0
4,2026-07-24 00:15:00,-0.04974046936861687,0.49968794482845363,0.85645115,0.2047662,0.35222707191059144,0
4,2026-07-24 01:00:00,-0.09151669337140639,0.3327555545037198,0.6229665,0.1473041,0.24002982864107728,0
4,2026-07-24 01:15:00,-0.06532364589080597,0.43741958602399106,0.4891527,0.11437164,0.27589561424717546,0
4,2026-07-24 01:30:00,-0.0900097140927632,0.33877724888033345,0.20528837,0.044510767,0.1916440078720782,0
4,2026-07-24 02:15:00,-0.02383488922222432,0.6032032940447332,0.06991193,0.011193738,0.30719851618185645,0
4,2026-07-24 03:30:00,-0.10427791410896442,0.2817633661948894,0.05841795,0.008364994,0.145064180136882,0
4,2026-07-24 03:45:00,-0.10891964443993069,0.2632156118708203,0.05166817,0.0067038294,0.13495972063180556,0
4,2026-07-24 05:15:00,-0.10303320178369951,0.28673707573142515,0.03415551,0.002393849,0.14456546234632217,0
4,2026-07-24 05:45:00,-0.13248969391313142,0.16903274128943635,0.045122568,0.0050929138,0.08706282751999772,0
4,2026-07-24 06:00:00,-0.13021501269361285,0.17812207337401298,0.04970514,0.006220715,0.09217139424722387,0
4,2026-07-24 06:30:00,-0.04815109334010559,0.506038885965367,0.05723741,0.008074456,0.2570566709299484,0
4,2026-07-24 08:30:00,-0.15763477739584492,0.06855623842493463,0.056369916,0.00786096,0.03820859943189109,0
4,2026-07-24 08:45:00,-0.14993692092553768,0.09931587770873639,0.057880156,0.00823264,0.053774258905621035,0
4,2026-07-24 09:30:00,-0.1710724129636042,0.014861183900884398,0.051427085,0.0066444967,0.010752840297545795,0
4,2026-07-24 09:45:00,-0.06050207243798478,0.4566859702130451,0.06481027,0.009938186,0.23331207812380264,0
4,2026-07-24 10:00:00,0.0094267223268385,0.736112393765356,1.2411733,0.29944885,0.5177806207680234,1
4,2026-07-24 12:00:00,-0.16350074754667243,0.04511658004925686,1.125333,0.27093977,0.15802817370497205,0
4,2026-07-24 12:30:00,-0.04972352148513837,0.4997556663798275,0.9104289,0.21805048,0.35890307313437175,0
4,2026-07-24 12:45:00,-0.06176018220856283,0.45165872621704695,0.6877501,0.16324776,0.30745324516380607,0
4,2026-07-24 13:00:00,-0.1097420078593439,0.259929553961204,0.5678538,0.1337405,0.19683502678843662,0
4,2026-07-24 14:15:00,-0.15207905983573905,0.09075616755724787,0.45450813,0.105845384,0.09830077592850148,0
4,2026-07-24 17:00:00,-0.09175260992611883,0.3318128624501562,0.33129063,0.07552075,0.2036668044300246,0
4,2026-07-24 17:15:00,-0.08339086329704465,0.3652253209813038,0.20183228,0.0436602,0.20444276105680065,0
4,2026-07-24 18:30:00,-0.14722114306196732,0.11016777495839032,0.07959458,0.013576703,0.06187223905224518,0
4,2026-07-24 18:45:00,-0.15764674077482937,0.06850843430912697,0.073475026,0.01207064,0.04028953714969855,0
4,2026-07-24 19:00:00,-0.0778278774702611,0.3874542931676265,0.07661475,0.012843347,0.2001488201610921,0
4,2026-07-24 19:30:00,-0.009666009287257027,0.6598203065255719,0.07818265,0.013229218,0.33652476241858986,0
4,2026-07-24 20:15:00,-0.05156981497518953,0.4923781162806454,0.07871556,0.013360371,0.2528692435812504,0
4,2026-07-24 21:30:00,-0.14237222207266664,0.1295434363677529,0.07806237,0.013199615,0.071371525830002,0
4,2026-07-24 23:30:00,0.02328406443294273,0.7914845413573715,0.08387812,0.01463091,0.4030577256832586,0
4,2026-07-25 01:15:00,-0.10749952894795706,0.26889020978557,0.075982615,0.012687774,0.14078899208032553,0
4,2026-07-25 02:30:00,-0.11345723298209054,0.24508399467147052,0.07558526,0.012589983,0.12883698869112462,0
4,2026-07-25 04:45:00,-0.03820785999391796,0.5457707609650048,0.079977944,0.013671051,0.2797209058722631,0
5,2026-07-17 20:45:00,-0.1326754181683361,0.16829061117589306,,,0.16829061117589306,0
5,2026-07-17 22:00:00,-0.0944140146497453,0.3211782332384103,,,0.3211782332384103,0
5,2026-07-17 23:00:00,0.0008736031354883433,0.701935235215816,,,0.701935235215816,0
5,2026-07-17 23:45:00,-0.08411535252829844,0.3623303556744908,,,0.3623303556744908,0
5,2026-07-18 01:45:00,-0.09352923099098376,0.32471371435483354,,,0.32471371435483354,0
5,2026-07-18 04:15:00,-0.03820785999391796,0.5457707609650048,,,0.5457707609650048,0
5,2026-07-18 05:00:00,-0.07856073693802401,0.38452588147781924,,,0.38452588147781924,0
5,2026-07-18 05:30:00,-0.13018664176982264,0.17823543991771268,,,0.17823543991771268,0
5,2026-07-18 06:00:00,-0.14882782130547778,0.10374769640715417,,,0.10374769640715417,0
5,2026-07-18 07:00:00,-0.1579104482280715,0.06745469341781965,0.081873246,0.014137497,0.04079609529478963,0
5,2026-07-18 08:00:00,-0.16366666072105301,0.044453612453529065,0.07282483,0.011910622,0.02818211723083696,0
5,2026-07-18 10:00:00,-0.15865160084890007,0.06449314336049292,0.06620501,0.010281442,0.037387292546867,0
5,2026-07-18 11:45:00,-0.15877606571308783,0.06399579785389758,0.051619593,0.0066918745,0.035343836162229664,0
5,2026-07-18 13:30:00,-0.14438725672863628,0.12149161838425757,0.05362349,0.0071850466,0.06433833247265995,0
5,2026-07-18 13:45:00,-0.09964346060392454,0.3002820432632977,0.046282817,0.0053784586,0.1528302509561089,0
5,2026-07-18 16:15:00,-0.158973443480723,0.06320710181123707,0.039980758,0.0038274806,0.03351729120526062,0
5,2026-07-18 21:30:00,-0.13726405196482183,0.14995502373933892,0.04185765,0.0042893956,0.07712220969043722,0
5,2026-07-18 22:45:00,0.00430514390225456,0.7156472284934948,0.06190103,0.009222203,0.3624347157139098,0
5,2026-07-18 23:00:00,-0.08172472593703273,0.3718829904752619,0.0713484,0.011547264,0.1917151270934764,0
5,2026-07-19 00:00:00,-0.012478696000769895,0.6485811740398314,0.084999755,0.014906951,0.3317440626330627,0
5,2026-07-19 01:00:00,-0.09165670184063324,0.33219609876085077,0.08322929,0.014471228,0.17333366349766033,0
5,2026-07-19 01:30:00,-0.08656143342229905,0.35255613264907043,0.072797425,0.011903878,0.18223000547522625,0
5,2026-07-19 01:45:00,-0.07679706898855954,0.3915732705985681,0.07484721,0.012408343,0.20199080687116464,0
5,2026-07-19 02:00:00,0.010982047497637648,0.7423272720769141,0.07072389,0.011393568,0.3768604198120581,0
5,2026-07-19 02:15:00,-0.07614591738646348,0.3941751882202856,0.06541135,0.010086117,0.20213065276629885,0
5,2026-07-19 02:30:00,-0.004986022910395849,0.6785209270633319,0.07883596,0.01339,0.3459554635207881,0
5,2026-07-19 02:45:00,0.035962203607298404,0.8421447464803505,0.07246914,0.011823084,0.4269839153428698,0
5,2026-07-19 03:00:00,-0.07053309521797646,0.4166032999852606,0.068809256,0.010922364,0.2137628319722567,0
5,2026-07-19 03:15:00,-0.025602544470386124,0.5961399721938639,0.0743749,0.012292105,0.30421603848354367,0
5,2026-07-19 03:30:00,-0.059871648242027176,0.4592050637994526,0.082303904,0.0142434845,0.23672427413708558,0
5,2026-07-19 03:45:00,0.028953200395369527,0.8141376757627362,0.08728549,0.015469486,0.4148035808282909,0
5,2026-07-19 05:00:00,-0.10398088791581822,0.2829502444634385,0.09234271,0.016714102,0.14983217306035496,0
5,2026-07-19 05:45:00,-0.042965122595051364,0.5267613546252495,0.08846409,0.015759546,0.27126045046747954,0
5,2026-07-19 06:15:00,-0.005295414490947725,0.6772846383052952,0.09912457,0.018383162,0.34783390020071897,0
5,2026-07-19 07:00:00,-0.14079167887273042,0.1358590826635799,0.09051892,0.016265254,0.07606216856565283,0
5,2026-07-19 07:45:00,-0.14079167887273042,0.1358590826635799,0.084517755,0.014788328,0.0753237052011113,0
5,2026-07-19 08:15:00,-0.028762101416171748,0.5835147911030145,0.092582785,0.016773185,0.30014398793220975,0
5,2026-07-19 09:15:00,-0.139644378096272,0.1404435482443571,0.08750406,0.015523277,0.07798341273373365,0
5,2026-07-19 09:30:00,-0.1308559487127431,0.17556097590116612,0.09063097,0.01629283,0.09592690341516312,0
5,2026-07-19 09:45:00,-0.07472792771146419,0.3998412916452293,0.09237426,0.016721865,0.20828157840374134,0
5,2026-07-19 11:15:00,-0.14164320027549826,0.1324565132219948,0.081745245,0.014105995,0.07328125420383402,0
5,2026-07-19 15:30:00,-0.035389431938692484,0.5570328351099937,0.087644465,0.015557832,0.2862953335972949,0
5,2026-07-19 15:45:00,-0.13535349849272066,0.1575893484193237,0.08107491,0.013941021,0.08576518456206478,0
5,2026-07-19 16:45:00,-0.07633766430491928,0.393408992322995,0.08492066,0.014887486,0.2041482389880785,0
5,2026-07-19 17:30:00,-0.010286276604593025,0.6573417985130647,0.092261724,0.01669417,0.3370179840022971,0
5,2026-07-19 17:45:00,-0.061872307179607455,0.451210689328162,0.09266559,0.016793564,0.23400212664507236,0
5,2026-07-19 18:15:00,-0.008246702832759079,0.6654916716311603,0.09202932,0.016636973,0.34106432243904616,0
5,2026-07-19 18:30:00,-0.10046943287411009,0.29698156485254396,0.09405574,0.017135689,0.157058626943801,0
5,2026-07-19 18:45:00,-0.028148636935498073,0.5859661158596833,0.0921058,0.016655795,0.30131095556792414,0
5,2026-07-19 19:15:00,-0.05031839069905386,0.4973786459051461,0.09563206,0.017523631,0.2574511386793301,0
5,2026-07-19 19:30:00,-0.10874572721854725,0.26391056260361595,0.097313836,0.017937528,0.14092404528654776,0
5,2026-07-19 20:00:00,-0.061400681493480214,0.45309524459860734,0.09103707,0.016392775,0.23474400973926987,0
5,2026-07-19 23:15:00,0.04393981494132215,0.8740222500331214,0.10117561,0.018887937,0.4464550935510303,0
5,2026-07-20 00:15:00,0.005788260649907007,0.7215735712811947,0.11734354,0.022866968,0.3722202696733475,0
5,2026-07-20 01:00:00,-0.014589520125425581,0.6401465937230378,0.10679976,0.020272076,0.3302093349264756,0
5,2026-07-20 01:45:00,0.015795224379747452,0.761560104654906,0.093561806,0.01701413,0.38928711687111744,0
5,2026-07-20 02:45:00,-0.023672873218746893,0.6038506890493545,0.094358586,0.01721022,0.3105304549837069,0
5,2026-07-20 03:00:00,-0.06802481807924499,0.4266260511639542,0.09999022,0.018596202,0.22261112664952012,0
5,2026-07-20 03:15:00,-0.07399594544322952,0.4027661981591253,0.10754352,0.02045512,0.21161065914524935,0
5,2026-07-20 03:30:00,-0.06313739702456667,0.4461555538573141,0.07940331,0.01352963,0.22984259211760139,0
5,2026-07-20 03:45:00,-0.06685462139110887,0.43130200584783385,0.07402448,0.012205865,0.22175393554098521,0
5,2026-07-20 04:00:00,-0.06292325962282341,0.44701121923120096,0.06666405,0.010394414,0.2287028165933553,0
5,2026-07-20 05:15:00,-0.08663253415006128,0.35227202333276686,0.063665435,0.009656436,0.18096422957139818,0
5,2026-07-20 05:30:00,-0.11198952768339093,0.2509487553015323,0.05629417,0.007842317,0.1293955362625406,0
5,2026-07-20 06:30:00,-0.12048901961546304,0.21698588434718644,0.045152172,0.0051001995,0.11104304191712337,0
5,2026-07-20 06:45:00,-0.06465091713169169,0.4401077231756791,0.052573368,0.0069266045,0.22351716386114281,0
5,2026-07-20 07:00:00,-0.10486649657253866,0.2794114667618265,0.04980142,0.0062444103,0.14282793852843295,0
5,2026-07-20 07:45:00,-0.02010323890085597,0.618114486304725,0.058265056,0.008327366,0.3132209260788087,0
5,2026-07-20 10:00:00,-0.13061682878671604,0.1765164682123741,0.06071622,0.008930614,0.09272354121524495,0
5,2026-07-20 11:45:00,-0.04377954823929664,0.5235070150390163,0.0701438,0.011250802,0.26737890867739394,0
5,2026-07-20 12:00:00,-0.08034224963799941,0.37740718704098103,0.079768054,0.013619396,0.195513291472612,0
5,2026-07-20 12:45:00,-0.11730560720291422,0.22970638879920965,0.07991529,0.013655632,0.12168101030109289,0
5,2026-07-20 13:00:00,-0.04152009464528894,0.5325354995006645,0.08556413,0.015045848,0.27379067362220705,0
5,2026-07-20 13:45:00,-0.11521394153531644,0.23806441439838688,0.08518,0.014951311,0.12650786272511622,0
5,2026-07-20 14:15:00,-0.04348803537242474,0.524671862768531,0.090781905,0.016329976,0.2705009192836285,0
5,2026-07-20 14:30:00,-0.1234087264730156,0.2053191132013256,0.078669615,0.013349063,0.10933408798224005,0
5,2026-07-20 15:15:00,-0.14703309553921373,0.11091918854870919,0.08126893,0.013988771,0.062453979546619076,0
5,2026-07-20 15:30:00,-0.13773046342342848,0.14809130384797548,0.081657395,0.0140843745,0.0810878391900395,0
5,2026-07-20 16:30:00,-0.06560326243536907,0.43630227446047726,0.08586479,0.015119842,0.22571105835705133,0
5,2026-07-20 16:45:00,0.061079329931354454,0.9425095361531319,4.025567,0.98470634,0.9636079391867192,1
5,2026-07-20 17:00:00,0.017271950749061737,0.7674609123169086,4.013394,0.9817105,0.8745857029407571,0
5,2026-07-20 18:45:00,-0.06010572618062848,0.4582697186181745,4.0256147,0.9847181,0.7214939014767509,0
5,2026-07-20 19:00:00,-0.09731241782406075,0.3095965888566451,3.1071799,0.7586853,0.5341409398350456,0
5,2026-07-20 19:15:00,-0.026455274403561435,0.5927325736210083,2.0962589,0.50989103,0.5513118033968079,0
5,2026-07-20 20:15:00,-0.09992388111534328,0.2991615191521648,1.594691,0.38645187,0.3428066946775915,0
5,2026-07-20 20:30:00,-0.11029007957147874,0.25773953025370167,1.0912782,0.26255867,0.26014909955277704,0
5,2026-07-20 23:00:00,0.007362912910580666,0.7278656781453036,0.587122,0.13848254,0.43317410949558727,0
5,2026-07-20 23:30:00,0.03499570046050038,0.8382827248543511,0.085418314,0.015009962,0.4266463434383278,0
5,2026-07-21 02:45:00,-0.10447535346081349,0.28097442406967166,0.087921515,0.015626015,0.148300219605639,0
5,2026-07-21 06:00:00,-0.022695186184886973,0.607757400042211,0.13887437,0.028165847,0.3179616235526378,1
5,2026-07-21 06:30:00,-0.028620343042141116,0.5840812392392535,0.15670986,0.03255528,0.30831825881494973,0
5,2026-07-21 07:15:00,-0.026657956047424713,0.5919226839746203,0.18181273,0.03873326,0.31532797140902113,0
5,2026-07-21 07:45:00,-0.13466477724392062,0.16034138949230217,0.18458666,0.03941594,0.09987866506732952,0
5,2026-07-21 08:30:00,-0.15010204659139265,0.09865605689526859,0.1528447,0.031604037,0.0651300467920366,0
5,2026-07-21 09:00:00,-0.15135216320553097,0.09366075251905599,0.070705846,0.011389127,0.05252493976011117,0
5,2026-07-21 10:00:00,-0.07821616875975168,0.38590273137274983,0.070743464,0.011398384,0.19865055786015393,0
5,2026-07-21 11:00:00,-0.12119305578270956,0.2141726468399939,0.060951393,0.008988491,0.1115805690497546,0
5,2026-07-21 11:45:00,-0.16048950403109136,0.05714911984682781,0.056477427,0.007887419,0.032518269580010084,0
5,2026-07-21 12:00:00,-0.1531017870714403,0.08666948174058778,0.051641658,0.0066973045,0.04668339314371041,0
5,2026-07-21 12:45:00,0.030240947736813406,0.8192833476603972,0.119418025,0.023377514,0.4213304305866831,1
5,2026-07-21 13:15:00,-0.11794850565634735,0.22713744969259003,0.10992513,0.02104125,0.12408934977447142,0
5,2026-07-21 13:30:00,-0.11227240167892821,0.24981842738504584,0.09790885,0.018083964,0.13395119546411124,0
5,2026-07-21 15:15:00,-0.1510117189907617,0.09502112358897039,0.09603293,0.017622288,0.056321705952729326,0
5,2026-07-21 16:00:00,-0.15398982147955642,0.0831210110499974,0.09562495,0.017521882,0.05032144673985819,0
5,2026-07-21 17:00:00,-0.14591096486121918,0.1154030776699911,0.07218994,0.011754372,0.06357872491357378,0
5,2026-07-21 17:30:00,-0.049306891666103136,0.5014204652751865,0.0785342,0.013315736,0.25736810079566547,0
5,2026-07-21 17:45:00,-0.1356249281349054,0.15650475065931888,0.065878734,0.010201143,0.0833529468800883,0
5,2026-07-21 18:15:00,-0.13113395043160375,0.1744501169723961,0.048422012,0.005904929,0.09017752287674413,0
5,2026-07-21 19:30:00,-0.07562234723244066,0.3962673068691104,0.041022763,0.004083925,0.2001756158979639,0
5,2026-07-21 21:00:00,-0.12337060900787405,0.20547142566424162,0.04423968,0.0048756297,0.10517352766944245,0
5,2026-07-21 21:45:00,-0.12232511845502664,0.20964907075339792,0.05162592,0.006693431,0.10817125096482157,0
5,2026-07-21 22:30:00,-0.0735487282123285,0.40455322039798847,0.055189006,0.00757033,0.20606177522577818,0
5,2026-07-21 22:45:00,0.0027678018566993368,0.7095042084255703,0.072052605,0.0117205735,0.3606123909775857,0
5,2026-07-21 23:00:00,-0.04746013918968739,0.5087998494245441,0.07086685,0.011428752,0.26011430070364633,0
5,2026-07-21 23:45:00,0.021847570846472708,0.7857444986943587,0.0803744,0.013768621,0.3997565597417049,0
5,2026-07-22 01:00:00,-0.11124694826649917,0.25391600665147274,0.082754485,0.014354376,0.1341351913869141,0
5,2026-07-22 01:45:00,-0.1045771458141776,0.2805676749852471,0.08353404,0.0145462295,0.14755695224464796,0
5,2026-07-22 03:00:00,-0.12089755198908453,0.2153534417968708,0.07586449,0.012658702,0.11400607200323133,0
5,2026-07-22 03:30:00,-0.033364013922288493,0.5651261436594337,0.08338408,0.014509324,0.2898177338219091,0
5,2026-07-22 04:15:00,-0.13742992860892883,0.14929220211386177,0.08052576,0.013805873,0.08154903743728743,0
5,2026-07-22 05:00:00,-0.11397457730619293,0.2430167536341384,0.07282613,0.011910943,0.12746384847428577,0
5,2026-07-22 06:15:00,-0.1283043900160471,0.1857566745900874,0.06967315,0.011134974,0.09844582415862703,0
5,2026-07-22 09:00:00,-0.05118066190911086,0.49393312162335834,0.06888402,0.010940764,0.2524369428613589,0
5,2026-07-22 09:30:00,-0.16854853860433539,0.024946259556451484,0.077902794,0.013160343,0.019053301419188103,0
5,2026-07-22 09:45:00,-0.15006101472080496,0.09882001494557585,0.05667876,0.0079369685,0.05337849170685274,0
5,2026-07-22 10:00:00,-0.1614997425664696,0.05311233726213114,0.058355585,0.008349647,0.03073099203814932,0
5,2026-07-22 11:00:00,-0.15856631443644165,0.06483393683893066,0.056194425,0.00781777,0.0363258535966902,0
5,2026-07-22 11:15:00,-0.06622192421526629,0.43383018196801304,0.060678944,0.008921441,0.22137581132938444,0
5,2026-07-22 12:45:00,-0.15222436348579538,0.09017555295634014,0.060365684,0.008844345,0.04950994891652337,0
5,2026-07-22 13:45:00,-0.15228226873642275,0.08994417106076874,0.054368377,0.007368368,0.048656269578709194,0
5,2026-07-22 14:00:00,-0.17324294998618184,0.006187998563621241,0.04744521,0.0056645316,0.005926265085401037,0
5,2026-07-22 14:30:00,-0.042337890848425985,0.5292676915968423,0.054498136,0.0074003027,0.2683339971394571,0
5,2026-07-22 14:45:00,-0.13251848527177462,0.16891769474241752,0.05949293,0.008629555,0.08877362481253157,0
5,2026-07-22 15:30:00,-0.10675341545916228,0.27187158282995333,0.07096591,0.01145313,0.14166235655620749,0
5,2026-07-22 15:45:00,-0.14729352385344918,0.10987855067294852,0.0681201,0.010752758,0.060315654342085204,0
5,2026-07-22 16:15:00,-0.04222934925473942,0.52970140977306,0.07299263,0.01195192,0.2708266647090655,0
5,2026-07-22 16:30:00,-0.12786505433784184,0.18751220316329797,0.07626549,0.012757392,0.10013479741607706,0
5,2026-07-22 17:00:00,-0.10366729179576412,0.28420333401776726,0.080771774,0.013866418,0.14903487602952806,0
5,2026-07-22 18:30:00,-0.13970092542335266,0.14021759243572732,0.086643554,0.015311501,0.07776454671231399,0
5,2026-07-22 19:45:00,-0.14786178056672877,0.10760787031036945,0.08562493,0.015060812,0.06133434127262399,0
5,2026-07-22 20:15:00,-0.0884277188589106,0.3450986973159728,0.07954431,0.013564331,0.17933151438649583,0
5,2026-07-22 20:30:00,-0.118086276963218,0.22658693336127814,0.068663344,0.010886454,0.11873669369234947,0
5,2026-07-22 21:15:00,-0.11324586687472654,0.2459285863112882,0.078280255,0.013253239,0.12959091264737027,0
5,2026-07-22 23:00:00,-0.0817319128293863,0.3718542725825316,0.070226714,0.011271209,0.1915627410192791,0
5,2026-07-23 01:45:00,-0.11091243272004281,0.2552526875292614,0.08562059,0.015059743,0.13515621530291214,0
5,2026-07-23 02:00:00,-0.128382408510458,0.18544492277257799,0.060051043,0.008766909,0.0971059159512478,0
5,2026-07-23 02:15:00,-0.07065298406010723,0.41612423967122125,0.0610552,0.009014039,0.2125691394858017,0
5,2026-07-23 03:30:00,-0.01971365491456134,0.619671213548912,0.07719874,0.01298707,0.31632914166725346,0
5,2026-07-23 04:15:00,-0.11778386559182752,0.2277953301059007,0.08504278,0.01491754,0.12135643523493406,0
5,2026-07-23 04:30:00,-0.01410193879297772,0.6420949056934497,0.09679375,0.01780953,0.3299522182067822,0
5,2026-07-23 05:30:00,-0.08930121227618942,0.34160833054492284,0.08289087,0.014387941,0.17799813576643372,0
5,2026-07-23 06:30:00,-0.0746056367167115,0.4003299506505979,0.09209557,0.016653277,0.20849161381526057,0
5,2026-07-23 06:45:00,-0.10598822721992679,0.27492917611113227,0.09292722,0.016857952,0.1458935639953168,0
5,2026-07-23 07:45:00,-0.05269288132075556,0.48789048835271004,0.0940539,0.017135236,0.25251286238249837,0
5,2026-07-23 08:45:00,-0.13981357213289947,0.13976747074723753,0.08826637,0.015710888,0.07773917958885686,0
5,2026-07-23 09:15:00,-0.17129643786020676,0.013966009375785638,0.08239705,0.014266409,0.014116209177839185,0
5,2026-07-23 11:30:00,-0.1538581535618294,0.08364713902733165,0.088136114,0.01567883,0.04966298473607221,0
5,2026-07-23 11:45:00,-0.10643356641589241,0.2731496582570804,0.08629,0.015224489,0.14418707382023993,0
5,2026-07-23 12:00:00,-0.10692589010537534,0.2711823964410438,0.08131696,0.014000592,0.14259149413150618,0
5,2026-07-23 14:15:00,-0.1644138127864765,0.04146808939120361,0.07556534,0.012585079,0.027026584344313487,0
5,2026-07-23 14:45:00,-0.10867847852801871,0.2641792796771214,0.07806595,0.013200495,0.13868988753460276,0
5,2026-07-23 15:00:00,-0.140554493649318,0.13680684415325642,0.07356833,0.012093603,0.07445022341646314,0
5,2026-07-23 15:30:00,-0.13102288466363105,0.1748939214227384,0.061745528,0.009183933,0.09203892722491352,0
5,2026-07-23 18:30:00,-0.08016657242921532,0.3781091704559002,0.080867805,0.013890051,0.19599961086942125,0
5,2026-07-23 19:00:00,-0.07949858882777905,0.3807783465709563,0.07379683,0.012149839,0.1964640926508246,0
5,2026-07-23 19:30:00,-0.015657227846252342,0.6358801717028504,0.0785673,0.0133238835,0.3246020276144388,0
5,2026-07-23 19:45:00,-0.07949858882777905,0.3807783465709563,0.077017665,0.012942507,0.19686042675133925,0
5,2026-07-23 20:15:00,-0.09016404832438785,0.33816054924294375,0.06734331,0.0105615845,0.17436106686897587,0
5,2026-07-23 22:30:00,-0.07750541335342132,0.38874281809066463,0.07794373,0.0131704165,0.2009566172787782,0
5,2026-07-23 22:45:00,-0.10413937860445427,0.282316936161174,0.0791354,0.013463696,0.1478903163130351,0
5,2026-07-23 23:15:00,-0.09117034779948363,0.3341395066338978,0.07082187,0.01141768,0.17277859352693964,0
5,2026-07-24 00:30:00,-0.10422935533791,0.2819574007663912,0.076101705,0.012717083,0.1473372419314477,0
5,2026-07-24 01:15:00,-0.05828987751275849,0.4655256151437983,0.07807524,0.013202783,0.23936419893206284,0
5,2026-07-24 02:30:00,-0.10056460841617154,0.2966012556906697,0.0848949,0.014881147,0.15574120138119443,0
5,2026-07-24 03:00:00,-0.1167765934314991,0.23182025943938842,0.08159072,0.014067966,0.1229441124995249,0
5,2026-07-24 03:15:00,-0.05169166850234075,0.4918912053392569,0.08722849,0.015455458,0.2536733318262418,0
5,2026-07-24 03:45:00,-0.082029360631524,0.3706657096189577,0.07429562,0.012272594,0.19146915159212144,0
5,2026-07-24 04:30:00,-0.10867953349879517,0.2641750641502843,0.06861869,0.010875464,0.13752526428366232,0
5,2026-07-24 05:15:00,-0.1245867715574408,0.20061179734050794,0.06515673,0.010023452,0.10531762484103224,0
5,2026-07-24 05:45:00,-0.029603223013643265,0.5801537779389165,0.07234816,0.011793312,0.2959735448121201,0
5,2026-07-24 06:00:00,-0.10373819016386177,0.2839200333045225,0.071948096,0.011694852,0.14780744278362892,0
5,2026-07-24 06:45:00,-0.04494291321189492,0.5188583590072282,0.084030755,0.014668474,0.26676341649054924,0
5,2026-07-24 07:00:00,-0.07864220591914872,0.38420034196147707,0.064272754,0.009805901,0.19700312146876944,0
5,2026-07-24 08:30:00,-0.1404808176096397,0.13710124408304264,0.07739009,0.013034163,0.07506770356297279,0
5,2026-07-24 08:45:00,-0.160047468339292,0.058915437325305166,0.07901613,0.013434341,0.03617488925132474,0
5,2026-07-24 09:15:00,-0.13256831931827373,0.1687185643351051,0.08139278,0.014019251,0.09136890760242804,0
5,2026-07-24 10:00:00,-0.05761792753334183,0.46821064039249455,0.069148764,0.0110059185,0.2396082794439258,0
5,2026-07-24 11:45:00,-0.058323876248933426,0.46538976058936743,0.06903476,0.010977862,0.2381838114960821,0
5,2026-07-24 12:15:00,-0.062298515426822965,0.4495076162720847,0.08487161,0.014875415,0.23219151552667855,0
5,2026-07-24 12:30:00,-0.13599253147396778,0.15503585523983482,0.07153099,0.0115922,0.08331402763287546,0
5,2026-07-24 13:00:00,-0.13795438007639582,0.1471965618504494,0.05871273,0.008437542,0.0778170520476207,0
5,2026-07-24 13:30:00,-0.17239591830372714,0.009572627663261812,0.062273838,0.009313954,0.009443290851834974,0
5,2026-07-24 14:30:00,-0.10722436566801025,0.2699897266793909,0.06646986,0.010346623,0.1401681749084921,0
5,2026-07-24 15:30:00,-0.13399379782229792,0.16302253651752652,0.06997722,0.011209806,0.08711617147244305,0
5,2026-07-24 16:00:00,-0.17255199828216483,0.0089489522472956,0.07407772,0.012218966,0.010583959198044649,0
5,2026-07-24 17:30:00,-0.1454456535868392,0.11726240136741557,0.0793536,0.013517396,0.06538989848032076,0
5,2026-07-24 19:00:00,-0.08442115322051108,0.36110841564203106,0.07985552,0.013640921,0.18737466813680928,0
5,2026-07-24 19:15:00,-0.1327107179461332,0.1681495578273375,0.07020806,0.011266618,0.0897080879315356,0
5,2026-07-24 20:30:00,-0.1326754181683361,0.16829061117589306,0.07030317,0.011290026,0.08979031853660857,0
5,2026-07-24 23:15:00,-0.07490344692595952,0.3991399395550627,0.07129986,0.011535317,0.20533762813038323,0
5,2026-07-24 23:30:00,-0.08411535252829844,0.3623303556744908,0.06324727,0.009553523,0.18594193923869007,0
5,2026-07-25 01:45:00,-0.007585655818955983,0.6681331300387897,0.082381696,0.01426263,0.3411978798558373,0
5,2026-07-25 06:45:00,-0.07341491245705811,0.40508793085647565,0.097772785,0.018050479,0.2115692048139023,0
6,2026-07-17 17:15:00,-0.054619947691488036,0.48019018026456634,,,0.48019018026456634,0
6,2026-07-17 18:15:00,-0.14722114306196732,0.11016777495839032,,,0.11016777495839032,0
6,2026-07-17 23:00:00,0.02926482741237435,0.8153828970358438,,,0.8153828970358438,0
6,2026-07-18 00:00:00,-0.025062691185447128,0.5982971561287621,,,0.5982971561287621,0
6,2026-07-18 03:00:00,-0.10326151434360292,0.28582476825808123,,,0.28582476825808123,0
6,2026-07-18 03:45:00,-0.11348755853272569,0.24496281769159076,,,0.24496281769159076,0
6,2026-07-18 04:00:00,-0.10763748803609124,0.26833894310460515,,,0.26833894310460515,0
6,2026-07-18 04:15:00,-0.10763748803609124,0.26833894310460515,,,0.26833894310460515,0
6,2026-07-18 06:15:00,-0.11964692750937683,0.22035077553824226,,,0.22035077553824226,0
6,2026-07-18 08:15:00,-0.15425384992930646,0.08206598749814252,0.08462834,0.014815545,0.04844076610385289,0
6,2026-07-18 08:30:00,-0.08579557845432662,0.3556163900920881,0.09173616,0.016564826,0.18609060782090492,0
6,2026-07-18 09:30:00,-0.08232216397552738,0.3694957053096573,0.09023627,0.016195692,0.19284569871581994,0
6,2026-07-18 11:45:00,-0.08500098375465404,0.3587914877875345,0.06273015,0.009426256,0.18410887174897875,0
6,2026-07-18 12:00:00,-0.12078187775518501,0.2158156610812786,0.07212382,0.011738099,0.1137768801195444,0
6,2026-07-18 14:30:00,-0.1429903861986333,0.12707333243605903,0.08013367,0.013709376,0.07039135403542425,0
6,2026-07-18 14:45:00,-0.17098048742435573,0.015228506471675212,0.06449572,0.009860774,0.012544640021255401,0
6,2026-07-18 15:15:00,-0.05077352980215111,0.49555996888911885,0.04999787,0.0062927576,0.25092636323365647,0
6,2026-07-18 16:15:00,-0.16920908176126365,0.02230681449575577,0.047073808,0.0055731265,0.01393997049159484,0
6,2026-07-18 16:30:00,-0.1477191203206818,0.10817792221059255,0.05534623,0.0076090237,0.057893472961583994,0
6,2026-07-18 18:00:00,-0.13112417876105592,0.17448916330463296,0.058126602,0.008293292,0.09139122742924395,0
6,2026-07-18 19:00:00,-0.1300096654162996,0.17894261454705648,0.040656447,0.0039937724,0.09146819349149492,0
6,2026-07-18 19:45:00,-0.1591245125751597,0.06260344923993658,0.05004578,0.0063045486,0.03445399891379332,0
6,2026-07-18 20:15:00,-0.1521276751402243,0.09056190708546505,0.049103253,0.0060725864,0.048317246743881034,0
6,2026-07-18 20:45:00,-0.14179684943035858,0.13184255106278922,0.04441504,0.004918787,0.06838066911277009,0
6,2026-07-18 22:15:00,-0.01407940952990161,0.6421849297161402,0.046679903,0.005476184,0.3238305569527299,0
6,2026-07-18 23:30:00,0.03580822170126907,0.8415294546904913,0.060893018,0.008974125,0.4252517896839853,0
6,2026-07-19 00:00:00,-0.06597372327471462,0.43482196083927654,0.07121186,0.01151366,0.22316781028491509,0
6,2026-07-19 00:15:00,-0.05716544078446739,0.47001871894394126,0.06392821,0.009721106,0.23986991243111475,0
6,2026-07-19 00:30:00,-0.08897245686222699,0.3429219946779303,0.056707986,0.007944161,0.17543307787515183,0
6,2026-07-19 00:45:00,-0.013240387206008397,0.6455375544544113,0.058290903,0.008333727,0.32693564062024416,0
6,2026-07-19 01:15:00,0.023156287962354694,0.790973963099722,0.06665745,0.010392789,0.4006833759486695,0
6,2026-07-19 02:30:00,0.04058742422511474,0.8606265301250325,1.4239659,0.3444353,0.6025309172641689,1
6,2026-07-19 02:45:00,-0.0016409404098273184,0.691887444286527,1.2418253,0.29960933,0.49574838878163785,0
6,2026-07-19 03:00:00,-0.0024545308330629068,0.6886364421354719,1.0919882,0.26273343,0.4756849359029029,0
6,2026-07-19 04:00:00,-0.045107246590451955,0.5182017040713768,0.9633326,0.23107043,0.374636066579031,0
6,2026-07-19 04:15:00,-0.025139429608247776,0.5979905193119209,0.8323714,0.19884002,0.39841527069950905,0
6,2026-07-19 04:45:00,0.012880169148128617,0.7499119208049185,0.7118895,0.16918863,0.45955027718302643,0
6,2026-07-19 06:30:00,-0.1050609054333419,0.27863463408704897,0.46266553,0.10785297,0.1932438035654838,0
6,2026-07-19 07:00:00,-0.06478938301771708,0.43955443139585937,0.33417442,0.07623047,0.2578924488808368,0
6,2026-07-19 07:15:00,-0.06490364406477245,0.43909785902338533,0.2051459,0.044475704,0.24178678172745957,0
6,2026-07-19 08:15:00,-0.11701237204192616,0.23087811859335586,0.08139025,0.014018628,0.12244837320415221,0
6,2026-07-19 09:15:00,-0.139644378096272,0.1404435482443571,0.08461285,0.014811731,0.07762763959398865,0
6,2026-07-19 10:00:00,-0.15045549648443007,0.09724371681635625,0.07937051,0.013521559,0.05538263771074537,0
6,2026-07-19 10:15:00,-0.07593086806404648,0.39503449751129255,0.07809524,0.013207706,0.20412110160137467,0
6,2026-07-19 11:00:00,-0.10666397332604599,0.27222898203089235,0.08678632,0.015346637,0.14378780951328277,0
6,2026-07-19 11:15:00,-0.07791237698279041,0.3871166440395758,0.084709615,0.014835546,0.20097609491637575,0
6,2026-07-19 12:15:00,-0.07504032790825943,0.39859298084563516,0.07725201,0.01300018,0.20579658042955648,0
6,2026-07-19 12:30:00,-0.10546084301685665,0.27703653520687355,0.07947965,0.013548417,0.14529247611186868,0
6,2026-07-19 12:45:00,-0.10847373035741675,0.2649974268971985,0.07507177,0.012463609,0.13873051782692997,0
6,2026-07-19 13:30:00,-0.15189178760035066,0.09150448319948382,0.073470846,0.012069612,0.05178704750481579,0
6,2026-07-19 13:45:00,-0.12938499558048955,0.1814387144542326,0.0631446,0.009528255,0.09548348477217503,0
6,2026-07-19 14:00:00,-0.07942057502492372,0.3810900796416161,0.08086028,0.0138882,0.19748913972764004,0
6,2026-07-19 14:15:00,-0.10463497642816344,0.28033659132804634,0.07871786,0.013360935,0.14684876329569102,0
6,2026-07-19 15:45:00,-0.14570330521467306,0.11623285877154826,0.07759919,0.013085624,0.06465924148731708,0
6,2026-07-19 16:15:00,-0.04329878230338502,0.5254280935659573,0.07891106,0.013408483,0.2694182882860087,0
6,2026-07-19 17:00:00,-0.12932903442551313,0.18166232799491358,0.07329161,0.0120255,0.09684391385565734,0
6,2026-07-19 17:45:00,-0.07612238667052007,0.3942692139191669,0.07352675,0.012083369,0.20317629161319345,0
6,2026-07-19 18:00:00,-0.008129299415773228,0.665960800507634,0.08142794,0.014027904,0.33999435214771284,0
6,2026-07-19 19:30:00,-0.13407616284117174,0.16269341655017786,0.07860486,0.013333126,0.08801327126071777,0
6,2026-07-19 20:30:00,-0.03034598233461261,0.57718580771554,0.07576469,0.012634142,0.2949099750087583,0
6,2026-07-19 21:30:00,-0.04724881490205557,0.5096442739581185,0.07267945,0.011874844,0.26075955913911847,0
6,2026-07-19 21:45:00,-0.09913406887038317,0.3023175067768513,0.071537346,0.011593765,0.1569556357123464,0
6,2026-07-19 23:30:00,0.005169277662765093,0.7191001952861061,0.07728386,0.013008019,0.36605410712084724,0
6,2026-07-20 02:15:00,0.007364527863679138,0.7278721312891054,0.12782176,0.025445728,0.37665892946027757,0
6,2026-07-20 02:30:00,-0.008789601173111117,0.6633223200484935,0.109354064,0.020900706,0.3421115129388781,0
6,2026-07-20 04:30:00,-0.10315806189093002,0.28623815088472765,0.09933672,0.018435372,0.15233676146220168,0
6,2026-07-20 07:30:00,-0.0557253011407981,0.4757733307801635,0.0975013,0.017983664,0.24687849730367217,0
6,2026-07-20 08:00:00,-0.1018962628705703,0.2912801366459107,0.10411274,0.019610781,0.15544545893424627,0
6,2026-07-20 09:15:00,-0.02800612740186037,0.5865355655326029,0.11681592,0.022737117,0.3046363415084074,0
6,2026-07-20 12:45:00,-0.12006489552404148,0.2186806293861488,0.11636489,0.022626117,0.1206533731289913,0
6,2026-07-20 13:00:00,-0.14568394872150559,0.11631020481585652,0.13142711,0.026333028,0.07132161663323239,0
6,2026-07-20 13:45:00,-0.11067573516449669,0.25619850036118935,0.15160847,0.031299792,0.1437491462956593,0
6,2026-07-20 14:00:00,-0.12438813613169869,0.20140551882237492,0.076210864,0.012743948,0.10707473342493325,0
6,2026-07-20 14:15:00,-0.10914005593935405,0.2623348760137131,0.06703262,0.010485122,0.13640999899701128,0
6,2026-07-20 15:00:00,-0.08092353083651427,0.37508446251919486,0.071640715,0.011619204,0.19335183312158097,0
6,2026-07-20 16:45:00,-0.13003961923060908,0.17882292297747637,0.057627674,0.008170502,0.09349671261890186,0
6,2026-07-20 19:15:00,-0.10505089474326235,0.27867463551043437,0.06429174,0.0098105725,0.14424260400026523,0
6,2026-07-20 20:00:00,-0.1272941370441707,0.18979351486116441,0.05795666,0.008251468,0.09902249129041926,0
6,2026-07-20 20:45:00,-0.01818759691885441,0.625769144012434,0.064979315,0.00997979,0.3178744670445237,0
6,2026-07-20 21:30:00,-0.09008141870949155,0.3384907265017915,0.06695963,0.010467158,0.17447894210047962,0
6,2026-07-20 22:00:00,-0.05340672407050506,0.48503806500962116,0.06820918,0.01077468,0.24790637271146346,0
6,2026-07-20 23:00:00,-0.0003326754829638956,0.6971151018030307,0.082788385,0.014362719,0.3557389103565048,0
6,2026-07-20 23:45:00,-0.03332289051106463,0.5652904674942888,0.08305219,0.014427642,0.28985905491613334,0
6,2026-07-21 00:00:00,-0.08838364504595736,0.34527481057471343,0.077314295,0.01301551,0.1791451600788847,0
6,2026-07-21 02:15:00,0.009101851399182403,0.7348142515374461,0.07452602,0.012329296,0.3735717738731821,0
6,2026-07-21 02:30:00,-0.035300398491428964,0.5573886012550995,0.07595027,0.012679814,0.28503420780806765,0
6,2026-07-21 02:45:00,0.005148905848989305,0.7190187921519068,0.073870234,0.012167904,0.36559334787328973,0
6,2026-07-21 04:00:00,-0.09415895296426263,0.3221974267594675,0.08080889,0.013875552,0.1680364896062841,0
6,2026-07-21 04:30:00,-0.024406324916996014,0.6009199108830874,0.09220508,0.01668023,0.30880007016916,0
6,2026-07-21 06:15:00,-0.06354588150741436,0.44452330267233925,0.08085669,0.013887316,0.22920530933043995,0
6,2026-07-21 06:45:00,-0.11956090425876131,0.22069451332669804,0.07364775,0.012113149,0.11640383130228196,0
6,2026-07-21 08:00:00,-0.14415309864987508,0.12242728379525415,0.068728834,0.0109025715,0.06666492764357562,0
6,2026-07-21 08:45:00,-0.15607677406993414,0.07478181829808939,0.053833526,0.0072367378,0.0410092780280053,0
6,2026-07-21 09:30:00,-0.14529905616441058,0.1178481857154653,0.05933679,0.008591128,0.06321965664867985,0
6,2026-07-21 11:00:00,-0.14822937497103228,0.10613901059302679,0.057171583,0.008058256,0.057098633065685585,0
6,2026-07-21 11:15:00,-0.14250979700896466,0.12899370470786264,0.04935432,0.0061343755,0.06756404008601691,0
6,2026-07-21 11:30:00,-0.07801888774260524,0.38669104081296524,0.062274855,0.009314204,0.19800262222391168,0
6,2026-07-21 12:00:00,-0.1275143957204698,0.1889133896655049,0.06162673,0.009154695,0.09903404237584303,0
6,2026-07-21 13:30:00,-0.15013648349245828,0.09851845149058004,0.05126288,0.006604085,0.0525612683506454,0
6,2026-07-21 14:00:00,-0.15545273777552332,0.0772753866557378,0.044516306,0.004943709,0.04110954777246209,0
6,2026-07-21 14:15:00,-0.029419581368979153,0.5808875862099776,0.060289726,0.008825651,0.29485661878998326,0
6,2026-07-21 14:45:00,-0.13091182637576765,0.17533769598353097,0.06148156,0.009118969,0.09222833230221365,0
6,2026-07-21 17:30:00,-0.14591096486121918,0.1154030776699911,0.0568041,0.007967816,0.06168544670221857,0
6,2026-07-21 23:15:00,-0.07052677739557534,0.4166285451868134,0.06282208,0.00944888,0.21303871275827077,0
6,2026-07-22 00:30:00,-0.08428382699688663,0.3616571534782311,0.064862825,0.009951121,0.18580413732601506,0
6,2026-07-22 00:45:00,-0.12204569964741624,0.210765592185612,0.06359453,0.009638985,0.11020228843661918,0
6,2026-07-22 02:45:00,-0.09946715689288577,0.30098653010023296,0.065785065,0.01017809,0.15558231008670062,0
6,2026-07-22 03:00:00,-0.11011600626744017,0.258435104672609,0.07402848,0.012206848,0.1353209762260309,0
6,2026-07-22 03:15:00,-0.051942313799049455,0.49088965913679394,0.0926363,0.016786356,0.2538380073310246,0
6,2026-07-22 04:45:00,-0.12193386295073505,0.21121247716740849,0.07266152,0.011870431,0.1115414539749229,0
6,2026-07-22 05:30:00,-0.1378626725295239,0.14756301335188543,0.056077678,0.0077890377,0.07767602550396221,0
6,2026-07-22 06:30:00,-0.041086632644790844,0.5342675576171007,0.06379099,0.009687336,0.27197744688941666,0
6,2026-07-22 08:15:00,-0.0505649610949549,0.49639338247951126,0.06917973,0.0110135395,0.2537034609937482,0
6,2026-07-22 09:30:00,-0.08734916435009327,0.34940846169870815,0.07573684,0.012627288,0.18101787473326783,0
6,2026-07-22 11:45:00,-0.1574806202275964,0.06917223053996395,0.07081447,0.01141586,0.04029404511215603,0
6,2026-07-22 12:30:00,-0.05991430829125011,0.45903459975780825,0.074072905,0.012217782,0.2356261910978048,0
6,2026-07-22 13:00:00,-0.13926405960294408,0.14196325177648322,0.07334158,0.012037798,0.07700052480374106,0
6,2026-07-22 13:15:00,-0.13593123261121703,0.15528079757072827,0.07862541,0.013338184,0.08430949077744435,0
6,2026-07-22 13:45:00,-0.0424000034090084,0.5290194978346076,0.07957753,0.013572506,0.2712960017549319,0
6,2026-07-22 14:30:00,-0.17324294998618184,0.006187998563621241,0.071684025,0.011629863,0.008908930637227395,0
6,2026-07-22 14:45:00,-0.15922112979551406,0.06221737931798267,0.06346383,0.009606819,0.03591209899326348,0
6,2026-07-22 15:00:00,-0.10686743247458058,0.2714159855763529,0.074182436,0.012244739,0.14183036210737696,0
6,2026-07-22 16:15:00,-0.1488952493594078,0.1034782626206844,0.07639446,0.012789132,0.058133697347103004,0
6,2026-07-22 17:00:00,-0.1674755542535083,0.02923376630796255,0.07561857,0.012598181,0.020915973725682803,0
6,2026-07-22 17:45:00,-0.05330803198031342,0.48543242584320767,0.070216745,0.011268755,0.24835059063212506,0
6,2026-07-22 18:00:00,-0.031712397154065375,0.571725790745812,0.07545369,0.0125576025,0.29214169661665823,0
6,2026-07-22 18:30:00,-0.031712397154065375,0.571725790745812,0.080755234,0.013862347,0.2927940689880636,0
6,2026-07-22 19:00:00,-0.1306879302952333,0.1762323557762744,0.088881284,0.01586222,0.09604728833727251,0
6,2026-07-22 19:15:00,-0.09353252862178163,0.32470053744847976,0.08978567,0.016084798,0.17039266756442886,0
6,2026-07-22 19:30:00,-0.04381876798070994,0.5233502980226196,0.09236517,0.016719628,0.27003496307402436,0
6,2026-07-22 20:00:00,-0.041505068665903755,0.5325955413717434,0.0872763,0.015467225,0.2740313830071889,0
6,2026-07-22 20:15:00,-0.008590339260209467,0.6641185448920583,0.08695286,0.015387623,0.3397530837657976,0
6,2026-07-22 20:30:00,-0.05179166445704464,0.49149163443164184,0.07805977,0.0131989755,0.25234530495264207,0
6,2026-07-22 22:30:00,-0.0875343890256261,0.3486683278409484,0.081337444,0.014005633,0.18133698045600669,0
6,2026-07-22 23:45:00,-0.0817319128293863,0.3718542725825316,0.074542016,0.012333233,0.1920937527459863,0
6,2026-07-23 00:15:00,-0.02283890661581156,0.6071831117802767,0.08193611,0.014152969,0.3106680405069842,0
6,2026-07-23 01:15:00,-0.06233630484782671,0.4493566146311341,0.07903009,0.013437778,0.23139719619438937,0
6,2026-07-23 01:30:00,-0.08998541327689202,0.3388743517989684,0.07099819,0.011461075,0.17516771359715705,0
6,2026-07-23 01:45:00,-0.060614134510461604,0.4562381846587056,0.0720873,0.011729112,0.23398364827683538,0
6,2026-07-23 02:15:00,-0.10269108783536868,0.28810411884079007,0.068889424,0.010942093,0.14952310596873178,0
6,2026-07-23 02:30:00,-0.08854430702319771,0.34463282608388823,0.058522157,0.008390641,0.1765117334619113,0
6,2026-07-23 02:45:00,-0.12235295101423838,0.2095378554449545,0.05040991,0.0063941632,0.1079660093423509,0
6,2026-07-23 03:00:00,-0.056645072507207295,0.47209804330715777,0.056964573,0.0080073085,0.2400526758876902,0
6,2026-07-23 03:45:00,-0.0916959539488546,0.3320392524108733,0.072158076,0.01174653,0.17189289141597575,0
6,2026-07-23 04:00:00,-0.06976886864142184,0.4196570505866895,0.065311745,0.010061603,0.2148593268130963,0
6,2026-07-23 04:30:00,-0.08602173256009066,0.3547127075224422,0.056911822,0.007994326,0.18135351667698735,0
6,2026-07-23 05:30:00,-0.04539485951315425,0.5170524400145828,0.065857016,0.010195798,0.2636241191275924,0
6,2026-07-23 07:45:00,-0.15181356546963654,0.09181704872133496,0.06486051,0.00995055,0.05088379949719788,0
6,2026-07-23 08:00:00,-0.0989969251725345,0.3028655152636481,0.069403045,0.011068499,0.1569670069897032,0
6,2026-07-23 08:45:00,-0.13981357213289947,0.13976747074723753,0.07170077,0.011633983,0.07570072681457059,0
6,2026-07-23 09:00:00,-0.10566158396929876,0.27623440031251384,0.06980729,0.011167986,0.14370119331549144,0
6,2026-07-23 09:15:00,0.015237677772420244,0.7593322204911204,1.2182368,0.29380402,0.5265681200903402,1
6,2026-07-23 11:15:00,-0.1538581535618294,0.08364713902733165,0.98398453,0.236153,0.1599000727904908,0
6,2026-07-23 12:30:00,-0.1553574540440419,0.07765612812854764,0.86611545,0.20714465,0.1424003879826164,0
6,2026-07-23 13:00:00,-0.16250645818167392,0.04908963181100968,0.746224,0.17763858,0.11336410362284721,0
6,2026-07-23 15:30:00,-0.16435072313317384,0.041720187489630765,0.63200545,0.14952865,0.09562441995960573,0
6,2026-07-23 15:45:00,-0.05900407675622921,0.46267176729788667,0.52698463,0.123682335,0.2931770511584991,0
6,2026-07-23 16:00:00,-0.14945695619718996,0.10123375471383134,0.40963542,0.09480192,0.09801783619299431,0
6,2026-07-23 16:15:00,-0.12901974012332362,0.18289822804119032,0.29130116,0.06567908,0.12428865441275558,0
6,2026-07-23 16:30:00,-0.04323112351261382,0.525698449347015,0.1749804,0.03705178,0.28137511381685526,0
6,2026-07-23 16:45:00,-0.12182654281365818,0.21164131456092267,0.057965677,0.008253687,0.10994750081114604,0
6,2026-07-23 17:00:00,-0.11988682281358454,0.2193921849160645,0.062384363,0.009341154,0.11436666958179342,0
6,2026-07-23 17:30:00,-0.13517446377423503,0.15830474800895453,0.06414285,0.0097739315,0.08403933973749876,0
6,2026-07-23 18:00:00,-0.15060426085624412,0.09664927361870349,0.06950335,0.011093185,0.05387122945097357,0
6,2026-07-23 18:30:00,-0.044689461363861205,0.5198711198259577,0.081148215,0.013959062,0.2669150910558395,0
6,2026-07-23 20:00:00,-0.07714063119147685,0.3902004404511046,0.068725236,0.010901686,0.2005510631276166,0
6,2026-07-23 21:45:00,-0.13281590039596963,0.16772926235567798,0.08002159,0.013681793,0.09070552750488753,0
6,2026-07-23 22:00:00,-0.10413937860445427,0.282316936161174,0.08502338,0.014912766,0.14861485128281196,0
6,2026-07-23 22:30:00,-0.0791190319307371,0.3822950068627821,0.0750572,0.012460024,0.19737751547942692,0
6,2026-07-23 22:45:00,-0.02128978830441164,0.6133731882840923,0.08564474,0.015065686,0.3142194370650019,0
6,2026-07-24 00:45:00,-0.009385087458074093,0.6609428338376806,0.09307204,0.016893594,0.33891821371605624,0
6,2026-07-24 01:00:00,-0.12240716209693481,0.20932123496685667,0.08992887,0.016120039,0.11272063694672904,0
6,2026-07-24 04:00:00,-0.1041493523925402,0.28227708219338443,0.08583093,0.015111509,0.14869429548630608,0
6,2026-07-24 04:45:00,-0.11614562399695094,0.23434153172871586,0.07999904,0.013676242,0.12400888685013411,0
6,2026-07-24 05:30:00,-0.06232421992061454,0.449404904437946,0.09703844,0.01786975,0.23363732723786768,0
6,2026-07-24 06:45:00,-0.12653534537473093,0.19282554827638204,0.092403285,0.016729008,0.10477727834139136,0
6,2026-07-24 07:30:00,-0.09140315225224677,0.333209250137394,0.099611364,0.018502964,0.1758561069221225,0
6,2026-07-24 08:45:00,-0.08467825325366479,0.360081077147196,0.08148919,0.014042978,0.18706202766109023,0
6,2026-07-24 09:15:00,-0.03148875632345072,0.5726194305928748,0.07651567,0.012818961,0.2927191959985694,0
6,2026-07-24 13:45:00,-0.16264680663442077,0.04852881753794743,0.08376602,0.014603321,0.03156606948923267,0
6,2026-07-24 14:00:00,-0.1746498206895702,0.0005663251117847259,0.08601516,0.015156848,0.007861586733956233,0
6,2026-07-24 14:45:00,-0.16477580249099155,0.04002162532964532,0.07880878,0.013383311,0.02670246827457937,0
6,2026-07-24 16:15:00,-0.056585310277803225,0.4723368454498524,0.07488506,0.012417659,0.2423772523066637,0
6,2026-07-24 16:30:00,-0.1567954045459679,0.07191026381972132,0.06792184,0.010703964,0.041307113989306976,0
6,2026-07-24 17:15:00,-0.13157325617202287,0.1726947080267086,0.059207518,0.008559312,0.0906270098834045,0
6,2026-07-24 18:30:00,-0.015192756486258618,0.6377361392109707,0.053510394,0.0071572126,0.3224466758999534,0
6,2026-07-24 20:15:00,-0.07629932306498344,0.3935621989610597,0.062372964,0.009338349,0.20145027403249366,0
6,2026-07-24 20:30:00,-0.11642620430540929,0.23322036908927113,0.067055985,0.010490872,0.12185562052757815,0
6,2026-07-24 21:00:00,-0.12628010134386491,0.19384547042601769,0.073127605,0.011985137,0.10291530377667876,0
6,2026-07-24 21:30:00,-0.14240218885823125,0.1294236929667142,0.0739709,0.012192678,0.07080818533659711,0
6,2026-07-24 21:45:00,-0.13072917452215294,0.17606754917751785,0.07110485,0.011487324,0.09377743648415325,0
6,2026-07-24 22:15:00,-0.005538233796939296,0.6763143637500013,0.07872475,0.013362631,0.3448384974758727,0
6,2026-07-24 22:45:00,-0.09717822844204843,0.3101327922792909,0.07803771,0.013193547,0.16166316953682291,0
6,2026-07-24 23:15:00,0.016054456324660182,0.7625959619935185,0.0865589,0.015290667,0.3889433146482125,0
6,2026-07-24 23:45:00,-0.07162449531097947,0.41224220630878405,0.080667086,0.013840653,0.21304142965552308,0
7,2026-07-17 21:45:00,-0.06853101370042447,0.42460335890220835,,,0.42460335890220835,0
7,2026-07-17 23:45:00,-0.014706484653895235,0.6396792185883359,,,0.6396792185883359,0
7,2026-07-18 03:15:00,-0.11811097560200612,0.22648824079369728,,,0.22648824079369728,0
7,2026-07-18 03:30:00,-0.05750739824277096,0.46865230114849443,,,0.46865230114849443,0
7,2026-07-18 06:00:00,-0.018733656272945987,0.6235871614275168,,,0.6235871614275168,0
7,2026-07-18 08:45:00,-0.08091808215912799,0.3751062347296306,,,0.3751062347296306,0
7,2026-07-18 12:45:00,-0.04853349697006837,0.5045108504968124,,,0.5045108504968124,0
7,2026-07-18 14:15:00,-0.1429903861986333,0.12707333243605903,0.12551257,0.024877422,0.07597537699698116,0
7,2026-07-18 14:30:00,-0.1506834112917919,0.09633299871074737,0.10627678,0.020143367,0.05823818303042442,0
7,2026-07-18 15:45:00,-0.16127416272102368,0.05401372516178563,0.072328225,0.011788405,0.032901064854231846,0
7,2026-07-18 16:45:00,-0.14090341562078956,0.13541259706355585,0.06582984,0.01018911,0.07280085373837478,0
7,2026-07-18 17:00:00,-0.09380909424726619,0.3235954169631839,0.084333435,0.014742966,0.1691691913865924,0
7,2026-07-18 18:15:00,-0.08268413250812728,0.36804932584833494,0.0786751,0.013350412,0.19069986904895003,0
7,2026-07-18 18:45:00,-0.13008274086007615,0.1786506145208491,0.060591236,0.0088998545,0.09377523450848525,0
7,2026-07-18 19:30:00,-0.04822194340080288,0.5057557782822488,0.06994198,0.011201135,0.2584784565825581,0
7,2026-07-18 20:15:00,-0.07685613033974936,0.3913372690746087,0.07049122,0.011336305,0.2013367871266553,0
7,2026-07-18 20:30:00,-0.12055506768519741,0.2167219647991594,0.07039641,0.011312972,0.11401746831103843,0
7,2026-07-18 21:00:00,-0.09852084666507016,0.3047678634325,0.07769211,0.013108491,0.15893817719938022,0
7,2026-07-18 21:45:00,-0.1361311804592889,0.15448183181890027,0.075643815,0.012604393,0.083543112441938,0
7,2026-07-18 22:00:00,-0.09321801890558074,0.3259572776149023,0.0707534,0.011400831,0.1686790542734319,0
7,2026-07-19 05:15:00,-0.10398088791581822,0.2829502444634385,0.08931389,0.015968688,0.149459466147897,0
7,2026-07-19 06:45:00,-0.1050609054333419,0.27863463408704897,0.08296394,0.014405925,0.1465202794569547,0
7,2026-07-19 07:15:00,-0.026954879301572587,0.5907362170370006,0.14134909,0.028774893,0.3097555549741578,0
7,2026-07-19 08:15:00,0.0544274077129695,0.9159293149226286,3.9854913,0.9748435,0.9453864084836532,1
7,2026-07-19 09:45:00,-0.030171121929088107,0.5778845272902294,4.0877094,1.0,0.7889422636451147,0
7,2026-07-19 10:00:00,-0.13196715246504448,0.17112074936233151,4.084192,0.9991343,0.5851275257508068,0
7,2026-07-19 10:30:00,-0.1172853645875423,0.22978727567328983,3.5571399,0.8694234,0.5496053325540522,0
7,2026-07-19 12:15:00,-0.12880128658236417,0.1837711401493988,2.5362482,0.61817527,0.40097320416130827,0
7,2026-07-19 12:30:00,-0.03728484929873577,0.54945899237701,2.0510535,0.49876568,0.5241123347953394,0
7,2026-07-19 14:45:00,-0.07474600536512233,0.39976905567827326,1.5751094,0.38163272,0.3907008855709558,0
7,2026-07-19 15:15:00,-0.012995340467806815,0.646516729540856,1.0951169,0.2635034,0.4550100660061992,0
7,2026-07-19 17:15:00,-0.006085112290857397,0.6741291079882349,0.59446466,0.1402896,0.4072093563260419,0
7,2026-07-19 17:30:00,-0.061872307179607455,0.451210689328162,0.078400016,0.013282713,0.23224670093856659,0
7,2026-07-19 18:15:00,-0.10046943287411009,0.29698156485254396,0.0864116,0.0152544165,0.15611799067777807,0
7,2026-07-19 19:00:00,-0.05031839069905386,0.4973786459051461,0.090245254,0.016197903,0.2567882744934604,0
7,2026-07-19 19:30:00,-0.09269831904217246,0.32803393108277884,0.0868903,0.015372228,0.17170307948007865,0
7,2026-07-19 20:00:00,-0.02443753452129338,0.600795201339063,0.085780494,0.015099096,0.3079471487255081,0
7,2026-07-19 20:45:00,-0.10181084136579771,0.2916214699357712,0.071540914,0.011594643,0.15160805641040026,0
7,2026-07-19 22:00:00,-0.012145393028772489,0.6499130096268426,0.06446982,0.0098544005,0.32988370507865006,0
7,2026-07-20 00:45:00,-0.08961257461271915,0.3403641669007761,0.09271497,0.016805718,0.17858494231117877,0
7,2026-07-20 01:00:00,-0.03270797188354213,0.5677476028337748,0.08536698,0.014997328,0.29137246526701605,0
7,2026-07-20 04:30:00,-0.07599343546020743,0.3947844862848867,0.080968395,0.013914808,0.20434964699225372,0
7,2026-07-20 06:30:00,-0.10216192235818666,0.29021859567760094,0.075469665,0.012561534,0.15139006463884644,0
7,2026-07-20 08:30:00,-0.10822334920944748,0.2659979175954476,0.07212942,0.0117394775,0.13886869755533413,0
7,2026-07-20 09:30:00,-0.012132978569715402,0.6499626162003053,0.07986724,0.013643805,0.3318032105689532,0
7,2026-07-20 10:30:00,-0.0792993746531202,0.3815743806586745,0.11053268,0.021190772,0.20138257624586833,0
7,2026-07-20 11:15:00,-0.10366286972236799,0.28422100405137674,0.15135984,0.031238602,0.1577298032628543,0
7,2026-07-20 12:30:00,-0.06618241986429385,0.4339880362474141,0.07337788,0.012046731,0.22301738366227436,0
7,2026-07-20 13:15:00,-0.11771375716251109,0.22807547432589823,0.06472676,0.0099176355,0.11899655489826348,0
7,2026-07-20 13:30:00,-0.02333816764818497,0.6051881292389029,0.083679356,0.014581992,0.30988506076490846,0
7,2026-07-20 14:30:00,-0.11491215953816997,0.2392702962448953,0.08962389,0.016044982,0.12765763901128163,0
7,2026-07-20 14:45:00,-0.08281301103716565,0.367534343907591,0.08575168,0.015092006,0.19131317493039185,0
7,2026-07-20 15:15:00,-0.12299128779579,0.20698714418944483,0.08103407,0.013930971,0.110459057496174,0
7,2026-07-20 15:45:00,-0.02037589234082915,0.617024998406969,0.08237537,0.014261073,0.3156430359199159,0
7,2026-07-20 16:15:00,-0.1353484404890667,0.15760955954803108,0.08128728,0.013993287,0.08580142350352346,0
7,2026-07-20 16:45:00,-0.07668858444479965,0.3920067608106542,0.08165964,0.014084927,0.20304584380852225,0
7,2026-07-20 17:00:00,-0.1097885331710221,0.25974364483048584,0.082897305,0.014389525,0.13706658499906493,0
7,2026-07-20 17:30:00,-0.11852354399799292,0.22483967081978296,0.08428144,0.0147301685,0.11978491966314303,0
7,2026-07-20 17:45:00,-0.102125352255786,0.29036472507904604,0.07499447,0.012444585,0.1514046548547379,0
7,2026-07-20 19:00:00,-0.017122035961565807,0.6300269878430546,0.07480887,0.012398909,0.32121294834456743,0
7,2026-07-20 20:00:00,-0.11029007957147874,0.25773953025370167,0.06567726,0.0101515595,0.13394554487034344,0
7,2026-07-20 23:30:00,-0.06123553405428994,0.4537551524155082,0.07163469,0.011617721,0.23268643673696823,0
7,2026-07-21 00:15:00,-0.11292353893917217,0.2472165670715152,0.08163228,0.014078193,0.1306473802078455,0
7,2026-07-21 01:15:00,-0.10055821845959617,0.2966267891310574,0.06343635,0.009600056,0.1531134227331937,0
7,2026-07-21 02:15:00,-0.12068034921213805,0.21622135601378098,0.06151549,0.009127319,0.11267433743644066,0
7,2026-07-21 02:30:00,-0.12068034921213805,0.21622135601378098,0.049734067,0.006227834,0.11122459508198805,0
7,2026-07-21 02:45:00,-0.05386966196118548,0.4831882250466314,0.054691363,0.007447857,0.24531804099534288,0
7,2026-07-21 03:00:00,-0.018525732189547006,0.6244179991845519,0.05391785,0.007257491,0.31583774503453227,0
7,2026-07-21 03:15:00,-0.0037708472204042165,0.6833766120237837,0.041765116,0.004266623,0.3438216174828624,0
7,2026-07-21 05:00:00,0.007381269346093178,0.7279390280885091,0.041857973,0.0042894753,0.36611425167906236,0
7,2026-07-21 05:15:00,-0.07551113802519771,0.3967116844842329,0.057528224,0.008146026,0.20242885532798838,0
7,2026-07-21 07:30:00,-0.13908026457349199,0.1426976729533276,0.067056134,0.010490909,0.07659429108605788,0
7,2026-07-21 07:45:00,-0.1457363725081256,0.1161007261418201,0.06359349,0.0096387295,0.06286972782353051,0
7,2026-07-21 08:30:00,-0.049050967655134836,0.5024431045374036,0.07771627,0.013114437,0.2577787709991515,0
7,2026-07-21 09:00:00,-0.13173348777905586,0.1720544432395942,0.07695131,0.012926176,0.09249030971498524,0
7,2026-07-21 09:30:00,0.05608301281024819,0.9225448988563056,4.01344,0.9817219,0.9521333884540317,1
7,2026-07-21 10:45:00,-0.030583707136010996,0.5762358901419877,3.5600536,0.8701405,0.7231881915290475,0
7,2026-07-21 11:30:00,-0.03195934038722725,0.5707390375106829,3.1128287,0.7600755,0.6654072735294351,0
7,2026-07-21 12:00:00,-0.014488725103921851,0.6405493575982825,2.1705525,0.5281752,0.5843622663941272,0
7,2026-07-21 12:45:00,-0.13001510984619502,0.1789208593090451,1.1311432,0.2723697,0.2256452859501082,0
7,2026-07-21 14:30:00,-0.1511370116186066,0.0945204704458137,0.5932505,0.1399908,0.11725563851270177,0
7,2026-07-21 14:45:00,-0.06084394290556561,0.4553199000212802,0.091350205,0.016469838,0.23589486905948587,0
7,2026-07-21 15:30:00,-0.16361758197730625,0.04464972476868794,0.08166257,0.0140856495,0.029367687140698064,0
7,2026-07-21 18:45:00,-0.0159615259483582,0.6346642358262039,0.09350143,0.016999269,0.3258317523652661,0
7,2026-07-21 19:00:00,-0.020204476022938178,0.6177099558527231,0.09047057,0.016253354,0.31698165494029523,0
7,2026-07-21 22:00:00,-0.012279020519370909,0.6493790514496459,0.09575068,0.017552825,0.33346593807029196,0
7,2026-07-21 23:00:00,-0.05720532411603518,0.46985935030707543,0.10126995,0.018911153,0.24438525169257733,0
7,2026-07-21 23:15:00,-0.0010240532195064933,0.6943524457484611,0.098852016,0.018316085,0.3563342651337449,0
7,2026-07-22 00:45:00,-0.029634084359325685,0.580030459991295,0.102830976,0.019295331,0.29966289554099185,0
7,2026-07-22 01:30:00,-0.03793125961386734,0.5468760203250536,0.09473823,0.017303655,0.2820898376245443,0
7,2026-07-22 01:45:00,-0.03793125961386734,0.5468760203250536,0.09171224,0.016558938,0.2817174790267293,0
7,2026-07-22 02:00:00,-0.031615233777930185,0.5721140430356596,0.08172342,0.014100624,0.2931073336420225,0
7,2026-07-22 03:15:00,-0.016603904544769676,0.6320973740010363,0.101010434,0.018847285,0.32547232941979676,0
7,2026-07-22 03:45:00,-0.06864534246880938,0.42414651592405644,0.08932848,0.015972279,0.22005939746812983,0
7,2026-07-22 04:30:00,-0.09915516439479044,0.30223321178852913,0.08778359,0.015592071,0.15891264150812923,0
7,2026-07-22 06:45:00,-0.07242604275241105,0.4090393263561126,0.08690432,0.015375677,0.21220750146049244,0
7,2026-07-22 07:15:00,-0.1348297702656142,0.15968209870775513,0.05953346,0.0086395275,0.08416081309626486,0
7,2026-07-22 08:30:00,-0.14034762056695238,0.13763348224603453,0.06479243,0.009933797,0.07378363947865028,0
7,2026-07-22 08:45:00,-0.16597784968779622,0.03521840013072954,0.06925073,0.011031014,0.023124707022091084,0
7,2026-07-22 09:00:00,-0.16042109197407134,0.057422485582434284,0.069679216,0.011136467,0.034279476109844026,0
7,2026-07-22 10:15:00,-0.03333848696229136,0.5652281460914812,0.08401455,0.014664486,0.2899463160710435,0
7,2026-07-22 11:15:00,-0.1511483773166532,0.09447505458576608,0.07055902,0.011352992,0.05291402313551867,0
7,2026-07-22 13:15:00,-0.15228226873642275,0.08994417106076874,0.06492899,0.009967405,0.049955788204892465,0
7,2026-07-22 14:00:00,-0.06707108945813844,0.43043702743676904,0.072216146,0.011760822,0.22109892450137736,0
7,2026-07-22 14:30:00,-0.058696627288915004,0.4639002956225002,0.06332925,0.009573698,0.2367369968331617,0
7,2026-07-22 15:15:00,-0.05728252227711783,0.4695508764354938,0.0667133,0.010406536,0.23997870624281734,0
7,2026-07-22 16:15:00,-0.08748187995473011,0.34887814729992617,0.07810628,0.013210421,0.18104428436400527,0
7,2026-07-22 16:45:00,-0.13180995046733845,0.1717489082222404,0.07523964,0.012504924,0.09212691615547845,0
7,2026-07-22 18:30:00,-0.15283294869538688,0.08774372513612821,0.07023794,0.011273973,0.049508848913116826,0
7,2026-07-22 19:15:00,-0.1453620928929495,0.11759629909755198,0.07012858,0.011247058,0.0644216787482868,0
7,2026-07-22 20:30:00,-0.14258993557700106,0.12867348135022685,0.07191359,0.011686361,0.07017992137252473,0
7,2026-07-22 21:00:00,-0.14548937225457237,0.1170877072230615,0.07130846,0.011537433,0.06431256994682738,0
7,2026-07-22 21:15:00,-0.06564790574565815,0.43612388556400666,0.07093929,0.011446578,0.22378523199607794,0
7,2026-07-22 22:45:00,-0.01604884078813762,0.6343153370144247,0.055222876,0.007578666,0.3209470014353483,0
7,2026-07-23 00:00:00,-0.030650214034906087,0.5759701371719514,0.05210991,0.006812544,0.2913913406229305,0
7,2026-07-23 01:45:00,-0.03610021826813459,0.554192624827322,0.043833964,0.00477578,0.2794842023073865,0
7,2026-07-23 02:00:00,-0.0961646745402619,0.3141828226395477,0.051880274,0.0067560296,0.1604694260984922,0
7,2026-07-23 02:30:00,-0.08789349779768485,0.34723337561304135,0.064287156,0.009809445,0.1785214101357498,0
7,2026-07-23 02:45:00,-0.02315427681391591,0.6059229332394103,0.070956975,0.011450931,0.3086869323346366,0
7,2026-07-23 03:00:00,-0.056645072507207295,0.47209804330715777,0.07645718,0.012804568,0.24245130556051553,0
7,2026-07-23 03:30:00,-0.07177832051536559,0.41162754067843293,0.082705215,0.01434225,0.21298489549043345,0
7,2026-07-23 03:45:00,-0.0916959539488546,0.3320392524108733,0.083814465,0.014615243,0.17332724785583442,0
7,2026-07-23 04:00:00,-0.0010564686620762043,0.6942229178305901,0.087297484,0.015472438,0.3548476780084986,0
7,2026-07-23 05:45:00,-0.12203966247959352,0.21078971592775225,0.08557387,0.015048244,0.11291897998224318,0
7,2026-07-23 06:00:00,-0.13780548073453974,0.14779154437094136,0.09023805,0.01619613,0.081993837107267,0
7,2026-07-23 06:30:00,-0.09289074706396339,0.3272650135846135,0.090614125,0.016288685,0.17177684913283572,0
7,2026-07-23 07:00:00,-0.09707644179158009,0.31053951857568124,0.08883991,0.01585204,0.16319577912778307,0
7,2026-07-23 08:00:00,-0.024691319977165893,0.5997811074665382,0.092872635,0.016844518,0.30831281297461166,0
7,2026-07-23 10:15:00,-0.09231141298403844,0.329579957672236,0.08738543,0.015494082,0.1725370198976386,0
7,2026-07-23 11:30:00,-0.09417008573819369,0.32215294163407343,0.077082425,0.012958445,0.1675556931445075,0
7,2026-07-23 12:15:00,-0.03226332599430026,0.5695243503237887,0.080916576,0.013902054,0.2917132022460363,0
7,2026-07-23 15:30:00,-0.1554189407543624,0.07741043518305012,0.069438346,0.011077187,0.044243811103553514,0
7,2026-07-23 16:00:00,-0.10375776979357632,0.283841795635419,0.06944146,0.0110779535,0.1474598745689774,0
7,2026-07-23 17:00:00,-0.08229760164706523,0.3695938531987977,0.0762094,0.012743589,0.19116872086788772,0
7,2026-07-23 17:15:00,-0.14242127120491688,0.12934744237630602,0.076928966,0.012920678,0.07113406001910089,0
7,2026-07-23 18:30:00,-0.08549431428853649,0.35682020275144133,0.07367291,0.012119342,0.18446977219655292,0
7,2026-07-23 19:00:00,-0.027663071206751932,0.5879063737382784,0.08380614,0.014613195,0.30125978453036617,0
7,2026-07-23 19:15:00,-0.09570037006118204,0.3160381233131104,0.079168394,0.013471816,0.16475496952410604,0
7,2026-07-23 19:30:00,-0.1250483208652537,0.19876750597514212,0.088277906,0.015713725,0.10724061560709029,0
7,2026-07-23 21:00:00,-0.13281590039596963,0.16772926235567798,0.080560185,0.013814344,0.09077180321326489,0
7,2026-07-23 21:15:00,-0.13863251591362624,0.14448681871363123,0.066788465,0.010425034,0.07745592634637455,0
7,2026-07-23 21:30:00,-0.1412161173851877,0.13416308123880694,0.06909804,0.010993435,0.07257825814318691,0
7,2026-07-23 22:00:00,-0.09680546744500357,0.31162229703329586,0.07700583,0.012939595,0.1622809458596636,0
7,2026-07-23 22:15:00,-0.004317208190959265,0.6811934242184712,0.07746617,0.013052886,0.3471231552852071,0
7,2026-07-24 01:30:00,-0.03677715633651191,0.5514876678199945,0.063911,0.00971687,0.2806022690416067,0
7,2026-07-24 02:00:00,-0.08280384857473283,0.36757095592295813,0.07425586,0.012262809,0.1899168825066372,0
7,2026-07-24 02:15:00,-0.0647802746668622,0.4395908271883565,0.060688626,0.008923822,0.22425732463546783,0
7,2026-07-24 02:45:00,-0.10070954956355133,0.29602208960359344,0.06826489,0.01078839,0.15340524000826006,0
7,2026-07-24 03:00:00,-0.016037457231640295,0.6343608242345327,0.07567126,0.012611149,0.32348598655673233,0
7,2026-07-24 03:45:00,-0.06514117740777603,0.43814870649282717,0.07397353,0.012193325,0.22517101573424828,0
7,2026-07-24 04:00:00,-0.049497949608017455,0.5006570224390855,0.08263377,0.014324667,0.25749084468565536,0
7,2026-07-24 05:30:00,0.0583958605423015,0.9317867393908408,3.8784373,0.9484968,0.9401417789666606,1
7,2026-07-24 05:45:00,-0.06443668419348414,0.4409637703009264,4.010953,0.9811098,0.7110367841277428,0
7,2026-07-24 06:30:00,-0.044562450363679784,0.5203786393628216,4.0461316,0.98976743,0.7550730357878256,0
7,2026-07-24 07:00:00,-0.1306946862623808,0.176205359804958,3.5653374,0.8714409,0.5238231236280649,0
7,2026-07-24 07:15:00,-0.13364337038582635,0.16442279925074196,3.0632205,0.74786663,0.4561447149024706,0
7,2026-07-24 07:30:00,-0.07770622842678376,0.38794038701868955,2.5733595,0.6273086,0.507624497060065,0
7,2026-07-24 08:00:00,-0.04029955837786381,0.5374126046355302,2.0991783,0.5106095,0.5240110560981301,0
7,2026-07-24 09:00:00,-0.1326425865831526,0.1684218019458504,1.5868895,0.3845319,0.27647684366568187,0
7,2026-07-24 09:30:00,-0.06553010606600351,0.4365945978548763,1.082156,0.26031363,0.3484541139794706,0
7,2026-07-24 11:45:00,-0.1507969238730602,0.09587941711079756,0.58427846,0.13778272,0.11683106991118034,0
7,2026-07-24 12:15:00,-0.15906555397824135,0.06283904017111108,0.076438494,0.012799969,0.03781950455705546,0
7,2026-07-24 13:30:00,-0.16264680663442077,0.04852881753794743,0.074636064,0.012356379,0.030442598303667672,0
7,2026-07-24 14:45:00,-0.031475620397422466,0.5726719200550837,0.07613274,0.01272472,0.2926983199983499,0
7,2026-07-24 18:15:00,-0.15642285189165323,0.0733989360631108,0.07941958,0.013533635,0.043466285564035166,0
7,2026-07-24 19:15:00,-0.04004547780218537,0.5384278777686466,0.08394276,0.014646819,0.276537348315006,0
7,2026-07-24 20:30:00,-0.14781946232092585,0.10777696854973544,0.07638767,0.012787462,0.060282215380940384,0
7,2026-07-24 22:00:00,-0.0944140146497453,0.3211782332384103,0.07936304,0.013519719,0.16734897624072997,0
7,2026-07-25 02:00:00,0.0042673245452499176,0.7154961072321547,0.114399746,0.022142483,0.36881929507681793,0
7,2026-07-25 04:15:00,-0.1026914044126348,0.28810285383896145,0.09626527,0.01767947,0.15289116174944298,0
7,2026-07-25 05:45:00,-0.11903767088508127,0.22278528624481173,0.098489664,0.018226907,0.12050609645101533,0
7,2026-07-25 06:00:00,-0.14882782130547778,0.10374769640715417,0.097765796,0.018048758,0.060898227047182604,0
8,2026-07-17 23:30:00,-0.07490344692595952,0.3991399395550627,,,0.3991399395550627,0
8,2026-07-18 01:15:00,-0.007585655818955983,0.6681331300387897,,,0.6681331300387897,0
8,2026-07-18 02:45:00,-0.11345723298209054,0.24508399467147052,,,0.24508399467147052,0
8,2026-07-18 06:30:00,-0.07341491245705811,0.40508793085647565,,,0.40508793085647565,0
8,2026-07-18 07:00:00,-0.017569501607323956,0.6282389729705371,,,0.6282389729705371,0
8,2026-07-18 07:15:00,-0.07056829100773832,0.4164626621594503,,,0.4164626621594503,0
8,2026-07-18 09:45:00,-0.15733374626168406,0.06975911992002337,,,0.06975911992002337,0
8,2026-07-18 11:00:00,-0.02682502596988323,0.5912550941631164,,,0.5912550941631164,0
8,2026-07-18 11:45:00,-0.02676425663832116,0.5914979205558372,0.112360254,0.02164055,0.3065692354505098,0
8,2026-07-18 12:30:00,-0.04853349697006837,0.5045108504968124,0.080270074,0.013742946,0.25912689829256325,0
8,2026-07-18 12:45:00,-0.1585500547048469,0.06489890862434067,0.074339055,0.012283283,0.038591095955068655,0
8,2026-07-18 13:45:00,-0.14438725672863628,0.12149161838425757,0.074320205,0.012278644,0.06688513137615502,0
8,2026-07-18 14:30:00,-0.17098048742435573,0.015228506471675212,0.07557116,0.012586512,0.013907509071609167,0
8,2026-07-18 15:00:00,-0.17026427430930008,0.018090401488088863,0.06557153,0.010125538,0.014107969911169657,0
8,2026-07-18 16:15:00,-0.158973443480723,0.06320710181123707,0.05942974,0.008614002,0.0359105518034433,0
8,2026-07-18 16:30:00,-0.1477191203206818,0.10817792221059255,0.06513161,0.010017271,0.05909759668211069,0
8,2026-07-18 16:45:00,-0.04905387005122441,0.5024315069378487,0.05317448,0.0070745423,0.2547530246407326,0
8,2026-07-18 17:15:00,-0.07803771056692788,0.38661582724036875,0.05915785,0.008547089,0.19758145815149994,0
8,2026-07-18 17:30:00,-0.12479323772331247,0.19978678523343385,0.060662072,0.008917287,0.10435203611275345,0
8,2026-07-18 18:30:00,-0.08268413250812728,0.36804932584833494,0.05613251,0.0078025335,0.18792592964990135,0
8,2026-07-18 18:45:00,-0.11325233636210752,0.24590273507608298,0.0677617,0.010664552,0.1282836437631315,0
8,2026-07-18 19:30:00,-0.11235206181970092,0.24950011576090514,0.064071216,0.009756301,0.12962820817964404,0
8,2026-07-18 21:15:00,-0.12246284885972603,0.20909871786187456,0.064818926,0.009940317,0.10951951738124274,0
8,2026-07-18 22:30:00,-0.07720959032943797,0.38992488865078356,0.06702113,0.0104822945,0.20020359156787826,0
8,2026-07-18 23:15:00,0.024605948225122742,0.7967666180990464,0.08225336,0.014231046,0.4054988319147292,0
8,2026-07-19 00:30:00,0.023970373302641845,0.7942269428753327,0.0844501,0.0147716785,0.4044993106801545,0
8,2026-07-19 01:00:00,-0.06090748572182181,0.45506599114227514,0.07301221,0.011956738,0.23351136472517361,0
8,2026-07-19 02:15:00,-0.09704950156466341,0.31064716823963345,0.075796366,0.0126419375,0.16164455285577983,0
8,2026-07-19 05:15:00,-0.0887686982038432,0.34373618793510674,0.0664595,0.010344073,0.17704013055574536,0
8,2026-07-19 06:15:00,-0.007196237215676304,0.6696891964338295,0.07547719,0.012563386,0.3411262912172612,0
8,2026-07-19 08:00:00,-0.028762101416171748,0.5835147911030145,0.093375556,0.016968291,0.300241541177933,0
8,2026-07-19 08:45:00,-0.10675755261669378,0.2718550512833052,0.09262537,0.016783666,0.14431935857448247,0
8,2026-07-19 09:30:00,-0.03324699279821142,0.5655937449428663,0.084111705,0.014688397,0.2901410708846264,0
8,2026-07-19 09:45:00,-0.10520725948700727,0.27804982220911467,0.07931497,0.013507889,0.14577885543074948,0
8,2026-07-19 10:00:00,-0.07593086806404648,0.39503449751129255,0.085379645,0.015000445,0.20501747117410354,0
8,2026-07-19 10:15:00,0.006264975975820319,0.7234784640942414,0.089942105,0.016123297,0.3698008803936044,0
8,2026-07-19 12:45:00,-0.07504032790825943,0.39859298084563516,0.089191504,0.015938569,0.2072657748529638,0
8,2026-07-19 13:00:00,-0.11998060390326731,0.219017447805622,0.08675221,0.015338243,0.11717784539546508,0
8,2026-07-19 13:30:00,-0.11059855696941134,0.2565068944512269,0.083016604,0.014418885,0.13546288978151783,0
8,2026-07-19 14:00:00,-0.13585685004956122,0.15557802067099824,0.082392536,0.014265298,0.08492165929152973,0
8,2026-07-19 14:30:00,-0.14202457807792807,0.13093257682764403,0.080526136,0.013805965,0.07236927089464601,0
8,2026-07-19 16:00:00,-0.1434484752289003,0.1252428678924252,0.07359902,0.012101156,0.06867201179908759,0
8,2026-07-19 16:15:00,-0.13261156998437945,0.16854574026475153,0.07083959,0.011422043,0.08998389149983625,0
8,2026-07-19 17:00:00,-0.07483686896175545,0.39940597649288645,0.07670192,0.012864799,0.20613538786581392,0
8,2026-07-19 17:15:00,-0.11624736909472516,0.23393497147151934,0.07277183,0.01189758,0.12291627561916464,0
8,2026-07-19 18:30:00,-0.06456805036680446,0.4404388480552321,0.06373865,0.009674454,0.22505665108155634,0
8,2026-07-19 18:45:00,-0.008129299415773228,0.665960800507634,0.06469966,0.009910964,0.33793588245733036,0
8,2026-07-19 19:00:00,-0.09628587786437737,0.3136985098254325,0.073043175,0.011964358,0.16283143410740505,0
8,2026-07-19 19:30:00,-0.10006973751275844,0.2985786958442698,0.0727276,0.011886694,0.15523269469075254,0
8,2026-07-19 20:15:00,-0.11653593758718772,0.23278188908149855,0.06653184,0.010361875,0.12157188224444815,0
8,2026-07-19 21:30:00,-0.107171630450072,0.27020044979271346,0.065327846,0.010065566,0.14013300780488577,0
8,2026-07-19 22:15:00,0.03436374254647956,0.8357575027288405,0.08334188,0.014498938,0.4251282203019365,0
8,2026-07-19 23:30:00,-0.06972209586469513,0.41984394855574947,0.07863594,0.013340775,0.21659236173965624,0
8,2026-07-20 00:45:00,-0.08961257461271915,0.3403641669007761,0.09773301,0.01804069,0.1792024287359229,0
8,2026-07-20 01:00:00,0.007535349661044521,0.7285547131076984,0.08930368,0.015966175,0.3722604441158738,0
8,2026-07-20 01:15:00,-0.03213859805626662,0.5700227470394621,0.102716416,0.019267138,0.294644942566586,0
8,2026-07-20 02:00:00,-0.08280600190722698,0.3675623514846923,0.09716748,0.017901508,0.19273192981113801,0
8,2026-07-20 03:15:00,-0.10423488710072942,0.2819352965573058,0.09335937,0.016964309,0.14944980273741412,0
8,2026-07-20 03:30:00,-0.11848263284657301,0.22500314649190226,0.08592436,0.015134502,0.12006882434708734,0
8,2026-07-20 05:45:00,-0.1048878370315009,0.2793261930466876,0.07568229,0.012613862,0.14597002743413973,0
8,2026-07-20 07:00:00,-0.007006307278874857,0.670448131907327,0.0822478,0.014229678,0.34233890476243845,0
8,2026-07-20 07:15:00,-0.010069684993000871,0.6582072705922299,0.0980073,0.018108193,0.3381577317117539,0
8,2026-07-20 08:00:00,-0.1018962628705703,0.2912801366459107,0.071841955,0.0116687305,0.15147443358653662,0
8,2026-07-20 08:30:00,-0.1390371577846135,0.14286992210888144,0.078839734,0.01339093,0.0781304262391889,0
8,2026-07-20 09:00:00,-0.03967353826420683,0.53991410007842,0.072054386,0.011721011,0.2758175556648156,0
8,2026-07-20 09:45:00,-0.10880631167352595,0.2636684749538217,0.07651055,0.012817702,0.13824308860498238,0
8,2026-07-20 11:00:00,-0.078408821965532,0.38513291406847444,0.08279301,0.014363858,0.19974838599298103,0
8,2026-07-20 12:30:00,-0.13361061302332938,0.16455369343643927,0.07957158,0.013571043,0.0890623680019654,0
8,2026-07-20 12:45:00,-0.14535664187828184,0.11761808064746192,0.07842441,0.013288716,0.06545339825087454,0
8,2026-07-20 15:00:00,-0.06672286338421096,0.4318284938098484,0.076082975,0.012712473,0.22227048342980413,0
8,2026-07-20 17:30:00,-0.11263645519559146,0.24836371659695108,0.08162375,0.014076094,0.13121990537002187,0
8,2026-07-20 17:45:00,-0.14067858328125343,0.1363109980262317,0.07725836,0.013001745,0.07465637133081743,0
8,2026-07-20 19:45:00,-0.05961902759175286,0.4602145032593919,0.07625442,0.012754668,0.23648458540485864,0
8,2026-07-20 21:15:00,-0.09384800060394738,0.32343995219166255,0.08025587,0.013739451,0.16858970151317704,0
8,2026-07-20 22:00:00,-0.05340672407050506,0.48503806500962116,0.07504538,0.012457114,0.2487475893613236,0
8,2026-07-20 23:15:00,-0.05081219064043896,0.4954054851773569,0.07716525,0.012978829,0.2541921573104058,0
8,2026-07-21 00:00:00,-0.08319822145445865,0.3659950928797237,0.068140335,0.010757738,0.18837641533637603,0
8,2026-07-21 02:15:00,0.009101851399182403,0.7348142515374461,0.075641125,0.012603732,0.3737089916816969,0
8,2026-07-21 03:00:00,-0.07795962493314557,0.3869278473381265,0.072347626,0.011793179,0.19936051338782232,0
8,2026-07-21 04:15:00,-0.03687537706229582,0.5510951904976437,0.08319042,0.014461662,0.28277842609331355,0
8,2026-07-21 05:00:00,-0.0928226274982944,0.32753721056259427,0.08325645,0.014477913,0.17100756191525238,0
8,2026-07-21 06:00:00,-0.06354588150741436,0.44452330267233925,0.067227,0.010532959,0.22752813101834693,0
8,2026-07-21 08:45:00,-0.07145629038160384,0.4129143314611962,0.06618372,0.010276203,0.21159526725247754,0
8,2026-07-21 09:00:00,-0.031064857771541776,0.5743132744051023,0.07373167,0.012133801,0.2932235378805301,0
8,2026-07-21 09:15:00,-0.12833129228500995,0.18564917660121155,0.08427593,0.014728813,0.1001889950166843,0
8,2026-07-21 09:45:00,-0.12833129228500995,0.18564917660121155,0.0835855,0.014558895,0.10010403558047629,0
8,2026-07-21 10:30:00,-0.14729242824600142,0.10988292857867071,0.07866176,0.01334713,0.061615029423741446,0
8,2026-07-21 11:30:00,-0.14850607795283177,0.10503334124965372,0.06281953,0.009448254,0.057240797399644563,0
8,2026-07-21 12:00:00,-0.05686764509238107,0.471208672030775,0.05287728,0.0070013995,0.2391050357795051,0
8,2026-07-21 12:15:00,-0.13775250612531792,0.14800322406088476,0.06699614,0.010476144,0.07923968404578748,0
8,2026-07-21 13:00:00,-0.05722256179403029,0.46979047077427755,0.06597134,0.0102239335,0.24000720213492935,0
8,2026-07-21 14:15:00,-0.14154245197511417,0.1328590904056854,0.059892725,0.008727946,0.0707935183621857,0
8,2026-07-21 14:45:00,-0.1499710056105002,0.09917967971406173,0.0527905,0.0069800424,0.053079861076507924,0
8,2026-07-21 15:00:00,-0.1550056023692724,0.07906208193387737,0.05462707,0.007432034,0.04324705785369451,0
8,2026-07-21 15:15:00,-0.14014502707450643,0.13844301965075495,0.059518363,0.008635813,0.07353941651055099,0
8,2026-07-21 15:45:00,-0.04054985272291578,0.5364124607905169,0.07130044,0.01153546,0.27397396045994854,0
8,2026-07-21 16:15:00,-0.1236508217979711,0.2043517315806562,0.07234617,0.011792822,0.10807227669515283,0
8,2026-07-21 17:15:00,-0.1579675166815382,0.06722665525552196,0.07112592,0.011492509,0.039359582325203035,0
8,2026-07-21 19:00:00,-0.07562234723244066,0.3962673068691104,0.07060433,0.011364143,0.20381572510544504,0
8,2026-07-21 22:45:00,-0.06197724120766479,0.450791386517816,0.0815129,0.014048813,0.2324200997143652,0
8,2026-07-21 23:00:00,-0.0010240532195064933,0.6943524457484611,0.086200014,0.015202343,0.3547773946061794,0
8,2026-07-21 23:30:00,-0.05806616257030184,0.46641955113220057,0.08195121,0.014156684,0.2402881177058212,0
8,2026-07-21 23:45:00,-0.05806616257030184,0.46641955113220057,0.075676106,0.01261234,0.23951594558635275,0
8,2026-07-22 00:15:00,-0.014711040537418896,0.6396610138667556,0.08220019,0.014217961,0.3269394872574971,0
8,2026-07-22 01:45:00,-0.03550276390940865,0.556579975206461,0.09253152,0.016760567,0.28667027120481253,0
8,2026-07-22 02:15:00,0.005749907471829241,0.7214203169398583,0.08800674,0.01564699,0.36853365366424506,0
8,2026-07-22 03:15:00,-0.033364013922288493,0.5651261436594337,0.08319004,0.014461569,0.28979385610807984,0
8,2026-07-22 05:00:00,-0.12256128089082202,0.20870539619081413,0.08077485,0.013867175,0.11128628569867807,0
8,2026-07-22 05:15:00,-0.1378626725295239,0.14756301335188543,0.068567306,0.010862818,0.07921291566984254,0
8,2026-07-22 05:30:00,-0.06436807608910233,0.4412379194164458,0.08010983,0.013703508,0.2274707138595076,0
8,2026-07-22 06:45:00,-0.07242604275241105,0.4090393263561126,0.07692873,0.012920619,0.21097997267234309,0
8,2026-07-22 07:15:00,-0.13140591091925685,0.17336339802252687,0.07879359,0.013379574,0.09337148592227418,0
8,2026-07-22 07:30:00,-0.09670677617876944,0.3120166545744546,0.07161129,0.011611963,0.16181430863270202,0
8,2026-07-22 09:45:00,-0.1553255962547192,0.07778342773613646,0.06618335,0.010276111,0.04402976928948022,0
8,2026-07-22 11:00:00,-0.1511483773166532,0.09447505458576608,0.07095099,0.011449459,0.05296225679731929,0
8,2026-07-22 11:30:00,-0.17022939124859038,0.018229789689035995,0.062982254,0.0094883,0.013859045054689935,0
8,2026-07-22 11:45:00,-0.161121094680929,0.05462536526151369,0.05034929,0.006379245,0.030502305055299748,0
8,2026-07-22 14:15:00,-0.16055066420427,0.05690473170153484,0.045736235,0.005243941,0.03107433645587258,0
8,2026-07-22 15:00:00,-0.15886227211872445,0.06365132820165562,0.046975493,0.0055489307,0.03460012946430051,0
8,2026-07-22 15:30:00,-0.06536479682540708,0.43725515220927863,0.051708188,0.006713678,0.221984415169148,0
8,2026-07-22 17:45:00,-0.04916797680118745,0.5019755511166082,0.07559598,0.012592621,0.2572840861321204,0
8,2026-07-22 18:00:00,-0.09709410888544473,0.31046892315258323,0.07749847,0.013060837,0.16176488010267287,0
8,2026-07-22 18:45:00,-0.12058267838015879,0.21661163603157804,0.07899887,0.013430094,0.11502086518899106,0
8,2026-07-22 19:00:00,-0.11710552128260887,0.23050590626983278,0.07705098,0.012950705,0.12172830581708964,0
8,2026-07-22 19:15:00,-0.05370369913768758,0.4838513910338134,0.08781651,0.015600173,0.24972578191830966,0
8,2026-07-22 19:45:00,-0.1067144203694873,0.2720274021670465,0.09288829,0.01684837,0.1444378862999501,0
8,2026-07-22 20:15:00,-0.11798443716169277,0.2269938720424205,0.08296781,0.014406877,0.12070037434047609,0
8,2026-07-22 20:30:00,-0.032342944067072055,0.5692062067979411,0.08008814,0.013698171,0.2914521888454177,0
8,2026-07-22 20:45:00,-0.12919205631351532,0.1822096748220571,0.08055615,0.01381335,0.0980115125858609,0
8,2026-07-23 00:45:00,-0.0876620775209761,0.3481581011209768,0.07765273,0.013098801,0.18062845083792417,0
8,2026-07-23 01:15:00,-0.06233630484782671,0.4493566146311341,0.085017525,0.014911325,0.23213396967411926,0
8,2026-07-23 01:30:00,-0.060614134510461604,0.4562381846587056,0.08404662,0.014672378,0.23545528136840432,0
8,2026-07-23 03:00:00,-0.01971365491456134,0.619671213548912,0.09498056,0.017363293,0.31851725332266756,0
8,2026-07-23 04:30:00,-0.07171945541442726,0.41186275801175837,0.10036341,0.018688047,0.21527540265825393,0
8,2026-07-23 04:45:00,-0.09164754281797738,0.33223269703131386,0.101151444,0.018881988,0.1755573424058232,0
8,2026-07-23 06:45:00,-0.14441415176396855,0.12138414930003437,0.09770772,0.018034466,0.06970930745550769,0
8,2026-07-23 07:15:00,-0.16189717163759987,0.05152426207314601,0.089222476,0.01594619,0.033735226438694546,0
8,2026-07-23 07:30:00,-0.15457912521879558,0.08076622949262335,0.06972656,0.0111481175,0.04595717348764278,0
8,2026-07-23 07:45:00,-0.14286837995156915,0.12756085362647607,0.06628927,0.010302178,0.06893151562842048,0
8,2026-07-23 08:15:00,-0.14829942492535397,0.10585910003154861,0.06527905,0.010053557,0.0579563286876648,0
8,2026-07-23 09:00:00,-0.06787163687017328,0.42723814347228406,0.06689523,0.010451309,0.21884472642759978,0
8,2026-07-23 10:00:00,-0.15186149945901128,0.09162551069665392,0.060791694,0.0089491885,0.05028734960609893,0
8,2026-07-23 11:45:00,-0.1629097051719735,0.04747830896915901,0.052912552,0.00701008,0.027244194444725454,0
8,2026-07-23 12:45:00,-0.16396588693370512,0.04325794319145077,0.044124506,0.0048472844,0.02405261379893717,0
8,2026-07-23 13:15:00,-0.06439748813940915,0.44112039266578157,0.054619152,0.0074300854,0.22427523905623356,0
8,2026-07-23 13:45:00,-0.13919242562216483,0.14224949190290437,0.057132553,0.00804865,0.07514907089010708,0
8,2026-07-23 15:00:00,-0.05900407675622921,0.46267176729788667,0.06445474,0.009850689,0.23626122825394216,0
8,2026-07-23 15:15:00,-0.13880567188862225,0.14379490982298654,0.054009806,0.0072801216,0.07553751569020054,0
8,2026-07-23 15:45:00,-0.13102288466363105,0.1748939214227384,0.05552552,0.0076531484,0.09127353490095763,0
8,2026-07-23 18:00:00,-0.156987849302277,0.07114127945258485,0.07283507,0.011913143,0.04152721127546959,0
8,2026-07-23 18:15:00,-0.09927219540401261,0.3017655710053347,0.08249168,0.014289698,0.15802763431876413,0
8,2026-07-23 19:45:00,-0.15321021789825967,0.08623620617445144,0.07547772,0.012563516,0.04939986128015236,0
8,2026-07-23 20:45:00,-0.07714063119147685,0.3902004404511046,0.07112152,0.011491427,0.2008459338245785,0
8,2026-07-23 21:00:00,-0.12459950847129153,0.20056090227937648,0.059812143,0.008708115,0.10463450850757931,0
8,2026-07-23 21:30:00,-0.02586406876233771,0.5950949549328366,0.07251439,0.011834222,0.3034645884124477,0
8,2026-07-23 22:00:00,-0.005297706411601877,0.6772754800866585,0.085206866,0.0149579225,0.3461167012987306,0
8,2026-07-23 22:45:00,-0.09680546744500357,0.31162229703329586,0.07518603,0.012491729,0.1620570130718876,0
8,2026-07-23 23:45:00,-0.027801715080378098,0.5873523707430159,0.08649945,0.015276037,0.3013142039497989,0
8,2026-07-24 00:45:00,-0.06755128707027813,0.42851821985814836,0.08323465,0.014472548,0.22149538388835324,0
8,2026-07-24 02:00:00,-0.10056460841617154,0.2966012556906697,0.090731025,0.016317455,0.15645935539435132,0
8,2026-07-24 03:00:00,0.002463153988619071,0.7082868749293074,0.09184153,0.016590755,0.3624388151810758,0
8,2026-07-24 03:30:00,-0.09708135809573742,0.3105198736598437,0.098364,0.018195981,0.16435792740982497,0
8,2026-07-24 03:45:00,0.00955753904858514,0.7366351204735945,0.09686258,0.01782647,0.37723079504434814,0
8,2026-07-24 04:30:00,-0.10891683005311448,0.26322685779669663,0.08593469,0.015137046,0.13918195172046016,0
8,2026-07-24 05:00:00,-0.1245867715574408,0.20061179734050794,0.08274153,0.014351187,0.10748149230718396,0
8,2026-07-24 05:15:00,-0.007356686164801451,0.6690480631758127,0.07620137,0.012741611,0.34089483725748226,0
8,2026-07-24 05:30:00,-0.10164825809750228,0.29227113165726987,0.07735944,0.013026619,0.15264887549365921,0
8,2026-07-24 05:45:00,-0.08974413581041807,0.3398384653628775,0.072966985,0.011945608,0.17589203671743017,0
8,2026-07-24 07:30:00,-0.023286634522488026,0.6053940489470345,0.075720675,0.012623309,0.30900867905241164,0
8,2026-07-24 08:00:00,-0.12704147680675903,0.19080311250618678,0.068352684,0.010809998,0.10080655526708356,0
8,2026-07-24 08:45:00,-0.05699848152925102,0.4706858665434525,0.07412119,0.012229666,0.24145776632865298,0
8,2026-07-24 09:15:00,-0.06050207243798478,0.4566859702130451,0.086775556,0.015343987,0.23601497879799674,0
8,2026-07-24 09:45:00,-0.031186512438518887,0.573827158083261,0.08871261,0.01582071,0.29482393403586793,0
8,2026-07-24 10:00:00,-0.10183461081674394,0.291526490282682,0.09104019,0.01639354,0.15396001535488538,0
8,2026-07-24 10:15:00,-0.13465442220955526,0.1603827668709372,0.085951105,0.015141085,0.0877619258305835,0
8,2026-07-24 12:00:00,-0.033649272988963586,0.5639862853070202,0.08798145,0.015640765,0.28981352536778165,0
8,2026-07-24 12:15:00,-0.14325434512703872,0.1260185866825096,0.08308038,0.014434581,0.07022658368683418,0
8,2026-07-24 12:45:00,-0.09050302948002265,0.33680602436818774,0.08129979,0.0139963655,0.17540119492415635,0
8,2026-07-24 13:15:00,-0.13110884967678893,0.17455041634363447,0.09267997,0.016797103,0.09567375966570037,0
8,2026-07-24 13:30:00,-0.10713008269636776,0.2703664692452616,0.08769213,0.015569562,0.1429680156688425,0
8,2026-07-24 13:45:00,-0.13524132448394421,0.15803758125664547,0.0805714,0.013817104,0.08592734241814293,0
8,2026-07-24 15:30:00,-0.15271606878792188,0.08821076213623535,0.07482164,0.012402051,0.050306406632341205,0
8,2026-07-24 16:15:00,-0.05396155448765394,0.48282103439064167,0.081151046,0.013959759,0.2483903966528244,0
8,2026-07-24 16:30:00,-0.017929310839275292,0.626801221795454,0.07859363,0.013330361,0.32006579133499385,0
8,2026-07-24 17:15:00,-0.11605384475114555,0.2347082697298208,0.07354539,0.012087957,0.12339811336602168,0
8,2026-07-24 17:45:00,-0.1532174524013225,0.08620729803548201,0.07349024,0.012074384,0.04914084097125105,0
8,2026-07-24 19:00:00,-0.15328251268890997,0.08594732553721447,0.06671899,0.010407935,0.0481776302169312,0
8,2026-07-24 19:15:00,-0.16431252355817472,0.04187282805292261,0.05936873,0.008598988,0.025235907998673382,0
8,2026-07-24 19:30:00,-0.04829629496271093,0.5054586790529634,0.066089354,0.010252978,0.25785582838717824,0
8,2026-07-24 20:30:00,-0.05156981497518953,0.4923781162806454,0.06367798,0.009659523,0.25101881971250484,0
8,2026-07-24 21:30:00,-0.06853101370042447,0.42460335890220835,0.058936,0.00849249,0.21654792458945132,0
8,2026-07-24 23:30:00,0.0008736031354883433,0.701935235215816,0.065053485,0.009998044,0.35596663960744596,0
8,2026-07-25 00:00:00,0.009348740014267443,0.735800786525801,0.09235246,0.016716499,0.37625864270368975,0
8,2026-07-25 03:30:00,-0.03650551568283489,0.552573108754643,0.09656168,0.017752416,0.28516276259327344,0
8,2026-07-25 05:15:00,-0.11903767088508127,0.22278528624481173,0.09602135,0.017619437,0.12020236142578826,0
8,2026-07-25 06:30:00,-0.1403624499665599,0.13757422588233356,0.09704148,0.017870499,0.07772236235173645,0
9,2026-07-17 17:45:00,-0.1597813396575637,0.059978853132629247,,,0.059978853132629247,0
9,2026-07-17 22:00:00,-0.07832806953008442,0.38545559036092514,,,0.38545559036092514,0
9,2026-07-17 23:00:00,-0.07490344692595952,0.3991399395550627,,,0.3991399395550627,0
9,2026-07-18 01:45:00,-0.03232517298049731,0.5692772177624646,,,0.5692772177624646,0
9,2026-07-18 02:45:00,0.008789839535691124,0.7335674924675312,,,0.7335674924675312,0
9,2026-07-18 03:15:00,0.0003230231832828112,0.699735188905254,,,0.699735188905254,0
9,2026-07-18 03:30:00,-0.08281745519757566,0.3675165856171294,,,0.3675165856171294,0
9,2026-07-18 04:15:00,-0.05720774938441597,0.4698496592481622,,,0.4698496592481622,0
9,2026-07-18 04:30:00,-0.03770597321359703,0.5477762356557226,,,0.5477762356557226,0
9,2026-07-18 05:00:00,-0.095080808756355,0.3185138101909044,0.09849251,0.018227607,0.16837070860134973,0
9,2026-07-18 07:30:00,-0.12700115716619215,0.19096422457740736,0.09280222,0.016827188,0.103895706504812,0
9,2026-07-18 08:15:00,0.03073057811982105,0.8212398473719467,0.10600769,0.020077141,0.4206584941868836,1
9,2026-07-18 08:45:00,-0.11785748020370973,0.22750117563364622,0.10590971,0.020053029,0.123777102347005,0
9,2026-07-18 09:00:00,-0.03165241289396292,0.5719654800944735,0.11280668,0.021750418,0.29685794928189163,0
9,2026-07-18 10:30:00,-0.0478189021711628,0.5073662789311046,0.11234849,0.021637654,0.26450196643154,0
9,2026-07-18 11:30:00,-0.048456033429808865,0.5048203847892767,0.12658376,0.025141047,0.26498071605154305,0
9,2026-07-18 12:00:00,-0.1256878735786856,0.1962119360130333,0.11947625,0.023391843,0.10980188942756768,0
9,2026-07-18 13:15:00,-0.09440640033993669,0.3212086590360348,0.111044884,0.021316828,0.17126274362110816,0
9,2026-07-18 19:00:00,-0.08021915920855827,0.37789904048401446,0.103869356,0.019550884,0.19872496231326625,0
9,2026-07-18 19:30:00,-0.012430518748789532,0.6487736841104358,0.09788494,0.01807808,0.333425881778793,0
9,2026-07-18 20:15:00,-0.014160314507984162,0.6418616438830407,0.097046964,0.01787185,0.3298667465609566,0
9,2026-07-18 22:30:00,-0.09079274512857971,0.3356483580907165,0.10910789,0.020840121,0.1782442397619277,0
9,2026-07-18 22:45:00,-0.08654272134843594,0.3526309036771484,0.11050186,0.021183187,0.18690704540958145,0
9,2026-07-18 23:30:00,-0.07408719932413255,0.4024015594482515,0.098306745,0.018181888,0.21029172391742934,0
9,2026-07-19 00:30:00,-0.0005306877832986778,0.6963238702497343,0.09774639,0.018043982,0.35718392605739135,0
9,2026-07-19 00:45:00,-0.027046622869080994,0.590369621601758,0.09656776,0.017753912,0.30406176686885833,0
9,2026-07-19 01:15:00,0.02873693285736234,0.8132734986397206,0.09250693,0.016754517,0.41501400798572,0
9,2026-07-19 02:00:00,-0.1086426987290241,0.2643222511283256,0.08893895,0.015876414,0.14009933269131666,0
9,2026-07-19 02:30:00,-0.1086426987290241,0.2643222511283256,0.07972206,0.013608077,0.13896516386899835,0
9,2026-07-19 02:45:00,-0.04119958307832705,0.5338162222868144,0.07960579,0.013579461,0.2736978415395289,0
9,2026-07-19 03:00:00,0.014947913184938044,0.7581743586600311,0.07967926,0.013597542,0.3858859505400304,0
9,2026-07-19 03:30:00,-0.07231395229188264,0.40948722534543625,0.09008214,0.01615776,0.21282249234947737,0
9,2026-07-19 04:15:00,-0.09710879797111344,0.31041022746524205,0.09035263,0.01622433,0.16331727887819703,0
9,2026-07-19 04:30:00,0.02697073556064966,0.8062160025743595,0.07696776,0.012930225,0.40957311361198384,0
9,2026-07-19 05:45:00,-0.0887686982038432,0.34373618793510674,0.06775679,0.010663344,0.17719976576429247,0
9,2026-07-19 06:30:00,-0.13113225426147496,0.1744568946489515,0.0814011,0.0140213,0.09423909721418332,0
9,2026-07-19 06:45:00,-0.01996796039797044,0.6186550417135797,0.08987591,0.016107004,0.3173810229247134,0
9,2026-07-19 07:30:00,-0.01760529924606591,0.6280959302340089,0.08949301,0.016012771,0.3220543506445556,0
9,2026-07-19 10:00:00,-0.14101705954219113,0.13495849064541302,0.08922599,0.015947057,0.07545277378982525,0
9,2026-07-19 10:15:00,-0.15045549648443007,0.09724371681635625,0.0816099,0.0140726855,0.0556582011594129,0
9,2026-07-19 11:15:00,-0.019127945850192507,0.6220116312502204,0.081773676,0.014112992,0.31806231173119837,0
9,2026-07-19 11:30:00,-0.040576986758145694,0.5363040366936003,0.06668509,0.010399592,0.2733518144013124,0
9,2026-07-19 12:45:00,-0.03587879651505621,0.5550773975274301,0.06933274,0.011051197,0.2830642970661986,0
9,2026-07-19 13:15:00,-0.04395986132444385,0.5227865072614718,0.07377286,0.01214394,0.2674652234974885,0
9,2026-07-19 15:15:00,-0.12796597497790663,0.18710893733252323,0.071057275,0.011475616,0.0992922767336132,0
9,2026-07-19 16:45:00,-0.0704637454095165,0.4168804128543894,0.080536224,0.013808447,0.21534442989534938,0
9,2026-07-19 17:15:00,-0.010533626063435109,0.656353422052634,0.08438966,0.0147568025,0.335555112261063,0
9,2026-07-19 17:30:00,-0.07483686896175545,0.39940597649288645,0.09195851,0.016619546,0.20801276141590114,0
9,2026-07-19 19:00:00,-0.06304369874717686,0.4465299600605398,0.08066695,0.01384062,0.2301852902332559,0
9,2026-07-19 19:15:00,-0.09628587786437737,0.3136985098254325,0.087666765,0.01556332,0.16463091509698044,0
9,2026-07-19 20:00:00,0.0004611741640752065,0.7002872223644734,0.08840291,0.01574449,0.35801585645672085,0
9,2026-07-19 21:30:00,-0.04724881490205557,0.5096442739581185,0.08881415,0.0158457,0.2627449865969577,0
9,2026-07-20 01:30:00,-0.09437793291103447,0.32132241120168603,0.14093164,0.028672155,0.17499728309725243,0
9,2026-07-20 01:45:00,-0.03270797188354213,0.5677476028337748,0.11350085,0.021921258,0.29483443062676346,0
9,2026-07-20 03:00:00,-0.10423488710072942,0.2819352965573058,0.10071085,0.018773554,0.15035442522513795,0
9,2026-07-20 04:00:00,-0.07599343546020743,0.3947844862848867,0.09460262,0.01727028,0.20602738316656893,0
9,2026-07-20 05:15:00,-0.07484044682791635,0.3993916798022506,0.08841085,0.015746444,0.20756906213299023,0
9,2026-07-20 05:30:00,0.001153009473917721,0.7030517068227947,0.09415315,0.017159663,0.36010568498178425,0
9,2026-07-20 05:45:00,0.025694350340301875,0.8011157322437142,0.11999525,0.023519572,0.4123176520571398,0
9,2026-07-20 08:30:00,-0.12745950534794592,0.18913272449793528,0.12211309,0.024040787,0.10658675552369212,0
9,2026-07-20 10:15:00,-0.030819869777982234,0.5752922147555519,0.08031748,0.013754614,0.2945234142265404,0
9,2026-07-20 10:45:00,-0.11942824532010138,0.221224601295562,0.076990046,0.012935709,0.11708015525190603,0
9,2026-07-20 11:00:00,-0.10582515857939206,0.27558077731735064,0.074755006,0.0123856515,0.14398321439329065,0
9,2026-07-20 13:00:00,-0.1329859465867952,0.1670497797605485,0.07495187,0.012434102,0.08974194071203918,0
9,2026-07-20 13:15:00,-0.04152009464528894,0.5325354995006645,0.08851246,0.01577145,0.2741534749877614,0
9,2026-07-20 14:30:00,-0.12033396927511664,0.2176054454624505,0.070387,0.011310657,0.11445805100872374,0
9,2026-07-20 14:45:00,-0.08281301103716565,0.367534343907591,0.082076214,0.014187449,0.19086089628282005,0
9,2026-07-20 16:00:00,-0.00831779050422321,0.6652076144861361,0.06775211,0.0106621925,0.33793490348245603,0
9,2026-07-20 16:30:00,-0.06472263319760418,0.4398211550476774,0.06722224,0.010531788,0.22517647140411656,0
9,2026-07-20 16:45:00,-0.005886812782462281,0.6749214871878103,0.05902286,0.008513867,0.3417176770557799,0
9,2026-07-20 17:45:00,-0.10797269671956222,0.26699949254091415,0.07352442,0.0120827975,0.13954114500803666,0
9,2026-07-20 18:30:00,-0.07071643122244464,0.41587071301290957,0.082517475,0.014296046,0.21508337973554714,0
9,2026-07-20 19:00:00,-0.09925418472756975,0.30183753933999724,0.08231516,0.014246255,0.15804189724968765,0
9,2026-07-20 19:45:00,-0.03192873311478728,0.570861340214474,0.08511017,0.014934126,0.29289773325108637,0
9,2026-07-20 20:15:00,-0.1272941370441707,0.18979351486116441,0.07837163,0.013275727,0.1015346207797517,0
9,2026-07-20 20:45:00,-0.11689640645639948,0.23134150208120013,0.07556642,0.012585346,0.12196342386843992,0
9,2026-07-20 21:00:00,-0.09699755789697873,0.3108547284204736,0.07377683,0.012144917,0.16149982255567982,0
9,2026-07-20 21:15:00,-0.0846316048724633,0.36026747804781895,0.070481524,0.01133392,0.18580069905470362,0
9,2026-07-20 21:30:00,-0.08232097779258574,0.3695004451433435,0.06546608,0.010099587,0.18980001608702615,0
9,2026-07-20 22:30:00,-0.04090906638865166,0.5349770894210365,0.056410383,0.007870919,0.2714240042460872,0
9,2026-07-21 00:30:00,-0.09605193530635925,0.314633314043402,0.07062507,0.011369246,0.16300128005078401,0
9,2026-07-21 00:45:00,-0.11292353893917217,0.2472165670715152,0.0616385,0.009157592,0.128187079751113,0
9,2026-07-21 01:15:00,-0.10965126857123791,0.26029213642578686,0.047212142,0.005607172,0.1329496541706292,0
9,2026-07-21 01:45:00,-0.04377106265633435,0.5235409223315256,0.04653276,0.0054399716,0.2644904469525882,0
9,2026-07-21 02:00:00,0.01108715963982887,0.7427472866083126,0.063694924,0.009663693,0.37620548964192174,0
9,2026-07-21 02:30:00,-0.05386966196118548,0.4831882250466314,0.06528694,0.010055499,0.24662186209899023,0
9,2026-07-21 02:45:00,-0.09062262732667886,0.3363281268344451,0.06337662,0.009585356,0.17295674158712868,0
9,2026-07-21 05:45:00,-0.11140293795268469,0.2532926920316733,0.060998116,0.008999989,0.1311463406998474,0
9,2026-07-21 08:00:00,-0.13002484075875703,0.1788819758404504,0.06044792,0.008864583,0.09387327964401299,0
9,2026-07-21 09:15:00,-0.14522108560168462,0.11815974600415823,0.061947472,0.009233634,0.0636966899958819,0
9,2026-07-21 09:30:00,-0.13993133462132706,0.1392969070677031,0.05799924,0.008261947,0.07377942701449339,0
9,2026-07-21 10:00:00,-0.12974597385946574,0.17999629191837152,0.04948864,0.006167433,0.09308186257149498,0
9,2026-07-21 10:15:00,-0.14194917875323237,0.13123386278157517,0.030359352,0.0014595896,0.06634672617942758,0
9,2026-07-21 11:15:00,-0.16048950403109136,0.05714911984682781,0.03992134,0.0038128574,0.030480988642353327,0
9,2026-07-21 11:30:00,-0.0981794006200879,0.30613223768642994,0.060512878,0.0088805705,0.15750640410866068,0
9,2026-07-21 11:45:00,-0.05442040162312112,0.48098754055663506,0.061522204,0.009128971,0.24505825579099139,0
9,2026-07-21 13:30:00,-0.033888040784076257,0.5630322000654229,0.067346655,0.010562408,0.2867973039247934,0
9,2026-07-21 14:00:00,-0.054785082075113345,0.4795303246160153,0.08923029,0.015948115,0.24773921976634877,0
9,2026-07-21 14:30:00,-0.04239304757847795,0.5290472924341642,0.09046269,0.016251417,0.27264935465553813,0
9,2026-07-21 14:45:00,-0.02061558809667763,0.6160672051542373,0.08486906,0.014874786,0.3154709956463859,0
9,2026-07-21 15:15:00,-0.1287054683405196,0.18415401745651871,0.09404899,0.017134028,0.10064402250605181,0
9,2026-07-21 16:00:00,-0.09728084493764266,0.3097227500290591,0.09065806,0.016299497,0.16301112368260415,0
9,2026-07-21 16:30:00,-0.02922999241939317,0.5816451591426446,0.08398616,0.0146575,0.2981513296713091,0
9,2026-07-21 16:45:00,-0.12731726652301545,0.18970109245385774,0.083593145,0.014560776,0.10213093414259974,0
9,2026-07-21 17:00:00,-0.050669606678737544,0.49597523225519713,0.08375322,0.014600172,0.25528770198138384,0
9,2026-07-21 18:00:00,-0.13113395043160375,0.1744501169723961,0.0758001,0.012642856,0.09354648636419044,0
9,2026-07-21 18:30:00,-0.03830600206517221,0.5453785979359862,0.08955773,0.016028699,0.2807036482348798,0
9,2026-07-21 18:45:00,-0.11890931655622577,0.22329817354939302,0.086886264,0.015371234,0.11933470385279218,0
9,2026-07-21 19:30:00,-0.11354373779932636,0.24473833260505648,0.08235863,0.014256953,0.12949764293342458,0
9,2026-07-21 19:45:00,-0.13448399906531544,0.16106375572317788,0.0829562,0.014404019,0.08773388753202532,0
9,2026-07-21 22:45:00,-0.012279020519370909,0.6493790514496459,0.085198775,0.014955931,0.33216749139639207,0
9,2026-07-22 00:00:00,-0.10666534882605372,0.2722234857106848,0.080458865,0.013789409,0.1430064472754619,0
9,2026-07-22 00:30:00,-0.12204569964741624,0.210765592185612,0.08110388,0.013948152,0.11235687201368584,0
9,2026-07-22 01:30:00,-0.024760431118197923,0.5995049482815966,0.07965628,0.013591887,0.3065484178554766,0
9,2026-07-22 02:15:00,-0.06453299972473947,0.4405789058896102,0.08814392,0.01568075,0.2281298283607859,0
9,2026-07-22 03:00:00,-0.10353282638105671,0.2847406404313774,0.071980916,0.01170293,0.14822178502740121,0
9,2026-07-22 03:30:00,-0.006659961424745675,0.6718320851651653,0.08041409,0.0137783885,0.3428052368326895,0
9,2026-07-22 04:30:00,-0.08545979451700159,0.35695813929581166,0.08561824,0.015059166,0.18600865247618914,0
9,2026-07-22 05:00:00,-0.1378626725295239,0.14756301335188543,0.087270536,0.015465805,0.08151440932945805,0
9,2026-07-22 06:00:00,-0.13631408586838867,0.15375096544997452,0.079257615,0.0134937735,0.08362236948870896,0
9,2026-07-22 07:30:00,-0.1480828411799367,0.1067245406784959,0.08284795,0.014377379,0.0605509597685609,0
9,2026-07-22 08:45:00,-0.14034762056695238,0.13763348224603453,0.074125074,0.012230621,0.07493205148276348,0
9,2026-07-22 11:00:00,-0.1574806202275964,0.06917223053996395,0.06235512,0.009333957,0.03925309376331484,0
9,2026-07-22 11:15:00,-0.15856631443644165,0.06483393683893066,0.06376055,0.009679844,0.037256890255275274,0
9,2026-07-22 11:30:00,-0.05958086581426747,0.4603669927887053,0.07279964,0.011904423,0.23613570795689676,0
9,2026-07-22 11:45:00,-0.06268442350122949,0.44796557749658417,0.06977129,0.011159127,0.22956235207170045,0
9,2026-07-22 12:00:00,-0.09998749892961867,0.29890731059077075,0.060720433,0.00893165,0.15391948021979476,0
9,2026-07-22 13:30:00,-0.15228226873642275,0.08994417106076874,0.06692045,0.010457517,0.050200843854322025,0
9,2026-07-22 15:15:00,-0.09043413155772873,0.3370813315586165,0.07350142,0.012077137,0.1745792342275836,0
9,2026-07-22 15:30:00,-0.13481580352426992,0.15973790800055993,0.07569954,0.012618107,0.08617800739522344,0
9,2026-07-22 16:30:00,-0.10338991453051372,0.2853116977106394,0.083037645,0.014424063,0.14986788048798153,0
9,2026-07-22 16:45:00,-0.14146695739829274,0.13316075697479693,0.076771736,0.012881982,0.07302136955751999,0
9,2026-07-22 17:30:00,-0.13158009930293524,0.17266736376025624,0.066830784,0.010435449,0.09155140635986302,0
9,2026-07-22 18:00:00,-0.09711449223263185,0.31038747393236316,0.07706278,0.012953609,0.16167054158024866,0
9,2026-07-22 19:45:00,-0.0813517446088392,0.37337337564405265,0.06938286,0.011063532,0.19221845380826028,0
9,2026-07-22 20:30:00,-0.07386896813245636,0.40327358307746913,0.065180525,0.010029309,0.20665144625334872,0
9,2026-07-22 20:45:00,-0.11606799516975774,0.23465172648639912,0.07826378,0.013249184,0.12395045524568078,0
9,2026-07-22 21:15:00,-0.11324586687472654,0.2459285863112882,0.075760394,0.012633084,0.12928083531541007,0
9,2026-07-22 22:45:00,-0.01604884078813762,0.6343153370144247,0.08422313,0.014715819,0.32451557785134905,0
9,2026-07-22 23:15:00,-0.04842544064814358,0.5049426295898055,0.079128586,0.013462018,0.25920232390571113,0
9,2026-07-23 00:00:00,-0.11352389415794284,0.244817625230658,0.08740905,0.0154998945,0.13015875986894365,0
9,2026-07-23 00:15:00,-0.008537962527479404,0.6643278355448335,0.07844876,0.013294708,0.3388112717642829,0
9,2026-07-23 00:45:00,-0.00017933681573767402,0.6977278232937899,0.0815204,0.01405066,0.3558892415086849,0
9,2026-07-23 01:30:00,-0.060614134510461604,0.4562381846587056,0.07410107,0.012224713,0.23423144899955362,0
9,2026-07-23 02:45:00,-0.016118964032740934,0.634035133594456,0.088834494,0.015850706,0.324942919810207,0
9,2026-07-23 03:30:00,-0.11870282028202311,0.2241233059654654,0.091409944,0.016484542,0.12030392389198248,0
9,2026-07-23 04:30:00,-0.13538519710948754,0.1574626848446902,0.07921136,0.01348239,0.08547253740815204,0
9,2026-07-23 05:15:00,-0.13581045129352542,0.15576342410173033,0.081425175,0.014027224,0.0848953240120213,0
9,2026-07-23 07:00:00,-0.07990110356734426,0.3791699497083756,0.08952615,0.016020926,0.19759543771197063,0
9,2026-07-23 07:15:00,-0.13448416231335492,0.1610631034051167,0.08073071,0.01385631,0.08745970690125163,0
9,2026-07-23 08:15:00,-0.0989969251725345,0.3028655152636481,0.07701502,0.012941856,0.1579036856004453,0
9,2026-07-23 10:00:00,-0.09231141298403844,0.329579957672236,0.0740458,0.012211111,0.1708955345232177,0
9,2026-07-23 11:00:00,-0.039321864878889445,0.5413193414621482,0.07842123,0.013287933,0.27730363703707506,0
9,2026-07-23 12:15:00,-0.16396588693370512,0.04325794319145077,0.07075647,0.011401586,0.02732976471301016,0
9,2026-07-23 14:30:00,-0.1644138127864765,0.04146808939120361,0.06323255,0.009549899,0.025508994208977565,0
9,2026-07-23 16:45:00,-0.1620125283026712,0.051063311752720615,0.059380494,0.008601883,0.029832597589514624,0
9,2026-07-23 17:00:00,-0.15516491768943874,0.07842547851062542,0.05885734,0.008473131,0.043449304692480595,0
9,2026-07-23 19:00:00,-0.04040910740109416,0.536974860901095,0.07812379,0.0132147325,0.27509479671068865,0
9,2026-07-23 19:45:00,-0.13820509760676614,0.14619472701161296,0.079028726,0.0134374425,0.07981608474656537,0
9,2026-07-23 20:45:00,-0.14801645484475523,0.10698981189151893,0.068904415,0.010945783,0.058967797444116524,0
9,2026-07-23 22:30:00,0.028963057582798823,0.8141770638093759,0.076319076,0.012770579,0.4134738215029443,0
9,2026-07-23 23:00:00,0.027017352466873645,0.8064022777050414,0.07343796,0.012061518,0.40923189769534657,0
9,2026-07-24 00:45:00,-0.10422935533791,0.2819574007663912,0.07759339,0.013084197,0.1475207990916464,0
9,2026-07-24 02:15:00,-0.11601945930945795,0.23484566950948735,0.07941259,0.013531913,0.1241887912795032,0
9,2026-07-24 02:30:00,-0.032937864662532346,0.5668289810092492,0.08257144,0.014309327,0.29056915406367395,0
9,2026-07-24 03:15:00,-0.06514117740777603,0.43814870649282717,0.085864104,0.015119674,0.22663419008853328,0
9,2026-07-24 05:45:00,-0.11987737247320301,0.21942994725449805,0.07838729,0.0132795805,0.1163547638828254,0
9,2026-07-24 06:00:00,-0.13558065435908023,0.1566816629438447,0.08130942,0.013998737,0.08534019978562231,0
9,2026-07-24 06:45:00,-0.08823752562409654,0.3458586848942897,0.087786265,0.01559273,0.18072570728353965,0
9,2026-07-24 07:45:00,-0.13500942012524886,0.15896424109361768,0.08809519,0.015668757,0.0873164991767317,0
9,2026-07-24 08:45:00,-0.16810545937497612,0.026716746876110736,0.08091823,0.013902461,0.020309604016179893,0
9,2026-07-24 09:00:00,-0.1710724129636042,0.014861183900884398,0.070010826,0.0112180775,0.01303963070201457,0
9,2026-07-24 09:45:00,-0.14915280093741362,0.10244911981099555,0.07252671,0.011837253,0.05714318657901739,0
9,2026-07-24 11:15:00,-0.09522309148987829,0.3179452667819215,0.086808585,0.015352116,0.16664869137415056,0
9,2026-07-24 12:00:00,-0.10551489343070164,0.2768205567407349,0.0785357,0.013316105,0.14506833093030946,0
9,2026-07-24 12:30:00,-0.13599253147396778,0.15503585523983482,0.079259515,0.013494241,0.08426504814560534,0
9,2026-07-24 12:45:00,-0.12054217073011597,0.21677349936435877,0.07542891,0.012551504,0.11466250177582234,0
9,2026-07-24 13:30:00,-0.09170541325600895,0.33200145424237476,0.0708968,0.011436121,0.1717187874246668,0
9,2026-07-24 14:30:00,-0.16411248292289365,0.04267216457044311,0.069824904,0.011172322,0.026922243097748495,0
9,2026-07-24 15:15:00,-0.17399845479416143,0.003169099021876139,0.06619243,0.010278346,0.006723722519439599,0
9,2026-07-24 15:30:00,-0.17399845479416143,0.003169099021876139,0.057364456,0.008105723,0.0056374111046017614,0
9,2026-07-24 15:45:00,-0.15342508194716792,0.0853776372124335,0.060275458,0.008822139,0.04709988828249677,0
9,2026-07-24 16:15:00,-0.10241165666555407,0.28922068967077397,0.062392592,0.009343181,0.14928193523810934,0
9,2026-07-24 21:00:00,-0.14237222207266664,0.1295434363677529,0.055791095,0.0077185086,0.06863097248260813,0
9,2026-07-24 22:45:00,-0.0944140146497453,0.3211782332384103,0.05508742,0.0075453296,0.16436178143439262,0
9,2026-07-25 04:15:00,-0.1026914044126348,0.28810285383896145,0.062823385,0.009449202,0.1487760277374889,0
9,2026-07-25 05:15:00,-0.018283594723611296,0.6253855491951302,0.07472312,0.012377803,0.3188816762045123,0
9,2026-07-25 07:45:00,-0.14915370848461762,0.10244549336969522,0.07907879,0.013449764,0.057947628624437586,0
10,2026-07-17 21:30:00,-0.14237222207266664,0.1295434363677529,,,0.1295434363677529,0
10,2026-07-18 00:30:00,-0.08200735875329279,0.3707536262799877,,,0.3707536262799877,0
10,2026-07-18 01:00:00,-0.04979345435248217,0.4994762236827761,,,0.4994762236827761,0
10,2026-07-18 01:45:00,-0.07114076213511089,0.4141751415429911,,,0.4141751415429911,0
10,2026-07-18 02:30:00,-0.12456956967219529,0.20068053385010565,,,0.20068053385010565,0
10,2026-07-18 05:00:00,-0.10246648317022095,0.2890016100460434,,,0.2890016100460434,0
10,2026-07-18 05:30:00,-0.11223125036230652,0.24998286272626313,,,0.24998286272626313,0
10,2026-07-18 05:45:00,-0.12114728849648693,0.2143555269989884,,,0.2143555269989884,0
10,2026-07-18 07:45:00,-0.04025528392964983,0.5375895196068348,0.09950337,0.018476386,0.2780329526150257,0
10,2026-07-18 08:30:00,-0.009464101582887241,0.660627103609798,0.08869394,0.015816115,0.33822160922634487,0
10,2026-07-18 08:45:00,-0.07502211138003112,0.3986657717374201,0.076486096,0.012811684,0.20573872789354303,0
10,2026-07-18 09:00:00,-0.12212255656444598,0.2104584818811501,0.0843056,0.014736115,0.11259729844114606,0
10,2026-07-18 10:00:00,-0.1467414138895598,0.1120847107124007,0.089330286,0.015972724,0.06402871744839729,0
10,2026-07-18 10:45:00,-0.09359892747177162,0.32443521622789984,0.09596547,0.017605685,0.17102045046276393,0
10,2026-07-18 12:00:00,-0.028604173480062167,0.5841458507189353,0.09724706,0.017921092,0.30103347135380903,0
10,2026-07-18 14:00:00,-0.052101640273483185,0.4902530111425315,0.10022926,0.018655034,0.254454022462328,0
10,2026-07-18 14:30:00,-0.16075762721639603,0.056077734261060136,0.08809865,0.01566961,0.03587367230619211,0
10,2026-07-18 15:15:00,-0.1504674957484633,0.09719576930853291,0.08789272,0.015618929,0.056407349008334495,0
10,2026-07-18 15:45:00,-0.17026427430930008,0.018090401488088863,0.07651997,0.012820021,0.015455211368721375,0
10,2026-07-18 16:15:00,-0.024030466132738404,0.6024217939943154,0.0862299,0.015209698,0.3088157460562924,0
10,2026-07-18 16:30:00,-0.12732269057218337,0.18967941865459864,0.07939623,0.013527888,0.10160365326397511,0
10,2026-07-18 19:15:00,-0.08021915920855827,0.37789904048401446,0.07681891,0.012893593,0.19539631671139762,0
10,2026-07-18 21:45:00,-0.13726405196482183,0.14995502373933892,0.064216614,0.009792084,0.07987355380684187,0
10,2026-07-18 22:30:00,-0.0069704386926668915,0.6705914581407574,0.07043741,0.011323063,0.3409572604218854,0
10,2026-07-19 00:45:00,-0.08622765413852007,0.3538898715163836,0.072534494,0.011839169,0.18286452029697942,0
10,2026-07-19 01:45:00,-0.018860048228162785,0.6230821155143019,0.080410786,0.013777576,0.31842984595061524,0
10,2026-07-19 02:00:00,-0.0787598430599562,0.3837302791548278,0.07055476,0.011351944,0.19754111155110132,0
10,2026-07-19 02:45:00,-0.04119958307832705,0.5338162222868144,0.079394534,0.01352747,0.27367184599816496,0
10,2026-07-19 03:00:00,-0.08109988840477289,0.3743797604757717,0.069453515,0.01108092,0.19273034012035384,0
10,2026-07-19 03:45:00,-0.11379057711685314,0.24375199460337113,0.06454969,0.009874057,0.12681302581404424,0
10,2026-07-19 04:00:00,-0.045107246590451955,0.5182017040713768,0.068463154,0.010837185,0.26451944463397764,0
10,2026-07-19 04:30:00,-0.0723727669417299,0.4092522096081485,0.07237038,0.0117987795,0.2105254945441539,0
10,2026-07-19 05:30:00,-0.042965122595051364,0.5267613546252495,0.07442807,0.01230519,0.26953327224032314,0
10,2026-07-19 05:45:00,0.048479997752868376,0.8921642335975545,1.4191428,0.3432483,0.61770627065124,1
10,2026-07-19 07:15:00,-0.010457138005345423,0.6566590584444572,1.2583445,0.3036748,0.48016692286370044,0
10,2026-07-19 08:15:00,-0.09678085485363369,0.31172064576651753,1.1239599,0.27060187,0.2911612571979866,0
10,2026-07-19 09:45:00,-0.030171121929088107,0.5778845272902294,0.99663794,0.2392671,0.4085758116068266,0
10,2026-07-19 10:00:00,-0.0775392751124998,0.3886075108790029,0.87055016,0.20823607,0.29842178968308514,0
10,2026-07-19 10:30:00,-0.11846116530791256,0.22508892800108646,0.7323927,0.17423461,0.19966177088864673,0
10,2026-07-19 10:45:00,-0.001396649731514099,0.6928635982554006,0.60255784,0.1422814,0.41757249821627374,0
10,2026-07-19 11:00:00,-0.09443231422801751,0.3211051104893866,0.34204993,0.07816868,0.1996368966217132,0
10,2026-07-19 15:15:00,-0.14570330521467306,0.11623285877154826,0.20829365,0.045250386,0.08074162238561391,0
10,2026-07-19 17:30:00,-0.06979588944949333,0.4195490789308602,0.08602047,0.015158156,0.21735361743194134,0
10,2026-07-19 18:45:00,0.0009406489799436146,0.7022031417426364,0.09065251,0.016298132,0.35925063687994563,0
10,2026-07-19 19:15:00,-0.04216117599705094,0.5299738212974094,0.081173815,0.013965363,0.271969591990174,0
10,2026-07-19 19:45:00,-0.09269831904217246,0.32803393108277884,0.086071186,0.0151706375,0.17160228430047317,0
10,2026-07-19 20:30:00,-0.061400681493480214,0.45309524459860734,0.0892042,0.015941693,0.23451846855740752,0
10,2026-07-19 21:00:00,-0.09923338698340828,0.301920644436954,0.08410423,0.014686557,0.1583036009506278,0
10,2026-07-19 22:00:00,-0.07475180800059789,0.3997458690970721,0.08060109,0.013824411,0.20678513991681646,0
10,2026-07-19 22:45:00,0.03436374254647956,0.8357575027288405,0.09012568,0.016168475,0.42596298893995127,0
10,2026-07-19 23:45:00,0.005169277662765093,0.7191001952861061,0.07962623,0.013584493,0.36634234400711013,0
10,2026-07-20 00:15:00,-0.01203777598579936,0.6503430334179345,0.10086062,0.018810414,0.3345767235978814,0
10,2026-07-20 00:30:00,-0.060539037542894025,0.45653826243264123,0.09721693,0.017913677,0.23722596961549244,0
10,2026-07-20 02:00:00,0.06161688348139682,0.9446575306446907,1.3872391,0.3353966,0.640027059246677,1
10,2026-07-20 02:30:00,0.06304992909571616,0.95038379565674,1.2107495,0.29196134,0.6211725688765344,0
10,2026-07-20 04:00:00,-0.07599343546020743,0.3947844862848867,1.0510612,0.252661,0.3237227380231196,0
10,2026-07-20 04:15:00,-0.004123573810710823,0.6819671621690758,0.8287736,0.19795458,0.4399608711784367,0
10,2026-07-20 04:45:00,-0.0708773607511215,0.41522765942113293,0.69393134,0.16476901,0.2899983340884084,0
10,2026-07-20 05:15:00,0.001153009473917721,0.7030517068227947,0.5682071,0.13382745,0.41843957735701504,0
10,2026-07-20 06:15:00,-0.12048901961546304,0.21698588434718644,0.43156645,0.10019928,0.15859258325826425,0
10,2026-07-20 06:30:00,-0.11164848936356708,0.2523115003384396,0.3056668,0.06921456,0.16076303021496754,0
10,2026-07-20 06:45:00,-0.06848014020502091,0.424806642812964,0.19363448,0.04164267,0.2332246562006457,0
10,2026-07-20 07:45:00,-0.0186262407286808,0.6240163800558214,0.08030764,0.013752191,0.3188842856916668,0
10,2026-07-20 08:15:00,-0.13255842824552866,0.16875808778308596,0.07589223,0.012665531,0.09071180922489745,0
10,2026-07-20 09:00:00,-0.14046730104279453,0.1371552545367471,0.07592357,0.012673243,0.07491424874284822,0
10,2026-07-20 10:00:00,-0.04335431694047587,0.5252061843356072,0.07845058,0.013295157,0.2692506706084102,0
10,2026-07-20 10:15:00,-0.14238275388633914,0.1295013526018604,0.07247971,0.011825686,0.07066351946126145,0
10,2026-07-20 11:15:00,-0.014454773670603327,0.6406850231366144,0.08195413,0.014157403,0.3274212131985419,0
10,2026-07-20 12:30:00,-0.06618241986429385,0.4339880362474141,0.074360356,0.012288526,0.22313828097399163,0
10,2026-07-20 12:45:00,-0.0676757197430723,0.4280210029842002,0.06070942,0.00892894,0.21847497134216343,0
10,2026-07-20 13:00:00,-0.02333816764818497,0.6051881292389029,0.06899539,0.010968171,0.3080781501494941,0
10,2026-07-20 13:30:00,-0.12301153670030635,0.20690623218475657,0.07566859,0.01261049,0.10975836130931416,0
10,2026-07-20 13:45:00,0.04134866706818352,0.8636683581131863,1.3389145,0.3235036,0.5935859857925856,1
10,2026-07-20 14:45:00,-0.024453036358446645,0.6007332580018613,1.2002113,0.28936782,0.4450505413973616,0
10,2026-07-20 16:15:00,-0.06560326243536907,0.43630227446047726,0.9201159,0.22043452,0.32836839556439845,0
10,2026-07-20 16:30:00,-0.11390990620458907,0.24327517099552906,0.7897178,0.18834269,0.21580893073168178,0
10,2026-07-20 17:15:00,-0.14067858328125343,0.1363109980262317,0.6652002,0.15769808,0.1470045389849443,0
10,2026-07-20 19:45:00,-0.11760853056016768,0.22849594622526767,0.5433207,0.12770276,0.1780993519707233,0
10,2026-07-20 20:00:00,-0.11029007957147874,0.25773953025370167,0.43596843,0.10128264,0.17951108577266,0
10,2026-07-20 21:00:00,-0.05335587249639384,0.4852412613257266,0.3242923,0.07379842,0.2795198396853853,0
10,2026-07-20 21:15:00,0.0068072276117733255,0.7256452315297351,0.20701136,0.044934805,0.38529001850618055,0
10,2026-07-20 21:30:00,-0.0,0.6984444300249851,0.086660825,0.015315752,0.35688009078505817,0
10,2026-07-20 22:15:00,-0.053740005360815246,0.48370631605982917,0.09114439,0.016419187,0.25006275162398883,0
10,2026-07-20 23:15:00,-0.06123553405428994,0.4537551524155082,0.08916281,0.015931508,0.23484332999401994,0
10,2026-07-21 00:45:00,-0.07746760318169199,0.38889390264883206,0.093962975,0.017112859,0.20300338062114798,0
10,2026-07-21 01:00:00,-0.11641175717691166,0.23327809794703666,0.09258365,0.016773397,0.12502574752499435,0
10,2026-07-21 02:15:00,-0.10447535346081349,0.28097442406967166,0.088057905,0.015659582,0.14831700296975614,0
10,2026-07-21 04:00:00,-0.09415895296426263,0.3221974267594675,0.09090902,0.01636126,0.16927934377306003,0
10,2026-07-21 05:45:00,-0.03768317320651937,0.5478673415364418,0.09948278,0.01847132,0.28316933038242625,0
10,2026-07-21 06:15:00,-0.10733253186268094,0.26955750854910937,0.08342568,0.014519561,0.14203853481561704,0
10,2026-07-21 06:30:00,-0.09900464801262798,0.3028346557930359,0.0751451,0.012481657,0.1576581563249354,0
10,2026-07-21 08:00:00,-0.07145629038160384,0.4129143314611962,0.08098279,0.0139183495,0.2134163404902841,0
10,2026-07-21 10:30:00,-0.030583707136010996,0.5762358901419877,0.07668956,0.0128617585,0.2945488243062615,0
10,2026-07-21 11:30:00,-0.13362601069280067,0.16449216633982805,0.082186334,0.01421455,0.08935335824239923,0
10,2026-07-21 11:45:00,-0.0981794006200879,0.30613223768642994,0.08309137,0.014437285,0.1602847614691727,0
10,2026-07-21 12:00:00,-0.13775250612531792,0.14800322406088476,0.08091757,0.013902298,0.08095276111784162,0
10,2026-07-21 12:15:00,-0.1275143957204698,0.1889133896655049,0.07353956,0.012086523,0.10049995621548126,0
10,2026-07-21 12:30:00,-0.07998066045646535,0.37885205066448646,0.07073,0.011395072,0.1951235611488233,0
10,2026-07-21 13:00:00,-0.12502444780660843,0.19886289963120232,0.08007135,0.01369404,0.1062784695885778,0
10,2026-07-21 13:45:00,-0.10284336979958802,0.2874956197986367,0.07758726,0.013082689,0.1502891542364837,0
10,2026-07-21 14:45:00,-0.14154245197511417,0.1328590904056854,0.07327492,0.012021393,0.07244024149476622,0
10,2026-07-21 15:00:00,-0.10045656476720338,0.29703298414416657,0.07067265,0.011380957,0.1542069707918542,0
10,2026-07-21 15:15:00,-0.08082134358573179,0.3754927895626513,0.07268847,0.011877063,0.19368492614657123,0
10,2026-07-21 17:30:00,-0.043247742694897395,0.5256320412431219,0.07957532,0.013571963,0.2696020019786586,0
10,2026-07-21 18:00:00,-0.15540056369067656,0.07748386755376949,0.07923828,0.0134890145,0.045486441011428305,0
10,2026-07-21 18:15:00,-0.07052623701385508,0.4166307044823075,0.08597031,0.015145812,0.21588825833296302,0
10,2026-07-21 19:45:00,-0.07562234723244066,0.3962673068691104,0.08284971,0.014377812,0.20532255939636673,0
10,2026-07-21 20:30:00,-0.06963560394345614,0.4201895590914274,0.07546766,0.012561041,0.2163753000109387,0
10,2026-07-21 21:45:00,-0.06192506200118941,0.45099988788121353,0.06872948,0.010902731,0.23095130931463545,0
10,2026-07-22 00:00:00,-0.10666534882605372,0.2722234857106848,0.093499504,0.016998796,0.1446111407515726,0
10,2026-07-22 00:45:00,-0.12204569964741624,0.210765592185612,0.074348554,0.012285621,0.11152560654553546,0
10,2026-07-22 01:00:00,-0.0563054595635305,0.47345509272525266,0.06310392,0.009518243,0.2414866680488465,0
10,2026-07-22 01:30:00,-0.07980060380002463,0.37957153378607067,0.06346516,0.009607147,0.1945893406057419,0
10,2026-07-22 02:15:00,0.005785926044856837,0.7215642425012297,0.063562594,0.009631125,0.36559768387882446,0
10,2026-07-22 03:45:00,-0.12089755198908453,0.2153534417968708,0.06852789,0.010853118,0.11310328003002791,0
10,2026-07-22 04:00:00,-0.06732119884392385,0.4294376226650735,0.083783604,0.014607648,0.22202263551513654,0
10,2026-07-22 04:30:00,0.013144757326769896,0.7509691809610616,0.07474936,0.012384262,0.38167672144850545,0
10,2026-07-22 05:00:00,-0.13025089640105586,0.17797868671808223,0.07645219,0.012803339,0.0953910130587398,0
10,2026-07-22 06:45:00,-0.1424786780960975,0.12911805186065645,0.07486787,0.012413427,0.07076573954717622,0
10,2026-07-22 07:30:00,-0.16056099915186461,0.05686343458703893,0.0650731,0.010002872,0.033433153281170816,0
10,2026-07-22 09:00:00,-0.10362737565868996,0.2843628337411955,0.06944568,0.011078991,0.1477209123685397,0
10,2026-07-22 09:15:00,-0.14385964180418231,0.12359989941282118,0.059587408,0.008652805,0.06612635238177103,0
10,2026-07-22 09:45:00,-0.12631007156626806,0.1937257132918165,0.06370689,0.0096666375,0.10169617540466418,0
10,2026-07-22 10:00:00,-0.03190585372585064,0.5709527632948392,0.06322317,0.00954759,0.29025017678646414,0
10,2026-07-22 11:15:00,0.020985900452399897,0.7823013751955709,1.2314684,0.29706043,0.5396809026227336,1
10,2026-07-22 11:30:00,-0.03291066795058084,0.5669376555542425,1.1202558,0.26969028,0.4183139653732516,0
10,2026-07-22 12:45:00,-0.15965822939005497,0.06047078584601607,0.87535375,0.20941825,0.13494451897824866,0
10,2026-07-22 13:45:00,-0.1588339042606723,0.0637646824950624,0.7554873,0.17991835,0.12184151564213874,0
10,2026-07-22 14:00:00,-0.17324294998618184,0.006187998563621241,0.63622767,0.15056776,0.07837787683336625,0
10,2026-07-22 15:00:00,-0.17267206049917083,0.008469199149668578,0.51630497,0.12105399,0.06476159642580169,0
10,2026-07-22 15:45:00,-0.05908879130044464,0.4623332589310173,0.42472073,0.09851451,0.28042388555614967,0
10,2026-07-22 16:00:00,-0.08390392480310455,0.3631751935311908,0.305955,0.06928548,0.21623033784969423,0
10,2026-07-22 17:30:00,-0.08771100339664578,0.3479625996468913,0.17417566,0.036853727,0.19240816330007968,0
10,2026-07-22 18:00:00,-0.13531683788760762,0.1577358394579073,0.050526217,0.006422787,0.08207931321566206,0
10,2026-07-22 18:45:00,-0.1466889122167398,0.11229450060962322,0.05998554,0.00875079,0.0605226452042097,0
10,2026-07-22 19:45:00,-0.09416693670094456,0.3221655247798164,0.06118564,0.00904614,0.1656058324533502,0
10,2026-07-22 21:15:00,-0.06701390904016025,0.43066551299477995,0.070279665,0.0112842405,0.22097487675813526,0
10,2026-07-22 22:30:00,-0.07293138366881158,0.407020049384168,0.07373878,0.012135552,0.20957780081328314,0
10,2026-07-22 23:15:00,-0.09180941960570216,0.33158585831484244,0.07147979,0.011579599,0.171582728773162,0
10,2026-07-22 23:30:00,-0.022031826544423594,0.6104080994070008,0.078076966,0.013203207,0.3118056534052111,0
10,2026-07-22 23:45:00,-0.04842544064814358,0.5049426295898055,0.080438934,0.013784504,0.25936356657702203,0
10,2026-07-23 01:15:00,-0.09673017911704301,0.31192313945862293,0.08170951,0.014097201,0.16301017008261204,0
10,2026-07-23 02:00:00,-0.1137054136698622,0.2440922967276977,0.08126734,0.01398838,0.12904033852403396,0
10,2026-07-23 03:00:00,-0.13380124252264608,0.1637919626015697,0.080957696,0.013912174,0.0888520682604747,0
10,2026-07-23 03:45:00,-0.07313315187289027,0.40621380972507065,0.08596714,0.015145031,0.21067942026452455,0
10,2026-07-23 04:00:00,-0.04829694410815866,0.5054560851516752,0.077727795,0.013117274,0.2592866797105684,0
10,2026-07-23 04:45:00,-0.0014964404792398023,0.6924648473283415,0.08209861,0.014192961,0.35332890424235486,0
10,2026-07-23 05:30:00,-0.04730635529360949,0.509414349992236,0.07882699,0.013387795,0.2614010722993118,0
10,2026-07-23 07:00:00,-0.07990110356734426,0.3791699497083756,0.06830824,0.010799061,0.19498450514201981,0
10,2026-07-23 08:00:00,-0.08267723066298077,0.36807690472927646,0.061053537,0.00901363,0.18854526758952417,0
10,2026-07-23 08:15:00,-0.05695792787998066,0.4708479136831997,0.06402158,0.009744085,0.240295999527347,0
10,2026-07-23 10:15:00,-0.0584968246616524,0.46469868109074836,0.06847815,0.010840877,0.23776977902500632,0
10,2026-07-23 14:15:00,-0.1644138127864765,0.04146808939120361,0.072472535,0.0118239205,0.02664600496213232,0
10,2026-07-23 15:15:00,-0.06927309968430706,0.42163807924678204,0.07696989,0.01293075,0.21728441458116113,0
10,2026-07-23 15:30:00,-0.162232174240039,0.050185634982616335,0.06728434,0.010547072,0.030366353338972047,0
10,2026-07-23 16:00:00,-0.04323112351261382,0.525698449347015,0.09329435,0.016948307,0.2713233781400302,0
10,2026-07-23 17:45:00,-0.1036933353887331,0.28409926718715406,0.093316905,0.016953858,0.15052656240137208,0
10,2026-07-23 18:00:00,-0.1289373324199341,0.18322751857034553,0.09445469,0.017233873,0.1002306956782549,0
10,2026-07-23 18:30:00,-0.08304344741792685,0.36661354992066486,0.08717764,0.015442944,0.19102824702622823,0
10,2026-07-23 18:45:00,-0.13115181302909906,0.1743787403420644,0.08692383,0.015380479,0.09487960986872698,0
10,2026-07-23 19:00:00,-0.13820509760676614,0.14619472701161296,0.08378582,0.014608193,0.08040146010025934,0
10,2026-07-23 20:00:00,-0.15824046369689754,0.06613599426847595,0.06959243,0.011115108,0.03862555097690174,0
10,2026-07-23 21:30:00,-0.06816337687948892,0.42607238811092907,0.06885819,0.010934407,0.21850339750119713,0
10,2026-07-23 22:00:00,-0.017003326109754746,0.6305013370641951,0.067311205,0.010553683,0.32052751010924,0
10,2026-07-23 22:45:00,-0.06242739292655397,0.4489926384443199,0.073666245,0.012117701,0.23055516954780397,0
10,2026-07-23 23:00:00,-0.011896981810794793,0.6509056287395161,0.07720452,0.012988493,0.3319470607930025,0
10,2026-07-24 00:30:00,-0.10422935533791,0.2819574007663912,0.077221006,0.012992551,0.14747497569266887,0
10,2026-07-24 03:00:00,-0.11977381053251235,0.219843767381109,0.066865124,0.0104439,0.11514383358081043,0
10,2026-07-24 03:30:00,-0.13234125628072396,0.16962587887866096,0.0637956,0.009688469,0.08965717376432218,0
10,2026-07-24 03:45:00,-0.12326693169189373,0.2058857068155944,0.06348289,0.00961151,0.10774860827797351,0
10,2026-07-24 04:30:00,-0.020074824981087258,0.6182280246547963,0.08091423,0.013901477,0.316064750701542,0
10,2026-07-24 04:45:00,-0.0049817434056924625,0.6785380274108763,0.09266908,0.016794423,0.3476662250261364,0
10,2026-07-24 05:15:00,-0.10164825809750228,0.29227113165726987,0.08610721,0.015179504,0.15372531768317385,0
10,2026-07-24 06:15:00,-0.1520766778344979,0.09076568572626462,0.07210147,0.011732598,0.05124914178081329,0
10,2026-07-24 06:45:00,-0.1520766778344979,0.09076568572626462,0.07558482,0.012589875,0.05167778020181234,0
10,2026-07-24 07:00:00,-0.15416107438214588,0.08243670659066192,0.05959035,0.00865353,0.04554511825517293,0
10,2026-07-24 10:15:00,-0.09336842644547755,0.325356268530018,0.0674828,0.010595914,0.16797609125322444,0
10,2026-07-24 11:15:00,-0.14323123608922744,0.12611092741008909,0.06514157,0.010019722,0.06806532490236715,0
10,2026-07-24 11:30:00,-0.10250217439529918,0.28885899252475833,0.06708737,0.010498595,0.1496787939743774,0
10,2026-07-24 12:45:00,-0.16350074754667243,0.04511658004925686,0.06013835,0.008788396,0.026952487861146717,0
10,2026-07-24 13:30:00,-0.16092341693831125,0.05541525996542411,0.06296893,0.009485021,0.03245014059949138,0
10,2026-07-24 16:00:00,-0.14936891925055212,0.1015855389712636,0.044763304,0.005004497,0.05329501787527821,0
10,2026-07-24 18:00:00,-0.047691055765577195,0.5078771366399634,0.053100135,0.0070562456,0.2574666911101395,0
10,2026-07-24 19:45:00,-0.012955169314946113,0.6466772482743991,0.067271665,0.010543952,0.32861060001955095,0
10,2026-07-24 20:15:00,-0.018570368848415564,0.6242396368662978,0.075029105,0.012453109,0.3183463729461265,0
10,2026-07-24 21:30:00,-0.0013128188216108283,0.693198575733794,0.08737375,0.015491207,0.35434489143202363,0
10,2026-07-25 00:15:00,-0.08200735875329279,0.3707536262799877,0.11794103,0.023014015,0.196883820433397,0
10,2026-07-25 05:45:00,0.0022438589068560777,0.7074106001328416,0.09633537,0.01769672,0.3625536598747466,0
10,2026-07-25 07:15:00,-0.021549743243335695,0.6123344419548784,0.08075049,0.013861179,0.3130978106533425,0
11,2026-07-17 20:30:00,-0.14781946232092585,0.10777696854973544,,,0.10777696854973544,0
11,2026-07-17 23:45:00,-0.07490344692595952,0.3991399395550627,,,0.3991399395550627,0
11,2026-07-18 03:15:00,-0.11811097560200612,0.22648824079369728,,,0.22648824079369728,0
11,2026-07-18 03:30:00,-0.11348755853272569,0.24496281769159076,,,0.24496281769159076,0
11,2026-07-18 04:00:00,-0.11912628098539324,0.2224312117393944,,,0.2224312117393944,0
11,2026-07-18 05:15:00,-0.11903767088508127,0.22278528624481173,,,0.22278528624481173,0
11,2026-07-18 06:45:00,-0.1403624499665599,0.13757422588233356,,,0.13757422588233356,0
11,2026-07-18 07:00:00,-0.1579104482280715,0.06745469341781965,,,0.06745469341781965,0
11,2026-07-18 08:30:00,-0.15425384992930646,0.08206598749814252,,,0.08206598749814252,0
11,2026-07-18 08:45:00,-0.13971019300696264,0.14018056036972626,0.057836518,0.008221901,0.07420123069581203,0
11,2026-07-18 09:00:00,-0.13918946415190464,0.14226132555520804,0.051517233,0.0066666827,0.07446400410789386,0
11,2026-07-18 13:00:00,-0.14438725672863628,0.12149161838425757,0.038680475,0.0035074726,0.062499545479484206,0
11,2026-07-18 15:45:00,-0.16127416272102368,0.05401372516178563,0.03775249,0.0032790895,0.028646407311898842,0
11,2026-07-18 17:15:00,-0.04603521209525807,0.5144936738806674,0.06782769,0.010680793,0.2625872333669518,0
11,2026-07-18 17:30:00,-0.04008486647564746,0.5382704857216223,0.06967151,0.01113457,0.27470252809305706,0
11,2026-07-18 17:45:00,-0.11555182122472413,0.2367142908402779,0.067399755,0.010575476,0.12364488347140443,0
11,2026-07-18 19:00:00,-0.1300096654162996,0.17894261454705648,0.07032129,0.011294485,0.09511854980843391,0
11,2026-07-18 19:30:00,-0.13750763126498106,0.14898171234560237,0.069991,0.011213198,0.08009745532488935,0
11,2026-07-18 20:15:00,-0.1315401862735085,0.1728268510659271,0.06496781,0.009976959,0.09140190496095685,0
11,2026-07-18 21:30:00,-0.06392340853891887,0.44301475346078195,0.08447647,0.014778168,0.22889646070072908,0
11,2026-07-18 22:45:00,-0.07720959032943797,0.38992488865078356,0.08184335,0.014130139,0.20202751372144057,0
11,2026-07-18 23:00:00,-0.020820363118373097,0.6152489506406618,0.07491037,0.012423888,0.3138364192447579,0
11,2026-07-18 23:45:00,0.024605948225122742,0.7967666180990464,0.07126807,0.011527493,0.4041470553819004,0
11,2026-07-19 00:15:00,-0.012363835177834237,0.6490401430391847,0.081858724,0.014133924,0.33158703336311274,0
11,2026-07-19 00:30:00,0.02734204898187853,0.807699723002545,0.09050601,0.016262077,0.4119808998988231,0
11,2026-07-19 01:00:00,-0.06456553714613333,0.44044889056012715,0.09747852,0.017978057,0.2292134739127044,0
11,2026-07-19 01:15:00,-0.06197842576149082,0.45078665319386513,0.09450565,0.017246416,0.23401653451623217,0
11,2026-07-19 02:00:00,-0.1086426987290241,0.2643222511283256,0.0883743,0.01573745,0.1400298504393149,0
11,2026-07-19 02:15:00,-0.09923185506463483,0.30192676578632766,0.0824223,0.014272623,0.1580996942752191,0
11,2026-07-19 02:30:00,0.028254849018433115,0.8113471539426985,0.0923097,0.016705977,0.4140265653709145,0
11,2026-07-19 03:00:00,-0.0521045810082339,0.490241260346643,0.07389785,0.0121747,0.25120798036673264,0
11,2026-07-19 03:45:00,-0.11379057711685314,0.24375199460337113,0.068133466,0.010756047,0.1272540210229633,0
11,2026-07-19 04:15:00,-0.10118794924318503,0.2941104663308317,0.054428264,0.0073831067,0.15074678653644297,0
11,2026-07-19 04:30:00,-0.10436891016267585,0.2813997577281416,0.052105762,0.006811524,0.1441056407690853,0
11,2026-07-19 06:00:00,-0.1228489339997813,0.20755597155493252,0.06175236,0.009185614,0.10837079280963417,0
11,2026-07-19 06:15:00,-0.13113225426147496,0.1744568946489515,0.060367458,0.008844782,0.0916508381579728,0
11,2026-07-19 06:45:00,-0.06086288903715409,0.4552441937287905,0.062394004,0.009343527,0.23229386049311648,0
11,2026-07-19 08:00:00,-0.13737895747463152,0.14949587617701415,0.054697238,0.007449303,0.0784725894996828,0
11,2026-07-19 11:30:00,-0.07354947759379293,0.4045502259665359,0.056485195,0.00788933,0.20621977817682569,0
11,2026-07-19 12:00:00,-0.10546084301685665,0.27703653520687355,0.06115704,0.009039103,0.14303781913019187,0
11,2026-07-19 13:45:00,-0.1292304142340283,0.1820564015305626,0.064487495,0.00985875,0.09595757566872178,0
11,2026-07-19 14:00:00,-0.13585685004956122,0.15557802067099824,0.066843465,0.01043857,0.08300829524620779,0
11,2026-07-19 14:15:00,0.04075153507864204,0.8612822958796329,0.11758066,0.022925327,0.44210381124015186,1
11,2026-07-19 14:45:00,-0.0017277569025034856,0.6915405368053464,0.12061229,0.023671431,0.35760598413614175,0
11,2026-07-19 15:30:00,-0.10508427307694823,0.27854126000414475,0.1392712,0.02826351,0.1534023846388369,0
11,2026-07-19 17:15:00,-0.06979588944949333,0.4195490789308602,0.13659562,0.027605033,0.22357705573958428,0
11,2026-07-19 17:30:00,-0.11624736909472516,0.23393497147151934,0.11907247,0.023292469,0.12861372016613237,0
11,2026-07-19 18:45:00,-0.11563695804987179,0.23637409509339546,0.110545464,0.021193918,0.12878400646705734,0
11,2026-07-19 19:00:00,-0.14401515627869788,0.12297848367742001,0.09121474,0.0164365,0.0697074920761153,0
11,2026-07-19 19:15:00,-0.13199510085766303,0.17100907119856934,0.07209667,0.011731417,0.09137024405845334,0
11,2026-07-19 20:00:00,-0.1378918551366451,0.14744640342652873,0.05574502,0.0077071693,0.07757678635299244,0
11,2026-07-19 21:30:00,-0.107171630450072,0.27020044979271346,0.056825384,0.007973054,0.13908675210832086,0
11,2026-07-19 21:45:00,-0.13260778482690583,0.1685608652646746,0.05079989,0.00649014,0.0875255027433438,0
11,2026-07-19 22:15:00,0.04430352432512308,0.8754755857107874,0.05627666,0.007838009,0.4416567973180531,0
11,2026-07-19 22:30:00,-0.028183486634515975,0.5858268609677436,0.0638478,0.009701317,0.2977640890719832,0
11,2026-07-19 22:45:00,-0.03167373551713193,0.5718802776488585,0.06330163,0.0095669,0.2907235889846048,0
11,2026-07-20 00:15:00,-0.011764591120482226,0.6514346448226628,0.08055962,0.013814205,0.3326244250632255,0
11,2026-07-20 02:00:00,-0.07510453635144243,0.3983364122074822,0.085146874,0.014943158,0.2066397852307548,0
11,2026-07-20 02:45:00,-0.0865504790791834,0.3525999047879936,0.08147971,0.014040646,0.1833202754656256,0
11,2026-07-20 03:00:00,-0.002763256150409954,0.6874028156790678,0.08634528,0.015238093,0.35132045444565735,0
11,2026-07-20 03:45:00,0.012471910674408448,0.7482805727231989,0.08460431,0.014809629,0.3815451008358841,0
11,2026-07-20 04:00:00,-0.0851148871258276,0.35833634464164416,0.093373306,0.016967738,0.18765204134444316,0
11,2026-07-20 06:15:00,-0.11164848936356708,0.2523115003384396,0.109064326,0.0208294,0.13657045019304972,0
11,2026-07-20 07:45:00,-0.022374649292263404,0.6090382240264309,0.08276456,0.014356855,0.31169753966474,0
11,2026-07-20 08:00:00,-0.07211843898410808,0.41026847124752935,0.08456829,0.014800766,0.21253461839957802,0
11,2026-07-20 08:15:00,-0.11694518738693271,0.23114657978914152,0.076002754,0.012692731,0.12191965533148234,0
11,2026-07-20 08:30:00,-0.03240345098749198,0.56896442896622,0.080518626,0.013804116,0.2913842726262787,0
11,2026-07-20 09:00:00,-0.05666284098721053,0.472027042758157,0.07079428,0.01141089,0.24171896645262347,0
11,2026-07-20 10:45:00,-0.06294925655324057,0.4469073388581124,0.051494695,0.006661136,0.22678423751354948,0
11,2026-07-20 11:30:00,-0.11636669723102072,0.23345815166550998,0.05532249,0.0076031815,0.12053066659578743,0
11,2026-07-20 11:45:00,-0.12178489224915029,0.2118077448321509,0.060530134,0.008884817,0.11034628109699128,0
11,2026-07-20 12:30:00,-0.08034224963799941,0.37740718704098103,0.05389416,0.00725166,0.192329423457427,0
11,2026-07-20 13:15:00,-0.11521394153531644,0.23806441439838688,0.04997017,0.0062859403,0.12217517734766742,0
11,2026-07-20 13:30:00,-0.13136924214620732,0.17350992169912877,0.04557844,0.0052051065,0.08935751407748074,0
11,2026-07-20 14:00:00,-0.1234087264730156,0.2053191132013256,0.04038853,0.0039278357,0.10462347446514937,0
11,2026-07-20 14:45:00,-0.13056165646956214,0.17673692965909654,0.036160428,0.0028872723,0.08981210096754041,0
11,2026-07-20 15:30:00,-0.12967855975995612,0.1802656699447814,0.035525803,0.002731087,0.0914983784319328,0
11,2026-07-20 15:45:00,-0.039754549090979974,0.539590391287637,0.05110245,0.0065646013,0.2730774963060678,0
11,2026-07-20 16:15:00,-0.12001367708074323,0.21888529166409706,0.0632488,0.009553898,0.11421959489499199,0
11,2026-07-20 18:00:00,-0.12311338525817117,0.2064992585144132,0.06090761,0.008977717,0.10773848765153138,0
11,2026-07-20 18:15:00,-0.11779716861654332,0.2277421729389387,0.054127995,0.0073092086,0.11752569078150181,0
11,2026-07-20 20:30:00,-0.053707627524688384,0.4838356937072163,0.046676673,0.0054753893,0.24465554150635924,0
11,2026-07-20 21:00:00,0.0068072276117733255,0.7256452315297351,0.06861655,0.010874936,0.36826008394343784,0
11,2026-07-20 21:15:00,-0.0,0.6984444300249851,0.07711758,0.012967096,0.35570576286766115,0
11,2026-07-20 21:30:00,0.005541985587569576,0.7205894879702996,0.09181244,0.016583597,0.36858654262891766,0
11,2026-07-20 22:00:00,-0.029420225642179276,0.5808850117775609,0.09010665,0.016163792,0.2985244021193589,0
11,2026-07-20 23:45:00,-0.03931521204341848,0.5413459253326179,0.08708231,0.015419482,0.2783827037930549,0
11,2026-07-21 01:00:00,-0.0861737793607642,0.3541051481634162,0.0852183,0.014960738,0.184532943031181,0
11,2026-07-21 01:45:00,-0.09693590602138447,0.3111010813450526,0.07833959,0.013267841,0.16218446126757616,0
11,2026-07-21 02:15:00,-0.12068034921213805,0.21622135601378098,0.07772366,0.013116256,0.11466880617383428,0
11,2026-07-21 03:15:00,-0.10157042781520997,0.29258213140348516,0.06915669,0.01100787,0.151795000509818,0
11,2026-07-21 04:15:00,-0.11977785494934545,0.21982760641430227,0.05977924,0.008700018,0.11426381211581035,0
11,2026-07-21 04:30:00,-0.12766262922092952,0.18832106776115345,0.04859733,0.005948075,0.0971345714272412,0
11,2026-07-21 06:00:00,-0.06354588150741436,0.44452330267233925,0.056257837,0.0078333765,0.22617833959958591,0
11,2026-07-21 06:15:00,-0.09900464801262798,0.3028346557930359,0.05553798,0.007656215,0.1552454355087255,0
11,2026-07-21 06:30:00,-0.10022249444323511,0.2979682988983554,0.055385675,0.007618732,0.15279351535872432,0
11,2026-07-21 07:00:00,-0.019322397450305617,0.6212346277946859,0.06727962,0.01054591,0.31589026906538153,0
11,2026-07-21 08:45:00,-0.04337807440244279,0.5251112525889294,0.07863785,0.013341246,0.2692262493808576,0
11,2026-07-21 09:00:00,-0.14529905616441058,0.1178481857154653,0.06642293,0.010335074,0.06409162976090538,0
11,2026-07-21 09:30:00,-0.13656875182387251,0.152733353214833,0.075946964,0.012679,0.0827061767999693,0
11,2026-07-21 10:15:00,-0.0971305729102176,0.3103232176236252,0.066752665,0.010416223,0.1603697201799323,0
11,2026-07-21 10:45:00,-0.0801180561886069,0.3783030350812381,0.06495313,0.009973346,0.19413819066847887,0
11,2026-07-21 11:15:00,-0.13362601069280067,0.16449216633982805,0.06692984,0.010459827,0.08747599679950549,0
11,2026-07-21 11:30:00,-0.1379806802936514,0.14709146958236313,0.064534,0.009870195,0.07848083220618177,0
11,2026-07-21 13:45:00,-0.14218793928417395,0.1302798065666665,0.0775096,0.013063574,0.0716716903882379,0
11,2026-07-21 14:00:00,-0.06084394290556561,0.4553199000212802,0.071363255,0.011550919,0.23343540958703823,0
11,2026-07-21 15:00:00,-0.14185663465150494,0.13160365704806476,0.060066946,0.0087708235,0.07018724026338174,0
11,2026-07-21 15:30:00,-0.10082717080697895,0.2955520903208189,0.07215253,0.011745166,0.15364862817716265,0
11,2026-07-21 17:30:00,-0.14591096486121918,0.1154030776699911,0.070848905,0.011424335,0.0634137061948841,0
11,2026-07-21 17:45:00,-0.049306891666103136,0.5014204652751865,0.07917409,0.013473216,0.2574468408597202,0
11,2026-07-21 21:15:00,-0.12337060900787405,0.20547142566424162,0.071221255,0.011515972,0.10849369893437401,0
11,2026-07-21 21:30:00,-0.1359841797319542,0.1550692277212158,0.06991809,0.0111952545,0.08313224111667351,0
11,2026-07-21 22:00:00,-0.08565792453296095,0.3561664373660976,0.0744493,0.0123104155,0.18423842643623026,0
11,2026-07-21 22:45:00,0.019548561059468006,0.7765579527992815,0.08345911,0.014527788,0.3955428705925152,0
11,2026-07-21 23:30:00,-0.0044228903252311325,0.6807711320724064,0.08123465,0.013980335,0.3473757333485272,0
11,2026-07-22 01:00:00,-0.09335496798935461,0.3254100467807889,0.08384756,0.014623389,0.17001671771441101,0
11,2026-07-22 01:15:00,-0.12578902496395228,0.19580774815426233,0.080641456,0.013834345,0.10482104665436329,0
11,2026-07-22 01:30:00,-0.05461540079802507,0.4802083490630263,0.086743884,0.015336193,0.24777227110367386,0
11,2026-07-22 02:15:00,-0.10076199999543084,0.29581250445854473,0.07712229,0.012968256,0.15439038029840493,0
11,2026-07-22 04:30:00,-0.043861038523532514,0.523181390398196,0.08273803,0.014350326,0.26876585809933723,0
11,2026-07-22 05:15:00,-0.047977761630156435,0.5067314970701655,0.080988996,0.013919877,0.26032568697927994,0
11,2026-07-22 06:00:00,-0.09196607428754738,0.33095988645835683,0.091988645,0.016626963,0.17379342492512845,0
11,2026-07-22 07:15:00,-0.07857200759639815,0.3844808453840161,0.07094459,0.011447884,0.19796436476320747,0
11,2026-07-22 08:45:00,-0.15302529810243887,0.08697512177229645,0.07231798,0.011785883,0.04938050261438252,0
11,2026-07-22 09:45:00,-0.10362737565868996,0.2843628337411955,0.06928513,0.01103948,0.14770115668842568,0
11,2026-07-22 11:00:00,-0.1511483773166532,0.09447505458576608,0.0769993,0.012937987,0.053706520904516816,0
11,2026-07-22 13:00:00,-0.1588339042606723,0.0637646824950624,0.07083873,0.011421829,0.037593255978556894,0
11,2026-07-22 15:15:00,-0.15246221943431498,0.08922511133584607,0.07468231,0.012367761,0.05079643604920918,0
11,2026-07-22 17:15:00,-0.08771100339664578,0.3479625996468913,0.08277607,0.014359688,0.18116114401660618,0
11,2026-07-22 17:30:00,-0.03174847779672996,0.5715816171621954,0.08563252,0.015062679,0.2933221478837567,0
11,2026-07-22 17:45:00,-0.10366729179576412,0.28420333401776726,0.08606751,0.015169733,0.1496865336108574,0
11,2026-07-22 18:00:00,-0.12881872720448467,0.18370144967811225,0.08471841,0.014837711,0.09926958039813696,0
11,2026-07-22 18:30:00,-0.12728055613056788,0.1898477824361937,0.083190344,0.014461644,0.10215471321502412,0
11,2026-07-22 19:15:00,-0.16158902626231336,0.052755571156050535,0.08124328,0.013982457,0.03336901413242309,0
11,2026-07-22 19:30:00,-0.16158902626231336,0.052755571156050535,0.07190869,0.011685154,0.032220362778408215,0
11,2026-07-22 19:45:00,-0.04645717452974951,0.5128075665433408,0.072530314,0.01183814,0.26232285325473553,0
11,2026-07-22 20:00:00,-0.07295860476631932,0.4069112773976446,0.0836719,0.014580157,0.21074571702588205,0
11,2026-07-22 23:00:00,-0.0817319128293863,0.3718542725825316,0.078276426,0.0132522965,0.19255328453376921,0
11,2026-07-22 23:15:00,-0.006255024171845536,0.6734501620778522,0.07635793,0.012780142,0.34311515204728055,0
11,2026-07-22 23:30:00,-0.022031826544423594,0.6104080994070008,0.07686298,0.012904439,0.3116562692642428,0
11,2026-07-23 00:00:00,-0.05310068737399698,0.4862609480847351,0.066674694,0.010397034,0.24832899092532357,0
11,2026-07-23 00:15:00,-0.06972627489292749,0.41982724969919377,0.08246783,0.014283828,0.21705553906826106,0
11,2026-07-23 00:45:00,-0.07581958164358871,0.39547918366043944,0.09106968,0.016400801,0.20593999233915994,0
11,2026-07-23 01:15:00,-0.12375363407814982,0.2039409070005356,0.09078334,0.01633033,0.11013561835092002,0
11,2026-07-23 02:15:00,-0.1137054136698622,0.2440922967276977,0.08826526,0.015710615,0.1299014556746685,0
11,2026-07-23 02:30:00,-0.03065481443861595,0.5759517545534626,0.08513628,0.0149405515,0.2954461530178018,0
11,2026-07-23 04:15:00,-0.0453096867238838,0.5173927794694506,0.09529763,0.017441325,0.26741705217955525,0
11,2026-07-23 06:15:00,-0.04416025576706473,0.5219857569755613,0.099226445,0.018408233,0.27019699513770634,0
11,2026-07-23 06:30:00,-0.09289074706396339,0.3272650135846135,0.101962976,0.019081712,0.17317336267685876,0
11,2026-07-23 07:00:00,-0.12938490111846368,0.181439091912276,0.07900421,0.013431409,0.09743525064307772,0
11,2026-07-23 07:30:00,-0.13872163842373325,0.14413069668491676,0.07861516,0.01333566,0.07873317839244999,0
11,2026-07-23 11:00:00,-0.05955360800202214,0.46047591148257366,0.08205159,0.014181389,0.23732865001231487,0
11,2026-07-23 11:30:00,-0.1612847108917661,0.053971576035156385,0.08788403,0.01561679,0.034794183213330575,0
11,2026-07-23 11:45:00,-0.13750239826717153,0.14900262272833226,0.073905,0.01217646,0.08058954119174896,0
11,2026-07-23 13:15:00,-0.16266521531935269,0.048455258812816746,0.060557246,0.008891489,0.028673374084786478,0
11,2026-07-23 14:00:00,-0.1747915482757043,0.0,0.050629113,0.0064481106,0.0032240552827715874,0
11,2026-07-23 14:45:00,-0.1747915482757043,0.0,0.03988358,0.0038035645,0.0019017822341993451,0
11,2026-07-23 16:15:00,-0.1620125283026712,0.051063311752720615,0.037116393,0.0031225418,0.027092926786675523,0
11,2026-07-23 17:00:00,-0.1036933353887331,0.28409926718715406,0.04336437,0.004660209,0.14437973818117666,0
11,2026-07-23 17:15:00,-0.13002298644157223,0.17888938545219651,0.047397017,0.0056526707,0.09227102810036417,0
11,2026-07-23 18:15:00,-0.09927219540401261,0.3017655710053347,0.047565825,0.0056942157,0.15372989332846812,0
11,2026-07-23 18:45:00,-0.12505093299157388,0.19875706825605985,0.05275166,0.0069704833,0.10286377580005406,0
11,2026-07-23 19:15:00,-0.09570037006118204,0.3160381233131104,0.061568636,0.009140398,0.1625892608332243,0
11,2026-07-23 19:30:00,-0.07949858882777905,0.3807783465709563,0.0646413,0.009896602,0.1953374740606187,0
11,2026-07-23 21:15:00,-0.14070552251681834,0.13620335232359304,0.069089904,0.010991433,0.07359739251381225,0
11,2026-07-23 22:45:00,-0.018792476742478192,0.6233521224355203,0.068725236,0.010901686,0.31712690411982447,0
11,2026-07-24 00:00:00,-0.03024169479242622,0.5776025272519227,0.0685714,0.010863827,0.29423317693103535,0
11,2026-07-24 01:45:00,-0.05828987751275849,0.4655256151437983,0.0789601,0.013420552,0.23947308357955144,0
11,2026-07-24 02:30:00,-0.08472908379026511,0.35987796489426443,0.07549858,0.01256865,0.1862233073650745,0
11,2026-07-24 03:15:00,-0.010218749621077272,0.6576116276093696,0.070225924,0.011271015,0.33444132120948905,0
11,2026-07-24 04:15:00,-0.045791911116996986,0.5154658731360802,0.081933066,0.0141522195,0.26480904632754965,0
11,2026-07-24 05:15:00,-0.11987737247320301,0.21942994725449805,0.08746522,0.015513718,0.1174718326913512,0
11,2026-07-24 05:45:00,-0.012976994196701397,0.6465900388684049,0.08766254,0.01556228,0.33107615947480873,0
11,2026-07-24 06:45:00,-0.12653534537473093,0.19282554827638204,0.08884576,0.015853478,0.10433951295916108,0
11,2026-07-24 07:30:00,-0.053941793852455566,0.48289999533425826,0.0833217,0.014493971,0.24869698323300013,0
11,2026-07-24 08:00:00,-0.14445952017353475,0.12120286300059256,0.078687,0.01335334,0.06727810166416615,0
11,2026-07-24 08:30:00,-0.08216363510652602,0.3701291661757257,0.08684643,0.015361431,0.19274529861524833,0
11,2026-07-24 09:00:00,-0.14451410555842947,0.12098474685929977,0.08495241,0.0148952985,0.06794002268877011,0
11,2026-07-24 09:45:00,-0.1710724129636042,0.014861183900884398,0.07197189,0.011700709,0.013280946625645761,0
11,2026-07-24 11:00:00,-0.09522309148987829,0.3179452667819215,0.06493191,0.0099681225,0.16395669462466006,0
11,2026-07-24 11:30:00,-0.1331773113873284,0.16628511075707672,0.06819311,0.010770725,0.08852791792170404,0
11,2026-07-24 11:45:00,-0.135344554543612,0.1576250872836967,0.0648149,0.009939327,0.0837822070942054,0
11,2026-07-24 12:30:00,-0.04972352148513837,0.4997556663798275,0.06914674,0.01100542,0.25538054330880355,0
11,2026-07-24 13:00:00,-0.1360996498530681,0.15460782404511184,0.06978951,0.01116361,0.08288571703940138,0
11,2026-07-24 13:30:00,-0.16092341693831125,0.05541525996542411,0.05607835,0.0077892025,0.03160223123277941,0
11,2026-07-24 13:45:00,-0.059481523942211734,0.4607639500666175,0.062713176,0.009422078,0.2350930139319854,0
11,2026-07-24 14:45:00,-0.031475620397422466,0.5726719200550837,0.07208677,0.011728981,0.29220045031678293,0
11,2026-07-24 15:00:00,-0.031116159487558193,0.5741082793801375,0.073813215,0.01215387,0.29313107490312795,0
11,2026-07-24 15:30:00,-0.13521131960714822,0.1581574768653204,0.06705448,0.010490501,0.08432398908241043,0
11,2026-07-24 16:00:00,-0.1567954045459679,0.07191026381972132,0.06137822,0.009093536,0.04050189994187503,0
11,2026-07-24 17:00:00,-0.16958597919130708,0.02080078109024267,0.06207425,0.009264835,0.015032808123371504,0
11,2026-07-24 17:45:00,-0.16958597919130708,0.02080078109024267,0.057186928,0.008062031,0.014431406105152271,0
11,2026-07-24 18:00:00,-0.09677948825504196,0.3117261065178175,0.06276551,0.009434958,0.16058053225318886,0
11,2026-07-24 18:15:00,-0.1404497819242863,0.137225258669451,0.0647056,0.0099124275,0.07356884309212125,0
11,2026-07-24 19:45:00,-0.13797350218555116,0.14712015237435275,0.07033653,0.0112982355,0.07920919394008603,0
11,2026-07-24 20:00:00,-0.08518423315393137,0.3580592468783299,0.072653644,0.011868493,0.18496386978924473,0
11,2026-07-24 20:15:00,-0.08795244079832437,0.34699784700258074,0.060061883,0.008769576,0.17788371172017603,0
11,2026-07-24 21:15:00,-0.15106434932052148,0.09481081959524919,0.060083915,0.008774999,0.05179290909652496,0
11,2026-07-24 22:00:00,-0.08824189377951702,0.3458412303099404,0.061599,0.009147872,0.17749455126346997,0
11,2026-07-24 22:30:00,-0.033200622191459694,0.5657790358926984,0.07324753,0.012014652,0.2888968437818752,0
11,2026-07-25 01:00:00,-0.09352923099098376,0.32471371435483354,0.08316103,0.01445443,0.16958407216201254,0
11,2026-07-25 01:45:00,-0.01961846596935557,0.6200515762680181,0.08559067,0.015052379,0.31755197768849175,0
11,2026-07-25 02:30:00,-0.12456956967219529,0.20068053385010565,0.08164897,0.0140823005,0.10738141716341776,0
11,2026-07-25 04:30:00,-0.11792339122547374,0.2272378037115913,0.07268365,0.011875876,0.1195568399685612,0
12,2026-07-17 19:00:00,-0.15328251268890997,0.08594732553721447,,,0.08594732553721447,0
12,2026-07-17 23:45:00,0.0008736031354883433,0.701935235215816,,,0.701935235215816,0
12,2026-07-18 01:45:00,-0.10749952894795706,0.26889020978557,,,0.26889020978557,0
12,2026-07-18 02:15:00,-0.023756159039682978,0.6035178896760054,,,0.6035178896760054,0
12,2026-07-18 04:00:00,-0.0007823379921401141,0.695318308548303,,,0.695318308548303,0
12,2026-07-18 04:45:00,-0.09359567232505656,0.32444822337335094,,,0.32444822337335094,0
12,2026-07-18 05:00:00,-0.095080808756355,0.3185138101909044,,,0.3185138101909044,0
12,2026-07-18 05:45:00,-0.10738664573703954,0.26934127650296247,,,0.26934127650296247,0
12,2026-07-18 07:15:00,-0.07842881505208021,0.385053024279315,,,0.385053024279315,0
12,2026-07-18 07:45:00,-0.12391750009978436,0.20328611956252704,0.088360354,0.015734017,0.10951006822891061,0
12,2026-07-18 09:15:00,-0.15733374626168406,0.06975911992002337,0.08144779,0.014032789,0.04189595424735948,0
12,2026-07-18 09:30:00,-0.0926057557908967,0.3284038018683879,0.07207065,0.011725014,0.1700644079720124,0
12,2026-07-18 11:30:00,-0.09165834491944436,0.3321895332303372,0.07175133,0.011646426,0.17191797975658013,0
12,2026-07-18 13:45:00,-0.14438725672863628,0.12149161838425757,0.07599568,0.01269099,0.06709130430809439,0
12,2026-07-18 14:15:00,-0.09914007118204787,0.3022935223154123,0.065657035,0.010146582,0.1562200519416181,0
12,2026-07-18 15:45:00,-0.05146632263646134,0.4927916582868123,0.08280876,0.014367734,0.25357969618442777,0
12,2026-07-18 17:15:00,-0.15607043404498266,0.07480715221816311,0.0830176,0.014419131,0.044613141599565795,0
12,2026-07-18 17:45:00,-0.16530893903552413,0.037891280621077376,0.06542189,0.01008871,0.023989995367718616,0
12,2026-07-18 18:00:00,-0.15249105882242586,0.0891098728692836,0.061878346,0.0092166215,0.049163247193709333,0
12,2026-07-18 18:15:00,-0.1324446681667779,0.1692126583509794,0.06381747,0.009693853,0.08945325548838333,0
12,2026-07-18 19:30:00,-0.03752774481699295,0.5484884132873554,0.06642621,0.01033588,0.27941214680952525,0
12,2026-07-18 20:30:00,-0.0009937893444189605,0.694473376280826,0.08238208,0.014262726,0.35436805093996804,0
12,2026-07-18 20:45:00,-0.10466423953460935,0.280219659737795,0.074642025,0.012357846,0.14628875282011897,0
12,2026-07-18 21:45:00,-0.13726405196482183,0.14995502373933892,0.07756221,0.013076523,0.08151577352911284,0
12,2026-07-18 22:15:00,-0.09321801890558074,0.3259572776149023,0.07314908,0.011990422,0.16897384999892653,0
12,2026-07-18 22:45:00,-0.01422552360216811,0.6416010767728512,0.064854264,0.0099490145,0.3257750456474932,0
12,2026-07-18 23:00:00,-0.039309237924542995,0.541369797139316,0.07796661,0.013176048,0.2772729226569082,0
12,2026-07-18 23:15:00,-0.00937714476714857,0.6609745718037955,0.080969684,0.013915124,0.3374448480765458,0
12,2026-07-19 01:30:00,-0.018860048228162785,0.6230821155143019,0.08347351,0.014531333,0.3188067242568849,0
12,2026-07-19 03:15:00,-0.04398524172032581,0.5226850904806809,0.08175778,0.01410908,0.26839708510336063,0
12,2026-07-19 04:15:00,-0.08192299636017186,0.3710907274966092,0.067224614,0.010532373,0.1908115500638709,0
12,2026-07-19 04:30:00,-0.015429586904794457,0.6367897954757122,0.08063824,0.0138335535,0.32531167450299403,0
12,2026-07-19 04:45:00,-0.04010914169028856,0.538173485102193,0.084731914,0.014841034,0.27650725958965044,0
12,2026-07-19 08:15:00,-0.11701237204192616,0.23087811859335586,0.086761095,0.015340429,0.12310927369637333,0
12,2026-07-19 09:45:00,-0.12134941643895514,0.21354784987179315,0.076672316,0.012857514,0.11320268215267795,0
12,2026-07-19 10:15:00,-0.13196715246504448,0.17112074936233151,0.06008539,0.008775362,0.08994805558796817,0
12,2026-07-19 14:00:00,-0.14451828284718848,0.12096805495345467,0.07415704,0.012238488,0.06660327127736744,0
12,2026-07-19 14:30:00,-0.15411346688159555,0.08262694000820875,0.075780325,0.01263799,0.04763246480187058,0
12,2026-07-19 14:45:00,-0.036019956645654716,0.5545133398946056,0.07381141,0.012153427,0.28333338350558923,0
12,2026-07-19 15:15:00,-0.07675401711188845,0.3917453003320402,0.08606972,0.015170276,0.20345778824852437,0
12,2026-07-19 16:30:00,-0.12505736641354992,0.19873136113355025,0.072073266,0.011725658,0.10522850937654309,0
12,2026-07-19 16:45:00,-0.02889316272235376,0.5829910870669919,0.07224003,0.0117667,0.29737889357053426,0
12,2026-07-19 17:00:00,0.004823177689462721,0.7177172245362645,0.07133209,0.01154325,0.3646302371238294,0
12,2026-07-19 18:45:00,-0.06456805036680446,0.4404388480552321,0.08489881,0.014882107,0.22766047766026284,0
12,2026-07-19 21:45:00,0.013578969085705106,0.7527042350152844,0.083160855,0.014454386,0.38357931060615746,0
12,2026-07-19 22:00:00,-0.04224533070035785,0.5296375499824348,0.08102361,0.013928397,0.2717829733048709,0
12,2026-07-19 22:45:00,-0.012145393028772489,0.6499130096268426,0.07366405,0.01211716,0.3310150845898574,0
12,2026-07-19 23:45:00,-0.05791444735618245,0.4670257855142234,0.087630875,0.015554488,0.24129013660972706,0
12,2026-07-20 00:00:00,-0.02393466910609099,0.6028045865282502,0.117352605,0.0228692,0.3128368930213196,0
12,2026-07-20 01:00:00,-0.09437793291103447,0.32132241120168603,0.10538042,0.019922767,0.17062258901809174,0
12,2026-07-20 01:45:00,-0.08046543601243228,0.3769149502141643,0.10188845,0.01906337,0.19798916025824193,0
12,2026-07-20 02:30:00,-0.11256773913855883,0.2486382970773071,0.10204892,0.019102862,0.13387057959104032,0
12,2026-07-20 03:30:00,-0.11848263284657301,0.22500314649190226,0.09433648,0.01720478,0.12110396331174035,0
12,2026-07-20 04:00:00,-0.11749186594128952,0.2289621229600141,0.08651591,0.0152800875,0.12212110521923648,0
12,2026-07-20 04:45:00,-0.11749186594128952,0.2289621229600141,0.07345034,0.012064565,0.120513343966565,0
12,2026-07-20 05:15:00,-0.11930250355083671,0.22172704914976754,0.07040451,0.011314965,0.11652100700149734,0
12,2026-07-20 05:30:00,-0.041482451837107415,0.5326859152957315,0.08220403,0.014218905,0.2734524101525304,0
12,2026-07-20 06:45:00,-0.12048901961546304,0.21698588434718644,0.047237072,0.005613307,0.11129959567505913,0
12,2026-07-20 07:00:00,-0.06964382632460497,0.42015670351933826,0.036116906,0.0028765611,0.21151663232719595,0
12,2026-07-20 08:45:00,-0.0574026985531616,0.46907066757269733,0.03336085,0.002198278,0.23563447277266797,0
12,2026-07-20 09:30:00,-0.06326297511045831,0.44565376006070634,0.025017066,0.00014481788,0.22289928897082162,0
12,2026-07-20 10:00:00,-0.06527432185775117,0.4376166784835141,0.024784546,8.759329e-05,0.21885213588636135,0
12,2026-07-20 13:30:00,-0.011874343154483213,0.6509960898834332,0.038769674,0.0035294248,0.32726275733127513,0
12,2026-07-20 13:45:00,-0.024592039011725575,0.6001778213694892,0.06296515,0.00948409,0.3048309556402366,0
12,2026-07-20 14:15:00,-0.11491215953816997,0.2392702962448953,0.06553025,0.010115379,0.12469283739058963,0
12,2026-07-20 15:15:00,-0.14703309553921373,0.11091918854870919,0.065581575,0.01012801,0.060523599306536335,0
12,2026-07-20 15:45:00,-0.08103130330786001,0.3746538176564196,0.07461648,0.012351559,0.19350268810008064,0
12,2026-07-20 16:30:00,-0.11066293399071886,0.256249652196682,0.070297174,0.01128855,0.13376910097386266,0
12,2026-07-20 17:15:00,-0.07587538107244274,0.39525621635643565,0.08535029,0.014993221,0.20512471846206945,0
12,2026-07-20 17:45:00,-0.10797269671956222,0.26699949254091415,0.087184586,0.015444653,0.14122207282481508,0
12,2026-07-20 19:15:00,-0.11760853056016768,0.22849594622526767,0.08704837,0.015411128,0.12195353725763262,0
12,2026-07-20 21:00:00,-0.10419107031651798,0.2821103827624227,0.080656685,0.013838094,0.14797423824512487,0
12,2026-07-20 21:15:00,-0.1035534918693507,0.2846580638117693,0.07750679,0.013062883,0.1488604734901141,0
12,2026-07-20 22:15:00,0.00277924843845867,0.7095499474864774,0.08169865,0.014094528,0.3618222376486447,0
12,2026-07-20 22:45:00,0.02932097412638357,0.815607252046431,0.08398314,0.014656755,0.41513200359417246,0
12,2026-07-20 23:15:00,0.015290794039622857,0.7595444662280416,0.081569485,0.01406274,0.3868036030683684,0
12,2026-07-21 00:00:00,0.016074305062685257,0.7626752749846408,0.09472691,0.017300868,0.3899880716957663,0
12,2026-07-21 00:15:00,-0.08838364504595736,0.34527481057471343,0.095496446,0.017490257,0.1813825335762218,0
12,2026-07-21 01:00:00,-0.0071232982460207594,0.6699806511270926,0.096696496,0.017785596,0.34388312342851984,0
12,2026-07-21 01:15:00,-0.020936217610923014,0.6147860110659906,0.095704034,0.017541345,0.31616367813743695,0
12,2026-07-21 01:45:00,0.028678378396753468,0.8130395225849925,0.08812043,0.015674971,0.414357246814528,0
12,2026-07-21 03:15:00,-0.037044072520607374,0.5504211052550187,0.08452794,0.014790835,0.28260597005701615,0
12,2026-07-21 03:30:00,-0.05742388724259928,0.46898600030895793,0.092045136,0.016640866,0.24281343324212593,0
12,2026-07-21 04:15:00,-0.07233644599937883,0.4093973433982465,0.089833006,0.016096447,0.21274689503069388,0
12,2026-07-21 06:15:00,-0.11954481321482557,0.2207588110580304,0.081298396,0.013996023,0.11737741690572395,0
12,2026-07-21 07:00:00,-0.04835208549481551,0.5052357472992203,0.06920368,0.011019435,0.25812759103955135,0
12,2026-07-21 07:45:00,-0.07195661747040638,0.4109150890961503,0.08463384,0.014816898,0.21286599350870725,0
12,2026-07-21 09:00:00,-0.07683744486702326,0.3914119338079821,0.08807268,0.015663218,0.20353757578057702,0
12,2026-07-21 09:45:00,-0.07834999248247998,0.3853679890773309,0.08020306,0.013726452,0.19954722072142425,0
12,2026-07-21 11:30:00,-0.14822937497103228,0.10613901059302679,0.07927954,0.01349917,0.05981909010173376,0
12,2026-07-21 11:45:00,-0.0981794006200879,0.30613223768642994,0.06819681,0.010771637,0.15845193726878093,0
12,2026-07-21 13:30:00,-0.08396735219825319,0.3629217458600101,0.058113746,0.008290129,0.18560593732120081,0
12,2026-07-21 14:00:00,-0.13182380902607,0.1716935312131704,0.068399236,0.010821455,0.09125749318573183,0
12,2026-07-21 15:45:00,-0.02911323410362976,0.5821117102780313,0.05696187,0.008006644,0.2950591773566291,0
12,2026-07-21 16:15:00,-0.1236508217979711,0.2043517315806562,0.04363954,0.004727931,0.1045398314040956,0
12,2026-07-21 16:45:00,-0.15398982147955642,0.0831210110499974,0.060522687,0.008882984,0.046001997318839825,0
12,2026-07-21 19:00:00,-0.13667770716710786,0.15229798174890746,0.06798294,0.010719002,0.0815084919867062,0
12,2026-07-21 21:45:00,-0.12337060900787405,0.20547142566424162,0.06629181,0.0103028035,0.10788711457168833,0
12,2026-07-21 22:15:00,-0.0735487282123285,0.40455322039798847,0.07073542,0.011396404,0.20797481237687643,0
12,2026-07-21 23:15:00,-0.06808889694596865,0.4263700002965813,0.06425882,0.009802472,0.2180862360714617,0
12,2026-07-22 00:00:00,-0.047804119327294226,0.5074253492640916,0.07977573,0.013621285,0.26052331694525793,0
12,2026-07-22 00:30:00,-0.08412354341151951,0.36229762596404896,0.07369072,0.0121237235,0.18721067473921352,0
12,2026-07-22 00:45:00,-0.08851447155992725,0.34475204473801674,0.061280195,0.009069411,0.17691072791103632,0
12,2026-07-22 01:15:00,-0.009363631136762751,0.661028570523788,0.06827113,0.010789927,0.3359092488094814,0
12,2026-07-22 01:30:00,-0.08062663755980082,0.376270809670862,0.0671287,0.010508768,0.1933897889656705,0
12,2026-07-22 02:30:00,-0.11164374543722455,0.25233045645481406,0.073878594,0.012169961,0.13225020867052703,0
12,2026-07-22 03:00:00,-0.02545760695253807,0.5967191237778007,0.07565632,0.01260747,0.30466329696628147,0
12,2026-07-22 03:45:00,-0.1363767001604747,0.15350076683351468,0.072967306,0.011945687,0.0827232270339582,0
12,2026-07-22 04:00:00,-0.016742306331559598,0.6315443383534748,0.07114516,0.011497245,0.3215207917618254,0
12,2026-07-22 06:30:00,-0.1283043900160471,0.1857566745900874,0.077418,0.013041032,0.09939885306848907,0
12,2026-07-22 06:45:00,-0.04656733433882276,0.5123673821876392,0.08109128,0.01394505,0.26315621589695143,0
12,2026-07-22 07:00:00,-0.026034777916225216,0.5944128232230188,0.074551456,0.012335557,0.30337418989114173,0
12,2026-07-22 08:15:00,-0.15302529810243887,0.08697512177229645,0.084796526,0.0148569355,0.05091602862552167,0
12,2026-07-22 09:15:00,-0.08734916435009327,0.34940846169870815,0.08712207,0.015429267,0.18241886421358447,0
12,2026-07-22 09:30:00,-0.03378703515678483,0.5634358054941683,0.09234469,0.016714588,0.2900751966509118,0
12,2026-07-22 10:00:00,-0.06052897317394512,0.45657847834984905,0.0945948,0.017268354,0.23692341621150795,0
12,2026-07-22 11:45:00,-0.1511483773166532,0.09447505458576608,0.096222274,0.017668886,0.05607197034797633,0
12,2026-07-22 12:45:00,-0.17107816642433726,0.01483819381559701,0.09701562,0.017864134,0.01635116398913071,0
12,2026-07-22 14:15:00,-0.10944907035838819,0.26110009434434217,0.09087013,0.016351689,0.13872589149878642,0
12,2026-07-22 15:30:00,-0.09043413155772873,0.3370813315586165,0.08285705,0.014379618,0.1757304746583559,0
12,2026-07-22 16:30:00,-0.08390392480310455,0.3631751935311908,0.07222095,0.011762004,0.18746859893842313,0
12,2026-07-22 17:00:00,-0.1393699565512696,0.14154010126123098,0.06975033,0.011153968,0.07634703465615346,0
12,2026-07-22 17:45:00,-0.05183535427590058,0.49131705556367167,0.074254446,0.012262461,0.25178975816967253,0
12,2026-07-22 20:15:00,-0.07645299143988382,0.39294816000105875,0.06647651,0.0103482595,0.2016482097362078,0
12,2026-07-22 20:30:00,-0.07386896813245636,0.40327358307746913,0.055647016,0.0076830494,0.2054783162496133,0
12,2026-07-22 22:00:00,-0.07293138366881158,0.407020049384168,0.056947403,0.008003084,0.2075115666865961,0
12,2026-07-22 22:45:00,-0.07529975026063851,0.3975563626634028,0.065072335,0.010002683,0.2037795227901114,0
12,2026-07-22 23:30:00,-0.0674801930285227,0.4288023024580331,0.06516969,0.010026643,0.21941447275536513,0
12,2026-07-22 23:45:00,-0.09180941960570216,0.33158585831484244,0.07492822,0.01242828,0.1720070691404792,0
12,2026-07-23 00:00:00,-0.11352389415794284,0.244817625230658,0.08350954,0.0145402,0.12967891267617937,0
12,2026-07-23 00:30:00,-0.11352389415794284,0.244817625230658,0.06562539,0.010138794,0.12747820953955646,0
12,2026-07-23 01:00:00,-0.10270806761278028,0.2880362698453827,0.06436557,0.009828744,0.14893250715077735,0
12,2026-07-23 01:15:00,-0.11727055321431351,0.22984646000591186,0.053895745,0.00725205,0.11854925505197181,0
12,2026-07-23 01:30:00,-0.11727055321431351,0.22984646000591186,0.053543217,0.007165291,0.11850587544343008,0
12,2026-07-23 06:15:00,-0.1292858910587129,0.18183472331111394,0.057464767,0.00813041,0.09498256653296333,0
12,2026-07-23 06:45:00,-0.052354708121312266,0.48924178473897656,0.07439076,0.012296009,0.25076889680821635,0
12,2026-07-23 07:15:00,-0.08160411196075035,0.3723649483316264,0.06538404,0.010079395,0.1912221716787975,0
12,2026-07-23 09:15:00,-0.029532856015827225,0.5804349553652111,0.069312066,0.011046108,0.29574053161181524,0
12,2026-07-23 11:45:00,-0.1629097051719735,0.04747830896915901,0.07693396,0.012921906,0.03020010752276534,0
12,2026-07-23 12:15:00,-0.038970954892480814,0.5427215324025286,0.084189415,0.014707522,0.2787145269689924,0
12,2026-07-23 14:15:00,-0.15486579718949933,0.07962072535837023,0.09000284,0.016138244,0.04787948488933011,0
12,2026-07-23 14:45:00,-0.16254171765936515,0.04894873949646719,0.078436896,0.013291789,0.031120264357625285,0
12,2026-07-23 15:45:00,-0.05895280456547214,0.46287664434373194,0.07610473,0.012717827,0.23779723578348663,0
12,2026-07-23 16:30:00,-0.05404238623502855,0.48249804117798395,0.07362094,0.01210655,0.24730229555204306,0
12,2026-07-23 17:00:00,-0.08229760164706523,0.3695938531987977,0.094208956,0.017173396,0.19338362481112836,0
12,2026-07-23 18:30:00,-0.1433810945754646,0.1255121122726476,0.092495255,0.016751643,0.07113187777145087,0
12,2026-07-23 19:30:00,-0.04471426985672644,0.5197719882956865,0.086576834,0.015295081,0.26753353456813705,0
12,2026-07-23 20:30:00,-0.1438633387202688,0.12358512701407338,0.08469642,0.014832298,0.06920871264271569,0
12,2026-07-23 21:00:00,-0.13863251591362624,0.14448681871363123,0.078289956,0.013255626,0.07887122233842114,0
12,2026-07-23 21:15:00,-0.13351576767338286,0.16493268319330917,0.07338596,0.01204872,0.08849070178773158,0
12,2026-07-23 21:30:00,-0.12327517403913962,0.20585277146156264,0.06757574,0.010618786,0.10823577889455176,0
12,2026-07-23 21:45:00,-0.125439674488255,0.19720370749145222,0.07216026,0.011747067,0.1044753871771667,0
12,2026-07-23 22:00:00,-0.004317208190959265,0.6811934242184712,0.07344751,0.012063868,0.34662864628115064,0
12,2026-07-23 23:30:00,-0.08483256614996354,0.35946446276301036,0.062565334,0.009385694,0.18442507829067056,0
12,2026-07-24 00:45:00,-0.03024169479242622,0.5776025272519227,0.067853265,0.010687088,0.2941448074572204,0
12,2026-07-24 01:15:00,-0.07818873993969033,0.3860123333917433,0.07304387,0.01196453,0.1989884315722373,0
12,2026-07-24 02:00:00,-0.009010347116813477,0.662440247795284,0.082625285,0.014322579,0.33838141335114846,0
12,2026-07-24 02:30:00,-0.09545034965386401,0.31703717253835334,0.08855848,0.015782777,0.16640997487918205,0
12,2026-07-24 03:15:00,-0.13234125628072396,0.16962587887866096,0.086419106,0.015256263,0.0924410710971693,0
12,2026-07-24 03:45:00,-0.026408867136353043,0.5929180110612857,0.08706687,0.0154156815,0.3041668462936753,0
12,2026-07-24 04:00:00,-0.10891683005311448,0.26322685779669663,0.077185065,0.012983705,0.13810528135691474,0
12,2026-07-24 04:30:00,-0.013627198306744637,0.6439919073024396,0.08020728,0.013727492,0.32885969951197525,0
12,2026-07-24 04:45:00,-0.013627198306744637,0.6439919073024396,0.07798631,0.013180896,0.32858640150547047,0
12,2026-07-24 05:00:00,-0.017802080569597978,0.6273096175048766,0.087122664,0.015429413,0.3213695152254908,0
12,2026-07-24 05:15:00,-0.08974413581041807,0.3398384653628775,0.081279404,0.013991348,0.1769149069041465,0
12,2026-07-24 07:30:00,-0.08220218306227578,0.36997513352799266,0.06856616,0.010862536,0.1904188346625261,0
12,2026-07-24 08:00:00,-0.13670774626526472,0.15217794939609863,0.07425861,0.012263485,0.08222071731330205,0
12,2026-07-24 08:30:00,-0.1448874828482769,0.11949277947892951,0.07088527,0.011433285,0.06546303210432433,0
12,2026-07-24 09:15:00,-0.14915280093741362,0.10244911981099555,0.0773683,0.0130288,0.057738959683595645,0
12,2026-07-24 09:30:00,-0.16250948967239348,0.04907751836600254,0.06898143,0.010964737,0.030021127819877615,0
12,2026-07-24 09:45:00,-0.14915280093741362,0.10244911981099555,0.05878276,0.008454776,0.0554519480900154,0
12,2026-07-24 11:15:00,-0.09522309148987829,0.3179452667819215,0.059279136,0.008576939,0.1632611028321958,0
12,2026-07-24 11:45:00,-0.14323123608922744,0.12611092741008909,0.05501606,0.0075277667,0.06681934707967595,0
12,2026-07-24 12:00:00,-0.06382331646741235,0.4434147084387144,0.054794066,0.0074731326,0.22544392050589127,0
12,2026-07-24 14:45:00,-0.09682459981583125,0.3115458465528831,0.06017558,0.008797558,0.16017170228870437,0
12,2026-07-24 15:15:00,-0.13399379782229792,0.16302253651752652,0.0655494,0.010120092,0.08657131423868031,0
12,2026-07-24 15:30:00,-0.030372862706992132,0.5770783972225804,0.080779724,0.013868374,0.29547338552063795,0
12,2026-07-24 17:15:00,-0.09175260992611883,0.3318128624501562,0.08918505,0.01593698,0.17387492123706816,0
12,2026-07-24 17:30:00,-0.0287774099427468,0.5834536202098923,0.091811165,0.016583284,0.30001845228652146,0
12,2026-07-24 18:00:00,-0.0419374810567833,0.5308676773596503,0.091198936,0.016432611,0.2736501443156947,0
12,2026-07-24 18:45:00,-0.12439193291326223,0.20139034737409134,0.08763059,0.015554418,0.10847238261506448,0
12,2026-07-24 19:45:00,-0.16431252355817472,0.04187282805292261,0.09134666,0.016468966,0.029170897216342154,0
12,2026-07-24 21:30:00,-0.0013128188216108283,0.693198575733794,0.09080793,0.016336381,0.3547674785845941,0
12,2026-07-24 22:00:00,-0.016035638205555203,0.6343680928276066,0.08639387,0.015250052,0.3248090725765171,0
12,2026-07-24 22:30:00,0.018759864552507777,0.7734064235194009,0.099069156,0.018369524,0.3958879736638805,0
12,2026-07-24 23:45:00,-0.07490344692595952,0.3991399395550627,0.097196825,0.01790873,0.208524334583945,0
12,2026-07-25 01:00:00,-0.09352923099098376,0.32471371435483354,0.092353724,0.016716812,0.17071526308039853,0
12,2026-07-25 02:15:00,-0.03567839272436624,0.5558781851670163,0.09746143,0.017973851,0.2869260182897755,0
13,2026-07-17 16:15:00,-0.16174136830802327,0.05214683203602818,,,0.05214683203602818,0
13,2026-07-17 16:30:00,-0.17255199828216483,0.0089489522472956,,,0.0089489522472956,0
13,2026-07-17 17:45:00,-0.1454456535868392,0.11726240136741557,,,0.11726240136741557,0
13,2026-07-18 00:15:00,-0.08200735875329279,0.3707536262799877,,,0.3707536262799877,0
13,2026-07-18 01:30:00,-0.007585655818955983,0.6681331300387897,,,0.6681331300387897,0
13,2026-07-18 02:45:00,-0.11345723298209054,0.24508399467147052,,,0.24508399467147052,0
13,2026-07-18 03:15:00,0.0003230231832828112,0.699735188905254,,,0.699735188905254,0
13,2026-07-18 05:45:00,-0.11903767088508127,0.22278528624481173,0.10605003,0.020087563,0.12143642437312112,0
13,2026-07-18 06:00:00,-0.14882782130547778,0.10374769640715417,0.104002066,0.019583546,0.06166562101618199,0
13,2026-07-18 07:45:00,-0.07842881505208021,0.385053024279315,0.086053975,0.015166402,0.20010971307120656,0
13,2026-07-18 08:15:00,-0.11317865708107328,0.2461971479579086,0.09158178,0.01652683,0.13136198870461557,0
13,2026-07-18 09:00:00,-0.16760915739375143,0.028699905431637595,0.08408604,0.01468208,0.021690992548500217,0
13,2026-07-18 09:15:00,-0.15842541031252144,0.06539697150216499,0.078853324,0.013394275,0.03939562312551339,0
13,2026-07-18 09:30:00,-0.15842541031252144,0.06539697150216499,0.06692667,0.010459048,0.03792800962217648,0
13,2026-07-18 10:45:00,-0.13857819138567,0.1447038925043211,0.07164241,0.01161962,0.07816175626473952,0
13,2026-07-18 11:15:00,-0.16843844923114393,0.025386162459475333,0.05916659,0.0085492395,0.016967700972965627,0
13,2026-07-18 11:45:00,-0.048456033429808865,0.5048203847892767,0.06464585,0.009897722,0.2573590533603075,0
13,2026-07-18 12:45:00,-0.13731563171690903,0.14974891771817966,0.06412218,0.009768843,0.07975888021883748,0
13,2026-07-18 13:00:00,-0.1687063085490635,0.024315831253666032,0.061478518,0.009118221,0.016717026011267476,0
13,2026-07-18 14:15:00,-0.09345084612550664,0.3250269301437594,0.056929987,0.007998796,0.166512863161825,0
13,2026-07-18 14:45:00,-0.08472767808514259,0.3598835819102058,0.05224235,0.006845139,0.1833643604386215,0
13,2026-07-18 15:30:00,-0.1216166308691734,0.21248009555386774,0.06311158,0.009520128,0.11100011196159955,0
13,2026-07-18 16:30:00,-0.158973443480723,0.06320710181123707,0.06723034,0.010533781,0.03687044130105124,0
13,2026-07-18 17:15:00,-0.14386800945766842,0.12356646335125296,0.07124062,0.011520738,0.06754360056668683,0
13,2026-07-18 17:45:00,-0.05436899169465137,0.4811929679845736,0.07171878,0.011638417,0.2464156924466275,0
13,2026-07-18 18:30:00,-0.13837846916476887,0.14550195667914378,0.06637486,0.010323243,0.07791259994741195,0
13,2026-07-18 21:15:00,-0.030576731663229384,0.5762637632294406,0.060059365,0.008768957,0.2925163601688499,0
13,2026-07-18 21:30:00,-0.016638198110842328,0.6319603413444494,0.07711389,0.012966189,0.32246326497329947,0
13,2026-07-18 22:30:00,0.032190877149869124,0.8270750135099523,0.08614976,0.0151899755,0.42113249450502954,0
13,2026-07-18 22:45:00,-0.0536313452918471,0.48414050764795574,0.078643516,0.013342639,0.24874157353965656,0
13,2026-07-19 02:00:00,-0.09704950156466341,0.31064716823963345,0.07733638,0.013020944,0.16183405604495615,0
13,2026-07-19 02:15:00,-0.0035252734466179048,0.6843578930762905,0.0768535,0.012902104,0.34862999868604033,0
13,2026-07-19 03:45:00,-0.09026878261222915,0.3377420445686788,0.075968474,0.012684294,0.17521316929564926,0
13,2026-07-19 04:15:00,-0.045107246590451955,0.5182017040713768,0.08705271,0.015412197,0.266806950759845,0
13,2026-07-19 04:30:00,-0.0723727669417299,0.4092522096081485,0.08411849,0.014690067,0.21197113814795562,0
13,2026-07-19 05:00:00,0.006864995588308109,0.7258760648957792,0.0855197,0.015034914,0.3704554894562514,0
13,2026-07-19 06:45:00,-0.05564017543461908,0.47611348209708476,0.08580156,0.01510428,0.24560888097524416,0
13,2026-07-19 07:15:00,-0.08958892940660984,0.3404586500875592,0.081919335,0.01414884,0.17730374491847753,0
13,2026-07-19 07:45:00,-0.12029194377349173,0.21777337393392684,0.08100338,0.013923418,0.11584839585537494,0
13,2026-07-19 08:30:00,-0.11887396497333103,0.2234394339044215,0.07875678,0.013370514,0.11840497391021856,0
13,2026-07-19 10:30:00,-0.12348176882793999,0.20502724539389372,0.057692096,0.008186357,0.10660680124486566,0
13,2026-07-19 10:45:00,-0.0775392751124998,0.3886075108790029,0.070519336,0.011343225,0.1999753678922171,0
13,2026-07-19 11:45:00,-0.07791237698279041,0.3871166440395758,0.0709747,0.011455294,0.19928596889218914,0
13,2026-07-19 13:00:00,-0.035808922247586694,0.5553566060669596,0.07186327,0.011673977,0.28351529136709247,0
13,2026-07-19 13:15:00,-0.13741737222342915,0.14934237580704096,0.067243814,0.010537098,0.07993973698445858,0
13,2026-07-19 14:30:00,-0.12755452397228745,0.1887530423589837,0.07556353,0.012584634,0.1006688382421082,0
13,2026-07-19 14:45:00,-0.0635642274853152,0.444449994516398,0.08186078,0.014134429,0.2292922119557984,0
13,2026-07-19 15:00:00,-0.10163973192738263,0.2923052011308128,0.074208066,0.0122510465,0.15227812380850586,0
13,2026-07-19 15:45:00,-0.036954991588165065,0.5507770611447602,0.06735333,0.010564051,0.2806705558909729,0
13,2026-07-19 16:00:00,-0.11852398196086694,0.22483792077675777,0.06426119,0.009803055,0.11732048781551578,0
13,2026-07-19 16:30:00,-0.10550082772686087,0.2768767614748819,0.06647601,0.010348137,0.14361244900582945,0
13,2026-07-19 16:45:00,-0.12542475395437075,0.19726332801594126,0.061060905,0.009015444,0.10313938587538296,0
13,2026-07-19 18:15:00,-0.11563695804987179,0.23637409509339546,0.05104288,0.006549942,0.12146201846745419,0
13,2026-07-19 19:30:00,-0.06304369874717686,0.4465299600605398,0.07424328,0.0122597115,0.22939483578598646,0
13,2026-07-19 21:00:00,-0.04724881490205557,0.5096442739581185,0.07954783,0.013565197,0.2616047353069046,0
13,2026-07-19 22:30:00,-0.07352948620138433,0.40463010898613255,0.08002518,0.0136826765,0.20915639273267647,0
13,2026-07-20 00:00:00,-0.011764591120482226,0.6514346448226628,0.09788866,0.018078996,0.3347568203456132,0
13,2026-07-20 01:45:00,-0.09437793291103447,0.32132241120168603,0.08759505,0.015545672,0.16843404150371272,0
13,2026-07-20 03:00:00,-0.10423488710072942,0.2819352965573058,0.07620724,0.012743057,0.14733917665454674,0
13,2026-07-20 03:30:00,-0.04477507035984607,0.5195290373454515,0.076141804,0.012726951,0.2661279943679782,0
13,2026-07-20 04:30:00,-0.0851148871258276,0.35833634464164416,0.07745221,0.013049452,0.185692898137966,0
13,2026-07-20 07:00:00,-0.105345692998002,0.277496659795732,0.07962777,0.01358487,0.14554076485474443,0
13,2026-07-20 07:45:00,-0.03364351664186538,0.5640092869258496,0.08173375,0.014103166,0.2890562263767706,0
13,2026-07-20 10:30:00,-0.06294925655324057,0.4469073388581124,0.10007996,0.01861829,0.23276281411968902,0
13,2026-07-20 12:30:00,-0.12006489552404148,0.2186806293861488,0.0696012,0.0111172665,0.11489894793860214,0
13,2026-07-20 13:00:00,-0.13136924214620732,0.17350992169912877,0.06521927,0.010038844,0.09177438300443799,0
13,2026-07-20 13:15:00,-0.08232098843759394,0.3695004026072669,0.08179386,0.01411796,0.19180918124702812,0
13,2026-07-20 14:45:00,-0.031058410397670544,0.5743390372775813,0.08984114,0.016098449,0.295218743142129,0
13,2026-07-20 15:00:00,-0.13773046342342848,0.14809130384797548,0.0887142,0.0158211,0.08195620156464326,0
13,2026-07-20 17:00:00,-0.06427419349827956,0.44161306211232176,0.082919136,0.014394897,0.22800397957428808,0
13,2026-07-20 17:45:00,-0.06282087468088982,0.4474203362229399,0.07854546,0.013318507,0.23036942161187193,0
13,2026-07-20 18:30:00,-0.06010572618062848,0.4582697186181745,0.066029795,0.01023832,0.23425401912678287,0
13,2026-07-20 19:00:00,-0.05809514043781017,0.4663037593198684,0.052001312,0.006785818,0.2365447886149271,0
13,2026-07-20 19:45:00,-0.10470776696726336,0.28004572974409453,0.058718935,0.00843907,0.14424239967895444,0
13,2026-07-20 20:30:00,-0.028813340364582274,0.5833100468892884,0.06511767,0.01001384,0.2966619435252762,0
13,2026-07-20 23:15:00,0.007362912910580666,0.7278656781453036,0.06515647,0.010023388,0.36894453311280123,0
13,2026-07-21 00:30:00,0.0035136613365792657,0.7124845664831679,0.084516905,0.014788119,0.36363634280277696,0
13,2026-07-21 02:15:00,-0.03347660653966311,0.564676238116271,0.06889946,0.010944563,0.2878104005402062,0
13,2026-07-21 02:30:00,-0.035300398491428964,0.5573886012550995,0.07355927,0.012091373,0.28473998717426285,0
13,2026-07-21 02:45:00,-0.09062262732667886,0.3363281268344451,0.07575373,0.012631445,0.17447978601312283,0
13,2026-07-21 04:30:00,0.006498582377505557,0.7244119250749628,0.08202262,0.014174259,0.3692930921713551,0
13,2026-07-21 05:45:00,-0.03768317320651937,0.5478673415364418,0.07814614,0.013220231,0.2805437862926023,0
13,2026-07-21 06:15:00,-0.06643673236750003,0.4329718363618802,0.08587655,0.015122736,0.22404728611737246,0
13,2026-07-21 06:45:00,-0.00479356463113223,0.6792899654664465,0.07432646,0.012280185,0.3457850751210187,0
13,2026-07-21 08:00:00,0.02674676054531211,0.8053210273683471,0.12162666,0.023921072,0.4146210499257049,1
13,2026-07-21 10:30:00,-0.13887820274431456,0.14350508590035996,0.11510261,0.022315461,0.08291027354445736,0
13,2026-07-21 12:00:00,0.041402177447590005,0.8638821786715237,3.9295244,0.9610697,0.9124759408868177,1
13,2026-07-21 12:30:00,-0.0008688192491399516,0.6949727406255461,3.9683025,0.97061324,0.8327929909106124,0
13,2026-07-21 13:45:00,-0.14218793928417395,0.1302798065666665,4.0301523,0.98583484,0.5580573217632527,0
13,2026-07-21 14:00:00,-0.1499710056105002,0.09917967971406173,3.5995615,0.8798636,0.489521649759222,0
13,2026-07-21 14:15:00,-0.14458496938440513,0.12070158417190892,3.1408696,0.7669766,0.44383908954841783,0
13,2026-07-21 14:45:00,-0.1412260330459682,0.13412345954021518,2.6555395,0.64753366,0.3908285573534206,0
13,2026-07-21 16:15:00,-0.025417985649592856,0.5968774453821655,1.6744198,0.40607363,0.5014755376191375,0
13,2026-07-21 17:15:00,-0.09623671999183275,0.31389493832903786,0.604562,0.14277463,0.22833478247085057,0
13,2026-07-21 17:30:00,-0.09605549790568818,0.31461907835705305,0.04562578,0.0052167573,0.1599179178291471,0
13,2026-07-21 20:00:00,-0.1312112093915231,0.1741414001565231,0.05746852,0.008131334,0.09113636689166492,0
13,2026-07-21 21:30:00,-0.06192506200118941,0.45099988788121353,0.05527337,0.0075910925,0.2292954901872993,0
13,2026-07-22 03:15:00,-0.042650522818519776,0.5280184546611106,0.06205778,0.00926078,0.26863961741956055,0
13,2026-07-22 03:30:00,-0.0974603995997177,0.3090052728120628,0.06426082,0.009802963,0.15940411773270086,0
13,2026-07-22 03:45:00,-0.06689779171444599,0.43112950281679696,0.060670923,0.008919465,0.22002448408618602,0
13,2026-07-22 04:30:00,-0.08633217056695791,0.3534722373801303,0.062280573,0.009315612,0.18139392458736062,0
13,2026-07-22 04:45:00,-0.10412776244920768,0.2823633528158139,0.06726468,0.010542234,0.14645279361084454,0
13,2026-07-22 05:30:00,-0.11397457730619293,0.2430167536341384,0.06435151,0.009825282,0.126421017716489,0
13,2026-07-22 07:45:00,-0.1480828411799367,0.1067245406784959,0.06784528,0.010685122,0.05870483115952946,0
13,2026-07-22 08:00:00,-0.09989680302826903,0.2992697196874842,0.083156355,0.014453279,0.15686149927098678,0
13,2026-07-22 08:15:00,-0.013533520422993717,0.6443662320153207,0.08576299,0.01509479,0.3297305108458445,0
13,2026-07-22 08:30:00,-0.058568609228390356,0.46441183924230384,0.08385301,0.014624729,0.23951828403176093,0
13,2026-07-22 09:00:00,-0.11232094976761975,0.24962443549888508,0.08126383,0.013987517,0.1318059762416143,0
13,2026-07-22 09:15:00,-0.1340563549400252,0.1627725663624128,0.07660062,0.012839869,0.08780621751357716,0
13,2026-07-22 09:30:00,-0.06126955440422477,0.453619211495287,0.08537722,0.014999847,0.23430952921155432,0
13,2026-07-22 10:00:00,-0.12743781547025695,0.18921939444513367,0.08148906,0.014042946,0.101631170011914,0
13,2026-07-22 12:15:00,-0.05991430829125011,0.45903459975780825,0.08134201,0.014006757,0.23652067846761038,0
13,2026-07-22 16:30:00,-0.08748187995473011,0.34887814729992617,0.081008956,0.01392479,0.1814014684574508,0
13,2026-07-22 16:45:00,-0.14146695739829274,0.13316075697479693,0.076137275,0.012725837,0.07294329678608998,0
13,2026-07-22 17:00:00,-0.018240849042281404,0.6255563554116035,0.08049889,0.0137992585,0.31967780695969583,0
13,2026-07-22 18:30:00,-0.13970092542335266,0.14021759243572732,0.081218526,0.013976366,0.07709697934744249,0
13,2026-07-22 19:15:00,-0.14063723136298378,0.13647623494570066,0.07166829,0.01162599,0.07405111260863448,0
13,2026-07-22 20:00:00,-0.15549669663550192,0.07709973273422283,0.07272307,0.011885579,0.044492655739168135,0
13,2026-07-22 22:30:00,0.006787324259286076,0.7255657003062825,0.07176901,0.011650777,0.3686082388640871,0
13,2026-07-22 23:00:00,-0.006255024171845536,0.6734501620778522,0.06557121,0.010125459,0.3417878106248419,0
13,2026-07-23 00:15:00,-0.030650214034906087,0.5759701371719514,0.06360759,0.009642199,0.2928061679268914,0
13,2026-07-23 01:15:00,-0.0810264874597324,0.3746730611629493,0.075810306,0.0126453675,0.1936592143479589,0
13,2026-07-23 01:45:00,-0.026568205842134707,0.5922813141921381,0.09023409,0.016195156,0.30423823493615887,0
13,2026-07-23 02:15:00,-0.07065298406010723,0.41612423967122125,0.089361206,0.015980333,0.21605228638052487,0
13,2026-07-23 05:15:00,-0.04539485951315425,0.5170524400145828,0.086874485,0.015368335,0.2662103874817997,0
13,2026-07-23 05:45:00,-0.08930121227618942,0.34160833054492284,0.09386524,0.017088804,0.1793485674694648,0
13,2026-07-23 06:00:00,-0.11412824446518394,0.24240271953275416,0.099687405,0.018521678,0.13046219861770975,0
13,2026-07-23 06:15:00,-0.133190429295648,0.1662326932913023,0.09887637,0.018322079,0.0922773859012106,0
13,2026-07-23 06:30:00,-0.1225089803661858,0.2089143823258985,0.08807192,0.015663031,0.11228870690727775,0
13,2026-07-23 06:45:00,-0.13253618471823803,0.16884697004251734,0.08220781,0.0142198345,0.09153340225588806,0
13,2026-07-23 07:30:00,-0.06481892064348194,0.4394364028618991,0.08091416,0.01390146,0.22666893142319022,0
13,2026-07-23 09:45:00,-0.16109900574067487,0.05471362981113204,0.0763701,0.012783136,0.03374838301495914,0
13,2026-07-23 10:00:00,-0.10503191856741995,0.2787504618558787,0.08341121,0.014516,0.14663323078023904,0
13,2026-07-23 10:15:00,-0.09121449906660539,0.33396308387831297,0.0699228,0.011196413,0.1725797484778635,0
13,2026-07-23 11:15:00,-0.14643532172421492,0.11330781543381552,0.04882128,0.0060031917,0.059655503564216394,0
13,2026-07-23 11:45:00,-0.06078048105485223,0.4555734853724433,0.068485856,0.010842773,0.23320812925223475,0
13,2026-07-23 12:45:00,-0.17272718116214425,0.008248944106373562,0.06545698,0.010097346,0.009173145187483914,0
13,2026-07-23 14:45:00,-0.15486579718949933,0.07962072535837023,0.06789999,0.010698587,0.045159656030358514,0
13,2026-07-23 15:00:00,-0.17416528771307027,0.0025024562459171115,0.05291567,0.0070108473,0.004756651788005248,0
13,2026-07-23 15:15:00,-0.10752148451520727,0.26880247817723296,0.06406197,0.009754025,0.13927825177728306,0
13,2026-07-23 15:45:00,-0.13102288466363105,0.1748939214227384,0.06994041,0.011200748,0.09304733490336864,0
13,2026-07-23 18:00:00,-0.1433810945754646,0.1255121122726476,0.06810372,0.010748727,0.06813041975988328,0
13,2026-07-23 18:15:00,-0.15838901805470124,0.06554239025965813,0.065684244,0.010153278,0.03784783401839675,0
13,2026-07-23 18:45:00,-0.14191208999878674,0.13138206464954114,0.05252451,0.0069145802,0.06914832244519341,0
13,2026-07-23 19:00:00,-0.07949858882777905,0.3807783465709563,0.056103252,0.0077953325,0.19428683951813858,0
13,2026-07-23 19:30:00,-0.015878756620021806,0.6349949713618963,0.06844599,0.010832961,0.3229139660396382,0
13,2026-07-23 20:00:00,-0.014687375489515042,0.6397555763387845,0.073077075,0.011972702,0.32586413922355406,0
13,2026-07-23 20:30:00,-0.11934650752941206,0.22155121494017285,0.07691677,0.012917676,0.11723444547470531,0
13,2026-07-23 20:45:00,-0.03411823033307315,0.5621123923863167,0.0774432,0.013047233,0.2875798128051159,0
13,2026-07-23 23:15:00,0.0001692501797826429,0.6991207318628947,0.08841031,0.015746312,0.3574335220394095,0
13,2026-07-24 01:00:00,-0.09592514460864504,0.3151399532800875,0.091217875,0.016437272,0.16578861244499493,0
13,2026-07-24 01:15:00,-0.005033923126544493,0.6783295239920962,0.09525605,0.017431093,0.3478803086859757,0
13,2026-07-24 01:45:00,-0.09151669337140639,0.3327555545037198,0.10277016,0.019280365,0.17601795962031722,0
13,2026-07-24 02:30:00,-0.11292274463826973,0.24721974099523492,0.09440487,0.017221611,0.1322206759941909,0
13,2026-07-24 03:00:00,-0.1167765934314991,0.23182025943938842,0.09205345,0.016642911,0.1242315853995281,0
13,2026-07-24 03:30:00,-0.026408867136353043,0.5929180110612857,0.08661935,0.015305544,0.30411177765549957,0
13,2026-07-24 04:45:00,-0.11954492896996444,0.22075834851546025,0.089336716,0.015974306,0.11836632704279292,0
13,2026-07-24 05:00:00,-0.038722621061443085,0.5437138422869944,0.086834446,0.015358481,0.27953616145592447,0
13,2026-07-24 05:45:00,-0.1245867715574408,0.20061179734050794,0.07617752,0.012735742,0.10667376974239728,0
13,2026-07-24 06:45:00,-0.055519651873286224,0.4765950786669997,0.06865374,0.01088409,0.24373958449686306,0
13,2026-07-24 07:15:00,-0.05131097333881263,0.49341241399680746,0.07055853,0.0113528725,0.2523826432363946,0
13,2026-07-24 07:45:00,-0.11825775516855769,0.22590172862127963,0.07330123,0.012027869,0.11896479881115528,0
13,2026-07-24 08:30:00,-0.16810545937497612,0.026716746876110736,0.07382432,0.012156605,0.019436675832654092,0
13,2026-07-24 09:15:00,-0.06050207243798478,0.4566859702130451,0.07728458,0.013008197,0.23484708352562259,0
13,2026-07-24 09:30:00,-0.14451410555842947,0.12098474685929977,0.07936137,0.0135193085,0.067252027694547,0
13,2026-07-24 13:30:00,-0.09797152080217397,0.3069628985643093,0.08482726,0.014864499,0.16091369865684232,0
13,2026-07-24 14:15:00,-0.13612526900086042,0.15450545324255277,0.08743659,0.015506672,0.08500606249207879,0
13,2026-07-24 15:00:00,-0.16011597248424453,0.058641703618225446,0.08895612,0.015880639,0.037261171175865825,0
13,2026-07-24 15:15:00,-0.16011597248424453,0.058641703618225446,0.0829563,0.014404044,0.036522873586742576,0
13,2026-07-24 15:45:00,-0.16405876257639573,0.042886824130133616,0.07741788,0.013041003,0.02796391340301227,0
13,2026-07-24 16:45:00,-0.05396155448765394,0.48282103439064167,0.07974674,0.01361415,0.24821759207741093,0
13,2026-07-24 17:30:00,-0.08339086329704465,0.3652253209813038,0.08475884,0.01484766,0.19003649070926504,0
13,2026-07-24 21:15:00,-0.013986359646254831,0.6425567450217924,0.094256446,0.017185085,0.32987091477178143,1
13,2026-07-24 21:30:00,-0.07816887563635067,0.3860917085798504,0.07090504,0.011438149,0.1987649288036884,0
13,2026-07-24 22:00:00,-0.018530484773508937,0.6243990084734495,0.090715006,0.016313512,0.3203562601758508,0
13,2026-07-24 22:15:00,-0.09717822844204843,0.3101327922792909,0.08595879,0.015142975,0.1626378838271736,0
13,2026-07-24 22:30:00,-0.0818305995332701,0.37145993327193494,0.07388935,0.012172609,0.1918162709541273,0
13,2026-07-24 23:00:00,-0.07528235807732031,0.3976258595794974,0.06808548,0.010744236,0.2041850479945808,0
13,2026-07-25 00:45:00,-0.025453101929446276,0.5967371252676703,0.07816703,0.013225373,0.3049812490741838,0
13,2026-07-25 03:45:00,-0.11811097560200612,0.22648824079369728,0.06902091,0.010974454,0.11873134727793547,0
14,2026-07-17 20:45:00,-0.07629932306498344,0.3935621989610597,,,0.3935621989610597,0
14,2026-07-17 21:15:00,-0.06034941582179598,0.4572959663160337,,,0.4572959663160337,0
14,2026-07-17 22:00:00,-0.016035638205555203,0.6343680928276066,,,0.6343680928276066,0
14,2026-07-17 22:30:00,-0.07375032610268883,0.40374766129049167,,,0.40374766129049167,0
14,2026-07-18 00:00:00,-0.1016194944411643,0.2923860675094583,,,0.2923860675094583,0
14,2026-07-18 01:30:00,-0.10749952894795706,0.26889020978557,,,0.26889020978557,0
14,2026-07-18 02:00:00,0.03725005576413998,0.8472908372067904,1.3728999,0.33186764,0.589579236228441,1
14,2026-07-18 02:15:00,0.03144192211260588,0.8240822860052416,1.2235128,0.29510248,0.5595923815394555,0
14,2026-07-18 03:30:00,-0.10326151434360292,0.28582476825808123,0.9663403,0.23181064,0.2588177062635354,0
14,2026-07-18 04:15:00,-0.0535164312110995,0.48459968945864035,0.8289228,0.1979913,0.3412954930538098,0
14,2026-07-18 05:30:00,-0.018283594723611296,0.6253855491951302,0.58868253,0.13886659,0.3821260688342251,0
14,2026-07-18 06:00:00,-0.14882782130547778,0.10374769640715417,0.45609042,0.1062348,0.10499124637619404,0
14,2026-07-18 08:15:00,-0.08091808215912799,0.3751062347296306,0.33024845,0.07526426,0.22518524745123727,0
14,2026-07-18 09:00:00,-0.13607338693692583,0.1547127672627716,0.20034666,0.04329458,0.09900367302671814,0
14,2026-07-18 09:15:00,-0.1452918230991233,0.11787708810926946,0.07651652,0.012819171,0.06534812953055635,0
14,2026-07-18 10:15:00,-0.16845373851096057,0.02532506847391154,0.06870185,0.01089593,0.018110499352264532,0
14,2026-07-18 11:00:00,-0.048456033429808865,0.5048203847892767,0.08304666,0.014426282,0.25962333323248654,0
14,2026-07-18 11:30:00,-0.12067635274923111,0.2162373253628982,0.076057166,0.012706121,0.11447172339634959,0
14,2026-07-18 11:45:00,-0.12366909948896632,0.20427869629036177,0.07629772,0.012765325,0.10852201048245425,0
14,2026-07-18 12:00:00,-0.1298235195596113,0.17968642932562404,0.07711809,0.012967222,0.09632682584791567,0
14,2026-07-18 12:15:00,-0.1460305415341986,0.11492526474352369,0.063996874,0.009738005,0.06233163475496416,0
14,2026-07-18 12:45:00,-0.1585500547048469,0.06489890862434067,0.061568677,0.0091404095,0.0370196590767749,0
14,2026-07-18 14:00:00,0.04411663415342937,0.8747287967456826,3.9754927,0.9723828,0.9235557903177265,1
14,2026-07-18 14:30:00,-0.08044293770813715,0.37700485052956834,3.9819238,0.9739655,0.6754851880783523,0
14,2026-07-18 15:00:00,0.016029892612987373,0.7624978085772472,3.5154288,0.85915804,0.8108279238351324,0
14,2026-07-18 15:45:00,-0.14430518925585956,0.12181954939586873,2.5458982,0.6205502,0.37118488232008096,0
14,2026-07-18 16:00:00,-0.16920908176126365,0.02230681449575577,2.0599866,0.50096416,0.26163548961482125,0
14,2026-07-18 17:00:00,-0.14386800945766842,0.12356646335125296,1.5988841,0.38748384,0.25552514928579495,0
14,2026-07-18 18:00:00,-0.13112417876105592,0.17448916330463296,1.1161228,0.26867312,0.22158114261690082,0
14,2026-07-18 18:15:00,-0.13837846916476887,0.14550195667914378,0.5842145,0.13776699,0.1416344718822431,0
14,2026-07-18 19:30:00,-0.1300096654162996,0.17894261454705648,0.04832059,0.0058799684,0.09241129147591319,0
14,2026-07-18 20:45:00,-0.14313359902559186,0.12650107249395035,0.04449902,0.0049394546,0.06572026355080794,0
14,2026-07-18 21:15:00,-0.07476141948475246,0.399707462848954,0.04775282,0.005740236,0.2027238494371288,0
14,2026-07-18 22:30:00,0.032190877149869124,0.8270750135099523,0.051391706,0.0066357898,0.4168554016347047,0
14,2026-07-18 23:00:00,-0.005006663858195259,0.6784384485043675,0.048879962,0.0060176332,0.34222804087624403,0
14,2026-07-18 23:45:00,0.027741714856662658,0.8092967361697591,0.094536476,0.017254,0.41327536834970297,0
14,2026-07-19 00:30:00,-0.0783843306744273,0.3852307781015181,0.096983716,0.017856283,0.20154353060743926,0
14,2026-07-19 00:45:00,-0.07547735543812673,0.3968466753347879,0.093262956,0.016940579,0.20689362707655456,0
14,2026-07-19 01:30:00,0.002029397179603154,0.7065536387961466,0.08289151,0.014388098,0.3604708685888032,0
14,2026-07-19 01:45:00,-0.03685527651952081,0.5511755096679937,0.090546794,0.016272115,0.283723812128902,0
14,2026-07-19 02:30:00,-0.0787598430599562,0.3837302791548278,0.085059874,0.014921747,0.1993260131514324,0
14,2026-07-19 02:45:00,-0.0445708961394804,0.5203448911345842,0.08875022,0.015829965,0.26808742830340276,0
14,2026-07-19 03:15:00,-0.03956615541822628,0.5403431880486063,0.08204237,0.014179121,0.2772611544100966,0
14,2026-07-19 03:30:00,-0.06847584087362313,0.42482382238541605,0.08573542,0.015088003,0.21995591275709153,0
14,2026-07-19 04:00:00,-0.08192299636017186,0.3710907274966092,0.08007892,0.013695902,0.19239331484385586,0
14,2026-07-19 04:30:00,-0.045107246590451955,0.5182017040713768,0.07961817,0.013582508,0.2658921060755422,0
14,2026-07-19 05:00:00,0.012373228592174379,0.7478862518801171,0.08323342,0.014472246,0.38117924902508055,0
14,2026-07-19 08:00:00,-0.0620858758688243,0.45035729645600797,0.087352514,0.015485981,0.23292163850198627,0
14,2026-07-19 08:45:00,-0.09678085485363369,0.31172064576651753,0.08125424,0.013985155,0.16285290045840592,0
14,2026-07-19 09:15:00,-0.0413826644287576,0.5330846528790762,0.08488162,0.014877877,0.27398126503861797,0
14,2026-07-19 09:30:00,-0.10548123336600596,0.2769550580077178,0.07579098,0.012640611,0.14479783463814888,0
14,2026-07-19 10:15:00,-0.07593086806404648,0.39503449751129255,0.09492353,0.017349258,0.20619187778825812,0
14,2026-07-19 10:30:00,-0.07593086806404648,0.39503449751129255,0.0927077,0.016803928,0.2059192126154428,0
14,2026-07-19 11:15:00,-0.1200239782686558,0.21884412944892623,0.07582151,0.012648125,0.11574612731401909,0
14,2026-07-19 12:15:00,-0.14305974809929228,0.12679617124806614,0.062830314,0.009450907,0.06812353906785831,0
14,2026-07-19 12:30:00,-0.15178230204690146,0.09194197331687883,0.060364507,0.008844055,0.05039301427613236,0
14,2026-07-19 12:45:00,-0.033503898555168554,0.5645671827505969,0.06411479,0.009767024,0.287167103298552,0
14,2026-07-19 13:15:00,-0.06336084903076777,0.4452626685281968,0.07015551,0.011253685,0.2282581766436684,0
14,2026-07-19 13:30:00,-0.1128207263606652,0.24762739284371696,0.07004239,0.011225845,0.12942661878856698,0
14,2026-07-19 14:15:00,-0.04517662961656743,0.5179244584687909,0.06958996,0.0111144995,0.2645194790002386,0
14,2026-07-19 14:30:00,-0.0375200280787481,0.5485192483757693,0.07375728,0.0121401055,0.2803296769271174,0
14,2026-07-19 16:15:00,-0.1434484752289003,0.1252428678924252,0.07268739,0.011876797,0.0685598325979913,0
14,2026-07-19 17:00:00,-0.12932903442551313,0.18166232799491358,0.06739502,0.01057431,0.09611831904079056,0
14,2026-07-19 18:15:00,-0.06456805036680446,0.4404388480552321,0.082127444,0.014200057,0.22731945247914817,0
14,2026-07-19 19:45:00,-0.022229610947329004,0.6096177785023699,0.08950147,0.016014853,0.31281631599737453,0
14,2026-07-19 20:15:00,-0.061400681493480214,0.45309524459860734,0.0863105,0.015229534,0.23416238947819676,0
14,2026-07-19 20:30:00,-0.044484892681245114,0.5206885498352473,0.075331554,0.012527544,0.266608046943328,0
14,2026-07-19 21:30:00,-0.107171630450072,0.27020044979271346,0.09120389,0.01643383,0.14331713961719003,0
14,2026-07-19 21:45:00,-0.10670323705099827,0.27207208926195997,0.08012584,0.013707449,0.14288976899517128,0
14,2026-07-19 22:30:00,-0.07352948620138433,0.40463010898613255,0.080168344,0.013717909,0.2091740091648366,0
14,2026-07-19 22:45:00,-0.07352948620138433,0.40463010898613255,0.069376834,0.011062048,0.20784607868086954,0
14,2026-07-19 23:15:00,-0.05390072471869445,0.48306410228338925,0.075135455,0.012479283,0.24777169259949072,0
14,2026-07-20 02:15:00,-0.098672777297939,0.30416076826500354,0.08414348,0.014696217,0.15942849270352452,0
14,2026-07-20 03:15:00,0.002433997667364851,0.708170370038877,0.06988232,0.011186452,0.35967841084501645,0
14,2026-07-20 03:45:00,-0.06893286614253347,0.4229976084946414,0.07356966,0.0120939305,0.21754576949992877,0
14,2026-07-20 04:45:00,-0.08781846891611539,0.34753318132413064,0.070497796,0.011337924,0.1794355525707336,0
14,2026-07-20 05:15:00,-0.11930250355083671,0.22172704914976754,0.07138927,0.011557323,0.11664218603829343,0
14,2026-07-20 06:15:00,-0.12048901961546304,0.21698588434718644,0.076085165,0.012713012,0.1148494483163585,0
14,2026-07-20 06:30:00,-0.11164848936356708,0.2523115003384396,0.08033808,0.013759684,0.1330355920780323,0
14,2026-07-20 07:45:00,-0.022374649292263404,0.6090382240264309,0.096396476,0.017711759,0.3133749913200087,0
14,2026-07-20 09:00:00,-0.11332987119568222,0.24559291590474785,0.06280401,0.009444434,0.12751867505025238,0
14,2026-07-20 10:00:00,-0.0772537191186391,0.38974855571406364,0.07847822,0.013301958,0.20152525702201962,0
14,2026-07-20 11:30:00,-0.06476948651296566,0.4396339352566449,0.07662811,0.012846635,0.2262402849899455,0
14,2026-07-20 12:00:00,-0.11092356080386817,0.2552082211449233,0.07328465,0.012023787,0.13361600407955485,0
14,2026-07-20 12:15:00,-0.041600035901365295,0.5322160645761127,0.08050586,0.013800975,0.27300851975570295,0
14,2026-07-20 13:00:00,-0.04339847616134851,0.5250297297978621,0.08062419,0.013830097,0.26942991359503177,0
14,2026-07-20 13:15:00,-0.04339847616134851,0.5250297297978621,0.08637539,0.015245505,0.2701376172375789,0
14,2026-07-20 13:30:00,-0.008764451235941384,0.6634228159460638,0.08447593,0.014778034,0.3391004248881446,0
14,2026-07-20 16:15:00,-0.02646755091393671,0.5926835182726442,0.08225311,0.014230985,0.30345725173354443,0
14,2026-07-20 17:00:00,-0.037479140788049814,0.5486826287035297,0.084494464,0.014782596,0.2817326125415241,0
14,2026-07-20 17:15:00,-0.0757604345882893,0.39571552764694096,0.09239335,0.016726565,0.20622104613145292,0
14,2026-07-20 17:30:00,-0.1097885331710221,0.25974364483048584,0.09235886,0.016718075,0.13823085975493027,0
14,2026-07-20 18:15:00,-0.1376920034783219,0.14824498481655637,0.08820428,0.015695605,0.08197029512179156,0
14,2026-07-20 20:15:00,-0.053707627524688384,0.4838356937072163,0.087393925,0.015496172,0.24966593285905744,0
14,2026-07-20 21:00:00,-0.0428142736297763,0.5273641275888783,0.08068212,0.013844353,0.2706042403678647,0
14,2026-07-20 21:15:00,-0.0044804393665587305,0.6805411735431465,0.09063275,0.016293269,0.34841722109695833,0
14,2026-07-20 23:00:00,-0.03931521204341848,0.5413459253326179,0.093102105,0.016900994,0.27912345960811386,0
14,2026-07-21 00:00:00,-0.09605193530635925,0.314633314043402,0.10964244,0.020971678,0.16780249612039294,0
14,2026-07-21 00:45:00,0.006237103899781715,0.7233670908816666,0.09832177,0.018185588,0.3707763392407701,0
14,2026-07-21 01:00:00,-0.07126376457320993,0.4136836397019853,0.09686639,0.017827408,0.21575552404512116,0
14,2026-07-21 01:30:00,-0.07126376457320993,0.4136836397019853,0.09133076,0.016465053,0.21507434633214423,0
14,2026-07-21 02:15:00,-0.10367110896623605,0.28418808109804156,0.07456165,0.012338065,0.14826307285449983,0
14,2026-07-21 03:00:00,-0.10788989789065268,0.26733034595708305,0.06954421,0.011103241,0.13921679336508241,0
14,2026-07-21 05:30:00,-0.03768317320651937,0.5478673415364418,0.08899554,0.01589034,0.2818788404629426,0
14,2026-07-21 07:00:00,-0.12572914105408606,0.19604703651635297,0.080261156,0.013740751,0.10489389373867933,0
14,2026-07-21 07:30:00,-0.06996906565326777,0.41885708920863207,0.06966713,0.011133492,0.21499529060079126,0
14,2026-07-21 08:15:00,-0.029582739373570255,0.5802356279165428,0.069266096,0.011034795,0.2956352114998242,0
14,2026-07-21 08:30:00,-0.057845572811811574,0.467300999289494,0.079915494,0.013655681,0.24047834022628328,0
14,2026-07-21 10:30:00,-0.030583707136010996,0.5762358901419877,0.1002489,0.018659867,0.29744787874413725,0
14,2026-07-21 11:00:00,-0.12119305578270956,0.2141726468399939,0.0800646,0.013692378,0.11393251245323703,0
14,2026-07-21 12:15:00,-0.1507275851211421,0.09615648579941459,0.08440667,0.014760989,0.05545873728193972,0
14,2026-07-21 13:15:00,-0.1503928925113181,0.09749387419952973,0.080687985,0.013845797,0.055669835448185725,0
14,2026-07-21 14:00:00,-0.05756972291222273,0.468403259826639,0.07973744,0.0136118615,0.24100756066562667,0
14,2026-07-21 15:15:00,-0.14185663465150494,0.13160365704806476,0.076276615,0.01276013,0.07218189340264514,0
14,2026-07-21 15:30:00,-0.10045656476720338,0.29703298414416657,0.067343734,0.010561689,0.15379733647365146,0
14,2026-07-21 17:00:00,-0.14591096486121918,0.1154030776699911,0.06487189,0.009953353,0.06267821514633945,0
14,2026-07-21 17:15:00,-0.056643984446170914,0.4721023910583957,0.08362252,0.014568006,0.24333519837344209,0
14,2026-07-21 17:30:00,-0.13696366488467243,0.15115533167786058,0.085454844,0.015018952,0.08308714187848894,0
14,2026-07-21 20:15:00,-0.1312112093915231,0.1741414001565231,0.08378658,0.01460838,0.09437489027063316,0
14,2026-07-21 20:45:00,-0.14586001813460547,0.11560665420319524,0.07361536,0.012105176,0.06385591521424992,0
14,2026-07-21 23:30:00,-0.05720532411603518,0.46985935030707543,0.071806185,0.011659928,0.24075963898663136,0
14,2026-07-21 23:45:00,-0.08352954235107535,0.364671177409693,0.073399104,0.012051955,0.18836156613757432,0
14,2026-07-22 00:00:00,-0.04688808988300175,0.511085684500071,0.08107029,0.0139398845,0.2625127844956679,0
14,2026-07-22 01:30:00,-0.008830136466498328,0.6631603462564822,0.08328156,0.014484093,0.33882221942483765,0
14,2026-07-22 02:15:00,-0.10633024666494556,0.27356251062478504,0.08647012,0.015268818,0.14441566408438425,0
14,2026-07-22 03:00:00,-0.06689779171444599,0.43112950281679696,0.08954373,0.016025253,0.22357737772852215,0
14,2026-07-22 03:45:00,-0.04532894785496733,0.5173158144797015,0.08898452,0.015887627,0.26660172092890383,0
14,2026-07-22 04:30:00,-0.08633217056695791,0.3534722373801303,0.088726394,0.015824102,0.18464816962271094,0
14,2026-07-22 05:00:00,-0.06646961759640113,0.4328404312385624,0.09868644,0.018275335,0.22555788333483068,0
14,2026-07-22 08:00:00,-0.0813237605106335,0.3734851964827251,0.09201469,0.016633375,0.1950592855496144,0
14,2026-07-22 10:30:00,-0.03333848696229136,0.5652281460914812,0.08548161,0.015025538,0.2901268422419231,0
14,2026-07-22 10:45:00,-0.14481347634264607,0.11978849990793981,0.081219815,0.013976684,0.06688259187404771,0
14,2026-07-22 13:15:00,-0.1588339042606723,0.0637646824950624,0.07546641,0.012560733,0.03816270757887008,0
14,2026-07-22 14:00:00,-0.10944907035838819,0.26110009434434217,0.070896104,0.01143595,0.13626802225963494,0
14,2026-07-22 14:30:00,-0.13658826456227374,0.15265538283476993,0.080266744,0.0137421265,0.08319875467960916,0
14,2026-07-22 14:45:00,-0.10838412286030052,0.26535548687130317,0.07378281,0.012146387,0.13875093706026725,0
14,2026-07-22 17:00:00,-0.1556795061998128,0.07636924934868275,0.06999994,0.011215399,0.04379232418405145,0
14,2026-07-22 19:00:00,-0.09416693670094456,0.3221655247798164,0.07074418,0.01139856,0.16678204257367052,0
14,2026-07-22 20:30:00,-0.010042579566556742,0.658315580372137,0.071286984,0.011532148,0.33492386435922095,0
14,2026-07-22 22:15:00,0.028365703581752055,0.8117901144465488,0.073631495,0.012109148,0.41194963138131707,0
14,2026-07-22 22:45:00,-0.0731858211240145,0.40600335020660877,0.08518357,0.014952189,0.2104777697478211,0
14,2026-07-23 00:45:00,-0.0876620775209761,0.3481581011209768,0.08381416,0.014615169,0.18138663495798318,0
14,2026-07-23 02:30:00,-0.11502712834048034,0.2388108957739202,0.075611204,0.012596368,0.12570363181613525,0
14,2026-07-23 04:15:00,-0.12176621657194464,0.21188237042389094,0.07274755,0.0118916035,0.11188698694686978,0
14,2026-07-23 04:45:00,-0.11239797146202718,0.2493166667653242,0.0716599,0.0116239255,0.1304702961473723,0
14,2026-07-23 05:30:00,-0.12872792774879288,0.1840642725645896,0.071393505,0.011558364,0.09781131835502367,0
14,2026-07-23 06:00:00,-0.14738816784125974,0.10950036553314205,0.05433643,0.0073605054,0.05843043546947775,0
14,2026-07-23 07:15:00,-0.053944184007455376,0.482890444583876,0.054411292,0.0073789298,0.24513468717209153,0
14,2026-07-23 08:15:00,-0.144576329023884,0.12073610993553374,0.061184805,0.009045935,0.06489102258572566,0
14,2026-07-23 09:30:00,-0.14867939356767634,0.10434079445881227,0.06179027,0.009194944,0.056767869256350294,0
14,2026-07-23 09:45:00,0.04405941782416989,0.8745001676908343,3.9907706,0.97614276,0.925321465891163,1
14,2026-07-23 11:30:00,-0.1629097051719735,0.04747830896915901,3.5409079,0.8654286,0.456453467753241,0
14,2026-07-23 11:45:00,-0.17265825561354536,0.008524361687945495,3.060639,0.74723125,0.3778778033644195,0
14,2026-07-23 13:00:00,-0.15473666654682805,0.0801367147125983,2.5832887,0.6297522,0.3549444667179477,0
14,2026-07-23 17:00:00,-0.054677845335194264,0.47995882876526846,2.0680704,0.50295365,0.4914562386662341,0
14,2026-07-23 17:15:00,-0.1036933353887331,0.28409926718715406,1.5846828,0.3839888,0.3340440324258982,0
14,2026-07-23 17:45:00,-0.13517446377423503,0.15830474800895453,1.0916591,0.26265243,0.21047858748351933,0
14,2026-07-23 18:00:00,-0.11586117387662764,0.2354781576360874,0.066505134,0.010355304,0.12291673081569933,0
14,2026-07-23 18:15:00,-0.11586117387662764,0.2354781576360874,0.058809098,0.008461258,0.12196970800512098,0
14,2026-07-23 18:45:00,-0.058647481219174624,0.46409667696362567,0.052803077,0.006983137,0.2355399070937476,0
14,2026-07-23 19:30:00,-0.015999263865282276,0.6345134399888973,0.07253022,0.011838117,0.3231757783359816,0
14,2026-07-23 20:00:00,-0.12038057054081852,0.21741923282927297,0.06516683,0.010025939,0.11372258590105187,0
14,2026-07-23 21:00:00,-0.002027783101095193,0.6903416709028749,0.06156918,0.009140532,0.34974110168333195,0
14,2026-07-23 23:45:00,0.0001692501797826429,0.6991207318628947,0.072753906,0.011893168,0.35550694997733434,0
14,2026-07-24 01:30:00,-0.11011370424531408,0.2584443032554216,0.08144732,0.014032673,0.13623848817305897,0
14,2026-07-24 02:15:00,-0.11292274463826973,0.24721974099523492,0.07757984,0.013080862,0.1301503016729984,0
14,2026-07-24 03:45:00,-0.11977381053251235,0.219843767381109,0.08300171,0.014415219,0.11712949340363205,0
14,2026-07-24 05:00:00,-0.04558174265183901,0.5163056791524726,0.0927831,0.016822483,0.26656408127152115,0
14,2026-07-24 05:45:00,-0.002281209489002678,0.6893290118195184,0.09960692,0.01850187,0.3539154410768334,0
14,2026-07-24 06:15:00,-0.07242411708496133,0.40904702107429325,0.086256295,0.015216194,0.21213160758376032,0
14,2026-07-24 07:00:00,-0.1306946862623808,0.176205359804958,0.08811221,0.015672948,0.09593915400819475,0
14,2026-07-24 07:15:00,0.02402591920881636,0.7944488971354843,1.2385544,0.2988043,0.5466266050399482,1
14,2026-07-24 08:00:00,-0.042563889305925584,0.528364630977539,1.1187571,0.2693214,0.39884302141280364,0
14,2026-07-24 08:30:00,-0.06600571092292962,0.4346941423323421,1.0102664,0.24262115,0.3386576479627027,0
14,2026-07-24 10:30:00,-0.16194935515195513,0.05131574349601736,0.89469886,0.21417922,0.13274748065570827,0
14,2026-07-24 12:00:00,-0.16350074754667243,0.04511658004925686,0.78007495,0.18596952,0.11554304834209898,0
14,2026-07-24 12:15:00,-0.15906555397824135,0.06283904017111108,0.6745941,0.16001,0.11142451763699673,0
14,2026-07-24 13:00:00,-0.16092341693831125,0.05541525996542411,0.5613715,0.13214517,0.09378021318125943,0
14,2026-07-24 13:30:00,-0.16092341693831125,0.05541525996542411,0.43899816,0.10202828,0.07872177023101071,0
14,2026-07-24 14:15:00,-0.16034825340656583,0.05771353908168572,0.30691984,0.06952294,0.06361823935204396,0
14,2026-07-24 17:15:00,-0.1454456535868392,0.11726240136741557,0.16981634,0.03578087,0.07652163539587933,0
14,2026-07-24 18:45:00,-0.08572974344956436,0.3558794582600315,0.062791325,0.0094413115,0.18266038486559785,0
14,2026-07-24 19:15:00,-0.020721988619822662,0.6156420424191079,0.068402894,0.010822355,0.3132321986175041,0
14,2026-07-24 19:45:00,-0.14636764290754084,0.11357825123579222,0.057942156,0.008247898,0.06091307459801892,0
14,2026-07-24 22:30:00,-0.019585618870718524,0.6201828290277301,0.06609728,0.010254929,0.31521887893495854,0
15,2026-07-17 21:45:00,-0.14237222207266664,0.1295434363677529,,,0.1295434363677529,0
15,2026-07-17 22:30:00,-0.08824189377951702,0.3458412303099404,,,0.3458412303099404,0
15,2026-07-17 23:15:00,-0.09715048697141282,0.3102436436095599,,,0.3102436436095599,0
15,2026-07-18 01:45:00,-0.10749952894795706,0.26889020978557,,,0.26889020978557,0
15,2026-07-18 02:15:00,-0.12456956967219529,0.20068053385010565,,,0.20068053385010565,0
15,2026-07-18 02:30:00,-0.10444093194771703,0.2811119679860247,,,0.2811119679860247,0
15,2026-07-18 02:45:00,-0.042261578109174636,0.5295726274372525,,,0.5295726274372525,0
15,2026-07-18 03:45:00,-0.11811097560200612,0.22648824079369728,,,0.22648824079369728,0
15,2026-07-18 04:00:00,-0.027499893868844993,0.5885584092851438,,,0.5885584092851438,0
15,2026-07-18 05:00:00,-0.02990768775803032,0.5789371761812578,0.07282073,0.011909613,0.2954233947835272,0
15,2026-07-18 05:15:00,-0.13018664176982264,0.17823543991771268,0.064979956,0.0099799475,0.09410769369392061,0
15,2026-07-18 06:00:00,-0.1213220533568275,0.21365718921050203,0.07346062,0.012067095,0.11286214229352659,0
15,2026-07-18 06:15:00,-0.0794102464975669,0.38113135110167184,0.07639716,0.012789796,0.19696057360409458,0
15,2026-07-18 06:30:00,-0.021580617678766734,0.6122110717023136,0.08704313,0.015409839,0.31381045552093395,0
15,2026-07-18 07:30:00,-0.14915370848461762,0.10244549336969522,0.082300045,0.014242535,0.05834401441335513,0
15,2026-07-18 07:45:00,-0.12952905998428066,0.1808630517211921,0.082885645,0.014386655,0.09762485327633058,0
15,2026-07-18 08:30:00,-0.14096412643117856,0.1351700045138771,0.07884539,0.013392322,0.07428116313964996,0
15,2026-07-18 09:00:00,-0.056772023545168526,0.47159076337157385,0.07610903,0.012718885,0.24215482428862997,0
15,2026-07-18 09:30:00,-0.16760915739375143,0.028699905431637595,0.07023394,0.011272988,0.019986446856890834,0
15,2026-07-18 09:45:00,-0.15842541031252144,0.06539697150216499,0.05970258,0.008681149,0.03703906036206086,0
15,2026-07-18 12:30:00,-0.09347658646645057,0.3249240750690342,0.072014876,0.011711287,0.1683176811906219,0
15,2026-07-18 12:45:00,-0.13731563171690903,0.14974891771817966,0.0606458,0.008913282,0.07933110001159094,0
15,2026-07-18 13:15:00,-0.053257407240610455,0.4856347157583426,0.05905048,0.008520665,0.24707769020278209,0
15,2026-07-18 13:30:00,-0.12978425392821225,0.17984332971247127,0.059891365,0.008727612,0.0942854708431765,0
15,2026-07-18 13:45:00,-0.1274500578017363,0.18917047567121917,0.06603834,0.010240423,0.09970544911649194,0
15,2026-07-18 14:00:00,-0.1301204024600781,0.17850012363609702,0.06248486,0.009365888,0.093933005974278,0
15,2026-07-18 15:30:00,-0.1436628696678779,0.12438617543097946,0.063409045,0.009593336,0.06698975567130552,0
15,2026-07-18 16:00:00,-0.14126241736129397,0.133978072519903,0.0573406,0.008099852,0.07103896232486001,0
15,2026-07-18 16:15:00,-0.13122034032234442,0.1741049141373991,0.054680713,0.0074452357,0.0907750749370336,0
15,2026-07-18 16:45:00,-0.13122034032234442,0.1741049141373991,0.047032315,0.005562915,0.08983391456923182,0
15,2026-07-18 17:15:00,-0.1372034947879377,0.15019700238939382,0.04291831,0.0045504314,0.07737371688937772,0
15,2026-07-18 17:30:00,-0.1553623564708282,0.07763653866489063,0.03977763,0.0037774893,0.04070701398192262,0
15,2026-07-18 17:45:00,-0.1401527689811179,0.13841208399280186,0.039730176,0.0037658107,0.07108894736975072,0
15,2026-07-18 19:00:00,-0.1300096654162996,0.17894261454705648,0.039951045,0.003820168,0.09138139131715771,0
15,2026-07-18 19:30:00,-0.04822194340080288,0.5057557782822488,0.046006005,0.0053103333,0.25553305580807917,0
15,2026-07-18 22:00:00,-0.07720959032943797,0.38992488865078356,0.04989316,0.0062669874,0.1980959380338384,0
15,2026-07-18 22:30:00,0.024419243246081357,0.7960205691398387,0.05906197,0.008523492,0.4022720306411984,0
15,2026-07-18 23:00:00,-0.00937714476714857,0.6609745718037955,0.06852899,0.010853387,0.3359139796096023,0
15,2026-07-19 00:00:00,-0.06597372327471462,0.43482196083927654,0.074529424,0.012330134,0.2235760476192559,0
15,2026-07-19 02:15:00,-0.022422861892849144,0.6088455727073694,0.07255028,0.011843055,0.31034431363136294,0
15,2026-07-19 02:30:00,-0.07984376737895293,0.3793990577048195,0.077624,0.01309173,0.1962453938293523,0
15,2026-07-19 04:15:00,-0.09103769013501173,0.3346695895112711,0.08675173,0.015338124,0.17500385664364487,0
15,2026-07-19 04:30:00,-0.10118794924318503,0.2941104663308317,0.07459763,0.01234692,0.15322869297841463,0
15,2026-07-19 05:00:00,-0.10564638104262508,0.276295149242082,0.060238816,0.008813122,0.1425541357647373,0
15,2026-07-19 05:30:00,-0.0951442418933503,0.31826033957604666,0.056181762,0.007814653,0.16303749639691958,0
15,2026-07-19 06:45:00,-0.05564017543461908,0.47611348209708476,0.08007801,0.013695679,0.24490458038538468,0
15,2026-07-19 07:00:00,-0.056840241544237724,0.47131817306645124,0.07225206,0.01176966,0.241543916441835,0
15,2026-07-19 07:15:00,-0.043646940158156844,0.5240368997878047,0.0691814,0.01101395,0.2675254250045226,0
15,2026-07-19 08:15:00,-0.09908021633607539,0.3025326945419409,0.07820525,0.013234779,0.1578837368903209,0
15,2026-07-19 08:45:00,-0.11167092372318893,0.2522218555376833,0.07726083,0.013002351,0.13261210323204126,0
15,2026-07-19 10:00:00,-0.12348176882793999,0.20502724539389372,0.06574802,0.010168973,0.10759810937518954,0
15,2026-07-19 10:45:00,-0.15045549648443007,0.09724371681635625,0.061142515,0.009035528,0.05313962226125125,0
15,2026-07-19 11:15:00,-0.150987177628021,0.09511918770179831,0.047914933,0.0057801334,0.050449660560268575,0
15,2026-07-19 12:30:00,-0.14305974809929228,0.12679617124806614,0.053266563,0.007097204,0.06694668773194537,0
15,2026-07-19 12:45:00,-0.03728484929873577,0.54945899237701,0.064389035,0.009834518,0.279646755050911,0
15,2026-07-19 15:15:00,-0.12796597497790663,0.18710893733252323,0.052097917,0.0068095927,0.0969592650225969,0
15,2026-07-19 15:30:00,-0.12847322696193791,0.18508202398138712,0.058488198,0.008382283,0.09673215356626844,0
15,2026-07-19 16:00:00,-0.12982391920206127,0.17968483240605937,0.060243834,0.008814356,0.09424959434793168,0
15,2026-07-19 17:15:00,-0.12138891489818066,0.21339001913505112,0.056481753,0.007888483,0.11063925100931185,0
15,2026-07-19 18:15:00,-0.07287601043876857,0.4072413136528215,0.06919506,0.011017313,0.20912931343993948,0
15,2026-07-19 19:15:00,-0.13407616284117174,0.16269341655017786,0.06750528,0.010601446,0.08664743129135098,0
15,2026-07-19 20:15:00,-0.0543909161944891,0.4811053605176005,0.061129976,0.009032441,0.24506890091036723,0
15,2026-07-19 21:00:00,-0.09913406887038317,0.3023175067768513,0.050400417,0.006391827,0.1543546668969601,0
15,2026-07-19 21:15:00,-0.08796716802473148,0.34693899890977975,0.059813395,0.008708423,0.17782371095666705,0
15,2026-07-19 23:15:00,-0.06972209586469513,0.41984394855574947,0.06573811,0.010166535,0.21500524185486725,0
15,2026-07-19 23:30:00,-0.06859592506768108,0.4243439814703306,0.06014951,0.008791142,0.21656756180681985,0
15,2026-07-19 23:45:00,-0.07013005332981381,0.4182138032654874,0.0629796,0.009487648,0.21385072541435324,0
15,2026-07-20 01:30:00,-0.09437793291103447,0.32132241120168603,0.082582556,0.014312063,0.1678172372727545,0
15,2026-07-20 02:00:00,-0.0865504790791834,0.3525999047879936,0.061860744,0.009212288,0.18090609643109448,0
15,2026-07-20 02:15:00,-0.0017175095668663376,0.6915814838337867,0.09434821,0.017207667,0.35439457553267323,0
15,2026-07-20 02:45:00,0.028336615532708054,0.8116738823630442,0.09046801,0.016252724,0.4139633034084255,0
15,2026-07-20 03:00:00,-0.05344881730511453,0.484869865885895,0.0806585,0.013838541,0.24935420332427893,0
15,2026-07-20 03:15:00,-0.04532465730980573,0.5173329589434896,0.09203351,0.016638005,0.26698548204791717,0
15,2026-07-20 04:45:00,-0.07599343546020743,0.3947844862848867,0.09241927,0.016732942,0.20575871429892129,0
15,2026-07-20 05:30:00,-0.11930250355083671,0.22172704914976754,0.10580935,0.02002833,0.12087768976772625,0
15,2026-07-20 05:45:00,-0.0060382789380868385,0.6743162480113348,0.09037679,0.016230274,0.345273261001579,0
15,2026-07-20 06:30:00,-0.014925967814774177,0.6388021922520374,0.094182886,0.01716698,0.32798458593147867,0
15,2026-07-20 07:00:00,-0.03481105325380862,0.5593439615625445,0.08324598,0.014475335,0.28690964846478423,0
15,2026-07-20 07:30:00,-0.010069684993000871,0.6582072705922299,0.07828832,0.013255223,0.3357312466463831,0
15,2026-07-20 08:00:00,-0.11694518738693271,0.23114657978914152,0.09168425,0.01655205,0.12384931472789233,0
15,2026-07-20 08:30:00,-0.11900449850174405,0.2229178388001332,0.08456812,0.014800724,0.118859281221122,0
15,2026-07-20 09:00:00,-0.14046730104279453,0.1371552545367471,0.09007015,0.016154809,0.0766550317301746,0
15,2026-07-20 09:15:00,-0.07785788902273683,0.38733437088379835,0.08605059,0.015165569,0.2012499700722574,0
15,2026-07-20 09:30:00,-0.10910580707532974,0.2624717300466937,0.07463207,0.0123553965,0.1374135632853827,0
15,2026-07-20 10:15:00,-0.12158488859811428,0.21260693356540947,0.069623105,0.011122657,0.11186479527576342,0
15,2026-07-20 10:30:00,-0.0792993746531202,0.3815743806586745,0.06798615,0.010719793,0.19614708678802265,0
15,2026-07-20 11:15:00,-0.0672815990210004,0.42959585843804826,0.06467523,0.009904952,0.21975040511326666,0
15,2026-07-20 12:15:00,-0.11730560720291422,0.22970638879920965,0.058793608,0.008457446,0.11908191716937187,0
15,2026-07-20 14:00:00,-0.1333577528489741,0.16556409000364067,0.046769038,0.005498121,0.08553110551527203,0
15,2026-07-20 14:30:00,-0.14737629352865073,0.10954781375122787,0.04638505,0.005403619,0.057475716272581225,0
15,2026-07-20 15:45:00,-0.12005201729535958,0.21873208912307654,0.040582094,0.0039754733,0.11135378123370128,0
15,2026-07-20 16:30:00,-0.04006837007008379,0.538336403225615,0.046489444,0.0054293107,0.27188285697487713,0
15,2026-07-20 16:45:00,-0.07668858444479965,0.3920067608106542,0.062297814,0.009319855,0.20066330785544756,0
15,2026-07-20 18:00:00,-0.10618949054705062,0.27412495387507646,0.06300283,0.009493365,0.14180915941379055,0
15,2026-07-20 18:45:00,-0.013993816811242454,0.642526947154557,0.08160016,0.014070288,0.32829861771635976,0
15,2026-07-21 00:15:00,-0.02214032336861571,0.6099745601238951,0.084148176,0.014697372,0.31233596605296654,0
15,2026-07-21 01:00:00,-0.0696908045549065,0.41996898458435417,0.0880647,0.015661255,0.2178151195547694,0
15,2026-07-21 02:00:00,-0.10367110896623605,0.28418808109804156,0.09738714,0.01795557,0.15107182532421828,0
15,2026-07-21 02:15:00,-0.11440020632837283,0.24131599508642174,0.09628391,0.017684057,0.1295000262206744,0
15,2026-07-21 02:45:00,-0.0866281265475568,0.3522896355425641,0.09079393,0.016332936,0.18431128554221615,0
15,2026-07-21 03:00:00,-0.05742388724259928,0.46898600030895793,0.101253875,0.018907197,0.2439465985643701,0
15,2026-07-21 03:15:00,-0.08119226441932226,0.37401063786391553,0.09996695,0.018590476,0.19630055711390643,0
15,2026-07-21 05:15:00,-0.09384608027175695,0.3234476255908368,0.09323454,0.016933586,0.1701906060196339,0
15,2026-07-21 05:30:00,-0.12814133267704936,0.18640823063682505,0.07087931,0.011431818,0.0989200242667446,0
15,2026-07-21 08:30:00,-0.026147962853561246,0.5939605508458647,0.06954929,0.011104492,0.3025325211925821,0
15,2026-07-21 09:15:00,-0.13173348777905586,0.1720544432395942,0.07195712,0.0116970735,0.09187575835333502,0
15,2026-07-21 10:30:00,-0.13887820274431456,0.14350508590035996,0.07340507,0.012053424,0.07777925473075788,0
15,2026-07-21 11:15:00,-0.16048950403109136,0.05714911984682781,0.07312571,0.0119846715,0.034566895656440166,0
15,2026-07-21 11:45:00,-0.16048950403109136,0.05714911984682781,0.06928323,0.011039012,0.03409406597927561,0
15,2026-07-21 12:45:00,-0.08369226600104934,0.3640209547411553,0.07268349,0.011875838,0.18794839639123043,0
15,2026-07-21 13:15:00,-0.1325560053989827,0.16876776916466027,0.07855072,0.013319802,0.09104378535192147,0
15,2026-07-21 13:30:00,-0.0812682654532555,0.37370694755765954,0.08258763,0.014313311,0.19401012943686624,0
15,2026-07-21 13:45:00,-0.1115731849421423,0.25261240707116916,0.07498932,0.012443317,0.13252786208578743,0
15,2026-07-21 16:00:00,-0.1487752790841193,0.10395764833109435,0.061986405,0.0092432145,0.056600431417012494,0
15,2026-07-21 17:00:00,-0.09623671999183275,0.31389493832903786,0.061328404,0.009081277,0.16148810769700847,0
15,2026-07-21 17:15:00,-0.04719474382166866,0.5098603350050869,0.07235064,0.011793923,0.26082712881900977,0
15,2026-07-21 18:15:00,-0.037816926157698716,0.5473328820349832,0.07673001,0.012871713,0.2801022977062593,0
15,2026-07-21 18:45:00,-0.14655199755689646,0.11284159389016048,0.072777,0.011898852,0.06237022292180367,0
15,2026-07-21 20:15:00,-0.1312112093915231,0.1741414001565231,0.05917845,0.008552159,0.09134677966962522,0
15,2026-07-21 20:30:00,-0.08111982283392816,0.37430010507397127,0.06904789,0.010981093,0.19264059911738968,0
15,2026-07-21 21:00:00,-0.11693229143979539,0.23119811032672652,0.06868671,0.010892204,0.1210451571678615,0
15,2026-07-21 21:15:00,-0.0923149822963305,0.3295656951617542,0.065314345,0.010062243,0.16981396900993304,0
15,2026-07-21 21:45:00,-0.10604367149234678,0.27470762796632464,0.06299293,0.009490928,0.14209927782382575,0
15,2026-07-21 22:00:00,0.011405755978710963,0.7440203563906544,0.060759522,0.008941271,0.3764808138664958,0
15,2026-07-21 22:15:00,0.017975368216253118,0.7702716775786658,0.061571036,0.009140989,0.38970633319525816,0
15,2026-07-21 22:45:00,-0.041009948555161935,0.5345739773256117,0.07008931,0.011237393,0.272905685229477,0
15,2026-07-21 23:00:00,-0.048174458668821196,0.5059455211324668,0.0888501,0.015854547,0.2609000339663613,0
15,2026-07-21 23:30:00,3.176661320902774e-05,0.698571365304611,0.09267648,0.016796244,0.3576838048064817,0
15,2026-07-22 01:15:00,-0.11124694826649917,0.25391600665147274,0.087819055,0.0156008,0.13475840311718568,0
15,2026-07-22 02:15:00,-0.06571679994031143,0.435848593268748,0.08213147,0.014201047,0.22502482008385452,0
15,2026-07-22 02:45:00,-0.09440628723349381,0.32120911099475824,0.08140063,0.014021184,0.16761514764508706,0
15,2026-07-22 03:45:00,-0.12089755198908453,0.2153534417968708,0.08186371,0.01413515,0.11474429601787119,0
15,2026-07-22 04:00:00,-0.03392787578284384,0.5628730245601783,0.085436665,0.015014478,0.28894375128282357,0
15,2026-07-22 04:45:00,-0.08167618574723412,0.37207695079846764,0.06863872,0.010880393,0.19147867188728643,0
15,2026-07-22 05:45:00,-0.06646961759640113,0.4328404312385624,0.086151,0.015190279,0.22401535517491428,0
15,2026-07-22 06:15:00,-0.12685726695978333,0.19153919124022828,0.085608676,0.015056811,0.10329800125666314,0
15,2026-07-22 06:45:00,-0.15453132297671518,0.08095724107214834,0.06804825,0.010735076,0.04584615849648429,0
15,2026-07-22 07:15:00,-0.09518882190165101,0.318082203626138,0.07304628,0.011965123,0.16502366331567467,0
15,2026-07-22 07:30:00,-0.1348297702656142,0.15968209870775513,0.067387216,0.01057239,0.0851272442036369,0
15,2026-07-22 08:30:00,-0.15302529810243887,0.08697512177229645,0.067169234,0.010518744,0.048746932714436066,0
15,2026-07-22 11:00:00,-0.1574806202275964,0.06917223053996395,0.050398644,0.0063913907,0.0377818106162033,0
15,2026-07-22 11:30:00,-0.15856631443644165,0.06483393683893066,0.054934893,0.0075077913,0.03617086405797591,0
15,2026-07-22 12:30:00,-0.15846785963687532,0.06522734948985508,0.040958356,0.004068074,0.03464771165322627,0
15,2026-07-22 13:30:00,-0.06780934058985277,0.4274870713548411,0.039247047,0.0036469095,0.21556699042346572,0
15,2026-07-22 14:15:00,-0.17324294998618184,0.006187998563621241,0.044934012,0.0050465087,0.005617253652127483,0
15,2026-07-22 16:30:00,-0.08390392480310455,0.3631751935311908,0.06798491,0.0107194865,0.18694734002171728,0
15,2026-07-22 17:00:00,-0.0735207236891372,0.4046651228522628,0.06920139,0.0110188695,0.20784199615967122,0
15,2026-07-22 17:15:00,-0.1135540515898546,0.24469712003146266,0.072918035,0.011933561,0.12831534072297143,0
15,2026-07-22 19:30:00,-0.14786178056672877,0.10760787031036945,0.08267219,0.014334124,0.06097099694600866,0
15,2026-07-22 20:00:00,-0.14031315282449852,0.13777121088892325,0.076649666,0.01285194,0.07531157521277718,0
15,2026-07-22 21:15:00,-0.13458886655152286,0.1606447188054617,0.07491395,0.012424769,0.08653474384273567,0
15,2026-07-22 21:45:00,-0.07918576706927072,0.3820283418766569,0.081256114,0.013985617,0.1980069794814741,0
15,2026-07-22 22:00:00,-0.050326052714401937,0.4973480294823532,0.08363045,0.014569957,0.2559589931458177,0
15,2026-07-22 22:30:00,-0.017022521650865374,0.6304246341634983,0.07539255,0.012542556,0.3214835951017436,0
15,2026-07-23 01:30:00,-0.012566573929655656,0.6482300251967789,0.08755123,0.015534886,0.3318824556778908,0
15,2026-07-23 01:45:00,-0.12375363407814982,0.2039409070005356,0.08480238,0.014858376,0.10939964161765271,0
15,2026-07-23 02:00:00,-0.12235295101423838,0.2095378554449545,0.07640433,0.012791562,0.11116470866953665,0
15,2026-07-23 03:45:00,-0.01971365491456134,0.619671213548912,0.079942726,0.013662383,0.31666679825461574,0
15,2026-07-23 04:30:00,-0.13538519710948754,0.1574626848446902,0.068726435,0.010901981,0.0841823329390375,0
15,2026-07-23 05:15:00,-0.13581045129352542,0.15576342410173033,0.065758996,0.010171674,0.08296754914684104,0
15,2026-07-23 05:45:00,-0.038470692836538145,0.5447205149046738,0.076551914,0.012827883,0.27877419872394,0
15,2026-07-23 06:00:00,-0.12372997748816561,0.20403543567581112,0.07877417,0.013374794,0.10870511497518984,0
15,2026-07-23 07:15:00,-0.0939736808276338,0.32293775026563115,0.066059284,0.010245577,0.16659166384892318,0
15,2026-07-23 07:30:00,-0.11325193232465819,0.24590434955749693,0.073673725,0.012119541,0.12901194525109622,0
15,2026-07-23 08:30:00,-0.14371305945172275,0.12418562354322282,0.06655194,0.010366823,0.06727622306806846,0
15,2026-07-23 08:45:00,-0.06834508766532865,0.42534629530211066,0.077738136,0.01311982,0.21923305743808436,0
15,2026-07-23 09:15:00,-0.10566158396929876,0.27623440031251384,0.095939554,0.017599307,0.14691685365657545,0
15,2026-07-23 10:15:00,-0.033193293801657586,0.5658083191909403,0.09354803,0.017010737,0.29140952820072624,0
15,2026-07-23 10:30:00,-0.033193293801657586,0.5658083191909403,0.08600856,0.015155226,0.29048177259157154,0
15,2026-07-23 11:45:00,-0.1629097051719735,0.04747830896915901,0.07996063,0.01366679,0.030572549473950803,0
15,2026-07-23 12:15:00,-0.17272718116214425,0.008248944106373562,0.081198566,0.0139714535,0.011110198819475062,0
15,2026-07-23 12:30:00,-0.16284726059501792,0.04772782942589816,0.0778671,0.013151558,0.03043969377098827,0
15,2026-07-23 13:00:00,-0.16271117135207874,0.048271624447195516,0.06716616,0.0105179865,0.029394805469259017,0
15,2026-07-23 13:30:00,-0.16271117135207874,0.048271624447195516,0.047998603,0.005800725,0.027036174704029553,0
15,2026-07-23 14:15:00,-0.1747915482757043,0.0,0.041565232,0.00421743,0.002108715008944273,0
15,2026-07-23 14:45:00,-0.07113952568593396,0.41418008223405517,0.04645779,0.0054215207,0.2098008014552595,0
15,2026-07-23 15:30:00,-0.10640211437117048,0.27327533656169883,0.04078861,0.0040262984,0.13865081748644467,0
15,2026-07-23 16:45:00,-0.023824278890676065,0.6032456915579064,0.04210194,0.004349517,0.3037976043641231,0
15,2026-07-23 17:15:00,-0.08229760164706523,0.3695938531987977,0.04739154,0.005651323,0.187622588161782,0
15,2026-07-23 20:45:00,-0.14801645484475523,0.10698981189151893,0.05916537,0.008548939,0.057769375280391624,0
15,2026-07-23 22:00:00,-0.018792476742478192,0.6233521224355203,0.06715379,0.010514942,0.3169335322166732,0
15,2026-07-23 23:00:00,-0.08819715667987943,0.3460199939765226,0.07797409,0.0131778885,0.17959894122221526,0
15,2026-07-24 00:30:00,-0.022893585429554775,0.6069646223093838,0.09071263,0.016312927,0.31163877465852946,0
15,2026-07-24 01:00:00,-0.012053027461549015,0.6502820904925352,0.097708985,0.018034777,0.33415843358262803,0
15,2026-07-24 01:15:00,0.017559476197041124,0.7686098268360184,0.09044346,0.016246684,0.39242825536580317,0
15,2026-07-24 01:45:00,-0.08002092908155478,0.37869114244451857,0.09125509,0.01644643,0.19756878634030986,0
15,2026-07-24 02:00:00,-0.05151166438181609,0.49261047853411233,0.10065843,0.018760655,0.255685566804712,0
15,2026-07-24 02:15:00,-0.08472908379026511,0.35987796489426443,0.0934216,0.016979624,0.18842879424010192,0
15,2026-07-24 02:30:00,-0.05151166438181609,0.49261047853411233,0.10723758,0.020379825,0.2564951515489866,0
15,2026-07-24 02:45:00,-0.025965743976527622,0.5946886739214085,0.0944037,0.017221324,0.3059549990336012,0
15,2026-07-24 03:15:00,-0.027928580501583977,0.586845432920918,0.08760539,0.015548214,0.30119682361864303,0
15,2026-07-24 03:30:00,-0.027928580501583977,0.586845432920918,0.07511787,0.012474955,0.29966019399025295,0
15,2026-07-24 04:00:00,-0.0016698694179539952,0.6917718477099674,0.07113776,0.011495424,0.351633636072255,0
15,2026-07-24 04:15:00,-0.024014475387174272,0.6024856909463213,0.06424971,0.009800229,0.30614296008395186,0
15,2026-07-24 04:45:00,-0.10215960769675225,0.29022784476545566,0.067061216,0.010492159,0.15036000190956947,0
15,2026-07-24 05:30:00,-0.13248969391313142,0.16903274128943635,0.06407839,0.009758066,0.08939540383771039,0
15,2026-07-24 06:00:00,-0.1520766778344979,0.09076568572626462,0.050490323,0.006413954,0.04858981978536124,0
15,2026-07-24 06:30:00,-0.14508493376482434,0.11870379114267221,0.049687263,0.006216315,0.0624600531148016,0
15,2026-07-24 08:45:00,-0.08467825325366479,0.360081077147196,0.06542609,0.010089744,0.18508541051480684,0
15,2026-07-24 09:30:00,-0.10156070858951405,0.29262096817287386,0.074789695,0.012394189,0.152507578538073,0
15,2026-07-24 10:00:00,-0.13319295397359565,0.16622260500461147,0.07556758,0.012585632,0.08940411828816079,0
15,2026-07-24 12:15:00,-0.09729466328537056,0.3096675336979612,0.067271724,0.010543967,0.1601057501819126,0
15,2026-07-24 12:30:00,-0.14325434512703872,0.1260185866825096,0.06163698,0.009157219,0.06758790282643398,0
15,2026-07-24 13:00:00,-0.14573109520343713,0.11612181356911029,0.06505531,0.009998493,0.06306015323283357,0
15,2026-07-24 13:15:00,-0.15383110047007503,0.08375523968458423,0.067448,0.010587349,0.04717129414364819,0
15,2026-07-24 15:15:00,-0.15271606878792188,0.08821076213623535,0.06698015,0.010472209,0.0493414856645239,0
15,2026-07-24 17:00:00,-0.02284411372139017,0.6071623048595542,0.07631183,0.012768796,0.3099655502866683,0
15,2026-07-24 18:00:00,-0.13934079296766338,0.14165663517108112,0.07058526,0.0113594495,0.07650804232354239,0
15,2026-07-24 18:30:00,-0.09677948825504196,0.3117261065178175,0.08358987,0.014559968,0.16314303744624353,0
15,2026-07-24 18:45:00,-0.014861921071064654,0.6390581147599987,0.07944768,0.013540549,0.3262993319818761,0
15,2026-07-24 19:00:00,-0.1087869292707696,0.26374592452949747,0.07364095,0.012111475,0.1379286996446871,0
15,2026-07-24 19:30:00,-0.1141807410313182,0.24219295004118765,0.06994796,0.011202605,0.12669777774120017,0
15,2026-07-24 21:45:00,0.02931274026940056,0.815574350618392,1.3925278,0.33669817,0.5761362625475077,1
15,2026-07-24 22:30:00,0.0255463653386504,0.800524403308475,1.253401,0.30245817,0.5514912851922928,0
15,2026-07-25 01:15:00,-0.03232517298049731,0.5692772177624646,1.1686076,0.28158996,0.42543358642697054,0
15,2026-07-25 03:30:00,-0.015535347397043764,0.6363671902212996,1.0216511,0.245423,0.4408950971262405,0
15,2026-07-25 04:30:00,-0.1291722617169499,0.18228877147090597,0.87909573,0.21033919,0.19631398002332529,0
16,2026-07-17 22:00:00,0.026509336665022087,0.8043723122366411,,,0.8043723122366411,0
16,2026-07-18 01:00:00,-0.03232517298049731,0.5692772177624646,,,0.5692772177624646,0
16,2026-07-18 03:15:00,-0.03650551568283489,0.552573108754643,,,0.552573108754643,0
16,2026-07-18 04:00:00,-0.07978505437691674,0.3796336672705952,,,0.3796336672705952,0
16,2026-07-18 04:15:00,-0.09543049022976924,0.3171165282296286,,,0.3171165282296286,0
16,2026-07-18 04:30:00,-0.11912628098539324,0.2224312117393944,,,0.2224312117393944,0
16,2026-07-18 05:30:00,-0.11223125036230652,0.24998286272626313,,,0.24998286272626313,0
16,2026-07-18 06:15:00,-0.07571394298788847,0.39590130207175284,,,0.39590130207175284,0
16,2026-07-18 06:45:00,-0.11729536118311246,0.2297473305697418,0.08625252,0.015215265,0.12248129760151986,0
16,2026-07-18 07:00:00,-0.013443517982074438,0.6447258701338044,0.08222491,0.014224045,0.32947495755621153,0
16,2026-07-18 08:15:00,-0.04575534773316725,0.5156119756909844,0.08656284,0.015291638,0.2654518067160068,0
16,2026-07-18 09:15:00,-0.13613328909162198,0.15447340599669926,0.08146845,0.014037874,0.08425563979632612,0
16,2026-07-18 11:00:00,-0.09165834491944436,0.3321895332303372,0.09457844,0.017264329,0.17472693106366827,0
16,2026-07-18 13:00:00,-0.14438725672863628,0.12149161838425757,0.09292618,0.016857697,0.06917465754068673,0
16,2026-07-18 13:30:00,-0.09859347059862344,0.304477667582774,0.0862487,0.015214326,0.15984599672145836,0
16,2026-07-18 14:00:00,-0.12037707767142436,0.2174331898838172,0.08700643,0.015400806,0.11641699816286016,0
16,2026-07-18 15:00:00,-0.09208378071797113,0.33048954677935866,0.085772954,0.015097241,0.17279339384837164,0
16,2026-07-18 16:00:00,-0.13609193967301936,0.15463863292782193,0.08342385,0.014519111,0.08457887209057155,0
16,2026-07-18 16:45:00,-0.05753401009195036,0.468545963639528,0.0873673,0.015489621,0.24201779236371837,0
16,2026-07-18 17:15:00,-0.14386800945766842,0.12356646335125296,0.08132912,0.014003585,0.06878502422198816,0
16,2026-07-18 18:15:00,-0.0336183968729129,0.5641096622751239,0.08369792,0.014586562,0.2893481122829558,0
16,2026-07-18 18:45:00,-0.003088508472322782,0.6861031494490143,0.094099164,0.017146375,0.3516247622396467,1
16,2026-07-18 19:15:00,0.025057380364924775,0.7985704825689786,0.099033564,0.018360764,0.4084656231786009,0
16,2026-07-18 19:30:00,-0.06301553941967031,0.44664248109284493,0.090255715,0.016200477,0.23142147917510794,0
16,2026-07-18 20:45:00,-0.12490864986172268,0.19932561324871786,0.09649027,0.017734842,0.10853022781181935,0
16,2026-07-18 21:00:00,-0.03964481396164643,0.5400288786780009,0.092055544,0.016643427,0.2783361529951875,0
16,2026-07-18 21:45:00,-0.07476141948475246,0.399707462848954,0.09733103,0.01794176,0.2088246113741063,0
16,2026-07-18 22:45:00,-0.07720959032943797,0.38992488865078356,0.10040248,0.018697664,0.20431127639621927,0
16,2026-07-18 23:15:00,-0.08172472593703273,0.3718829904752619,0.08724411,0.015459302,0.19367114617837702,0
16,2026-07-19 00:15:00,-0.08622765413852007,0.3538898715163836,0.08594432,0.015139415,0.18451464322261857,0
16,2026-07-19 00:30:00,-0.0974603370303021,0.30900552283135857,0.08469069,0.014830888,0.1619182055401693,0
16,2026-07-19 00:45:00,-0.08897245686222699,0.3429219946779303,0.07420735,0.0122508705,0.1775864325720813,0
16,2026-07-19 01:45:00,-0.1023692551548383,0.2893901206259673,0.063201435,0.009542242,0.14946618115925517,0
16,2026-07-19 02:15:00,-0.0445708961394804,0.5203448911345842,0.06897476,0.010963096,0.2656539937089802,0
16,2026-07-19 03:30:00,-0.10079478711260609,0.2956814913769997,0.0671034,0.010502541,0.1530920164073724,0
16,2026-07-19 03:45:00,0.004655507235002743,0.7170472350765189,0.060936708,0.008984877,0.36301605593656106,0
16,2026-07-19 06:15:00,-0.1050609054333419,0.27863463408704897,0.05669763,0.007941613,0.1432881235304291,0
16,2026-07-19 07:45:00,-0.11183249217058,0.2515762489093234,0.054247815,0.007338697,0.12945747300003418,0
16,2026-07-19 08:15:00,-0.12554000815362448,0.19680278713567634,0.049444657,0.006156608,0.10147969756617436,0
16,2026-07-19 08:30:00,-0.13527836861708104,0.15788955768966093,0.059194956,0.008556221,0.08322288918506808,0
16,2026-07-19 08:45:00,0.03647348734168465,0.8441877701846843,0.10879213,0.020762412,0.4324750910310986,1
16,2026-07-19 09:00:00,-0.004381640592074798,0.6809359606733729,0.103245124,0.019397257,0.35016660878463635,0
16,2026-07-19 09:30:00,-0.09831215826954037,0.30560175528200023,0.10428176,0.01965238,0.16262706747934993,0
16,2026-07-19 10:45:00,-0.12348176882793999,0.20502724539389372,0.10860582,0.020716557,0.11287190133656144,0
16,2026-07-19 11:00:00,-0.150987177628021,0.09511918770179831,0.103742376,0.019519633,0.05731941019200128,0
16,2026-07-19 12:30:00,-0.14305974809929228,0.12679617124806614,0.09852278,0.018235058,0.07251561442022905,0
16,2026-07-19 13:15:00,-0.08109308861048281,0.3744069315746839,0.09379969,0.017072672,0.19573980179952657,0
16,2026-07-19 16:00:00,-0.008559057644315637,0.6642435421851126,0.09629575,0.01768697,0.34096525635852654,0
16,2026-07-19 16:45:00,-0.11901008083019005,0.22289553253734107,0.074296825,0.01227289,0.1175842111316025,0
16,2026-07-19 18:15:00,-0.137534766631903,0.14887328292741664,0.0671071,0.01050345,0.07968836666799728,0
16,2026-07-19 18:30:00,-0.12367611779567789,0.20425065204406234,0.066563986,0.010369788,0.10731021998402701,0
16,2026-07-19 20:00:00,-0.10867515586677196,0.26419255660191293,0.06592575,0.010212713,0.13720263476155756,0
16,2026-07-19 21:15:00,-0.107171630450072,0.27020044979271346,0.0516443,0.0066979546,0.1384492022013518,0
16,2026-07-19 21:45:00,-0.005045498128595449,0.6782832717803058,0.06584326,0.010192413,0.34423784233167454,0
16,2026-07-19 22:15:00,-0.054553566330403314,0.4804554316017418,0.07883673,0.013390191,0.24692281125055696,0
16,2026-07-19 23:00:00,-0.0043769240931053055,0.6809548071935104,0.065093175,0.010007812,0.34548130945187444,0
16,2026-07-20 00:00:00,0.024433833815946326,0.7960788711707641,0.081311844,0.013999333,0.4050391019223059,0
16,2026-07-20 02:45:00,-0.098672777297939,0.30416076826500354,0.102678314,0.019257762,0.16170926490151613,0
16,2026-07-20 03:00:00,-0.002763256150409954,0.6874028156790678,0.105159774,0.019868465,0.35363564040976486,0
16,2026-07-20 04:00:00,0.014617496068265123,0.756854054577816,0.10927174,0.020880448,0.38886725113921783,0
16,2026-07-20 04:15:00,-0.10942987787206288,0.26117678503851177,0.10250667,0.019215517,0.14019615089227797,0
16,2026-07-20 05:00:00,-0.11930250355083671,0.22172704914976754,0.103727765,0.019516038,0.12062154346341689,0
16,2026-07-20 06:00:00,-0.03493182004000961,0.5588613930975004,0.112395234,0.02164916,0.2902552762942813,0
16,2026-07-20 07:00:00,-0.105345692998002,0.277496659795732,0.071968414,0.0116998525,0.14459825616468525,0
16,2026-07-20 07:15:00,-0.13761543104152418,0.14855095837478838,0.06923977,0.011028317,0.07978963758903246,0
16,2026-07-20 08:00:00,-0.07211843898410808,0.41026847124752935,0.07490946,0.012423664,0.21134606778948276,0
16,2026-07-20 08:30:00,-0.060402947848691046,0.4570820592571304,0.05640694,0.007870072,0.2324760654123627,0
16,2026-07-20 08:45:00,-0.11694518738693271,0.23114657978914152,0.050757706,0.0064797583,0.118813169046377,0
16,2026-07-20 09:15:00,-0.10880631167352595,0.2636684749538217,0.06665429,0.010392011,0.13703024304854441,0
16,2026-07-20 11:15:00,-0.1311828350409549,0.17425478039318457,0.066507235,0.010355821,0.09230530063626237,0
16,2026-07-20 13:00:00,-0.1329859465867952,0.1670497797605485,0.05712479,0.008046739,0.08754825928196759,0
16,2026-07-20 13:30:00,-0.13136924214620732,0.17350992169912877,0.059928276,0.008736696,0.09112330889670164,0
16,2026-07-20 14:30:00,-0.13841275683377735,0.14536494758646304,0.047625113,0.0057088067,0.07553687713442055,0
16,2026-07-20 15:15:00,-0.12299537715043946,0.20697080365693346,0.04550508,0.005187053,0.10607892821232863,0
16,2026-07-20 16:15:00,-0.06560326243536907,0.43630227446047726,0.051561072,0.006677472,0.22148987324654193,0
16,2026-07-20 16:30:00,-0.11066293399071886,0.256249652196682,0.054254107,0.0073402454,0.13179494880560363,0
16,2026-07-20 17:30:00,-0.06427419349827956,0.44161306211232176,0.05902441,0.008514249,0.2250636554391634,0
16,2026-07-20 19:00:00,-0.10505089474326235,0.27867463551043437,0.061528105,0.009130424,0.14390252969949924,0
16,2026-07-20 22:30:00,-0.06712242285601988,0.4302319058151675,0.07355186,0.0120895505,0.2211607281551576,0
16,2026-07-20 23:15:00,0.0019930179235275736,0.7064082719919441,0.08481489,0.014861455,0.3606348635895728,0
16,2026-07-20 23:30:00,-0.03097187992741901,0.5746848018501297,0.088732146,0.015825517,0.29525515966286736,0
16,2026-07-20 23:45:00,0.015290794039622857,0.7595444662280416,0.09892416,0.01833384,0.3889391527403164,0
16,2026-07-21 00:00:00,0.003134630775601277,0.7109700093622094,0.097021185,0.017865505,0.36441775721585185,0
16,2026-07-21 00:30:00,-0.07855469889794586,0.3845500087053794,0.09230486,0.016704787,0.20062739763712975,0
16,2026-07-21 00:45:00,-0.05897103839278672,0.4628037843270347,0.10291414,0.0193158,0.24105979201263414,0
16,2026-07-21 01:00:00,-0.10965126857123791,0.26029213642578686,0.09943569,0.01845973,0.13937593313803953,0
16,2026-07-21 05:15:00,-0.11140293795268469,0.2532926920316733,0.09405667,0.017135918,0.13521430508604235,0
16,2026-07-21 06:00:00,-0.14090720530366252,0.1353974539807221,0.085429564,0.01501273,0.07520509194685919,0
16,2026-07-21 06:45:00,-0.12261381556118117,0.20849547443969105,0.071356945,0.011549367,0.11002242053887772,0
16,2026-07-21 07:30:00,-0.13466477724392062,0.16034138949230217,0.0732141,0.012006424,0.086173906929865,0
16,2026-07-21 07:45:00,-0.1457363725081256,0.1161007261418201,0.05447626,0.007394919,0.06174782265687473,0
16,2026-07-21 09:00:00,-0.043346836072570394,0.525236076916638,0.053044222,0.007042485,0.26613928087012617,0
16,2026-07-21 09:45:00,-0.09580553216100673,0.3156179091574669,0.066214465,0.010283768,0.1629508386672497,0
16,2026-07-21 10:00:00,-0.1252557811433992,0.19793852152393968,0.05856334,0.0084007755,0.1031696485080655,0
16,2026-07-21 11:30:00,-0.14041298309061273,0.1373723020514925,0.059536204,0.008640205,0.07300625330388942,0
16,2026-07-21 12:00:00,-0.1493499432580782,0.10166136458399114,0.05703226,0.008023967,0.05484266580955295,0
16,2026-07-21 12:45:00,-0.16178374001057538,0.05197752019040325,0.06438583,0.00983373,0.030905625008158577,0
16,2026-07-21 15:15:00,-0.1510117189907617,0.09502112358897039,0.06737949,0.010570489,0.05279580622955714,0
16,2026-07-21 15:30:00,-0.16361758197730625,0.04464972476868794,0.06398043,0.009733958,0.027191841469252933,0
16,2026-07-21 16:00:00,-0.15398982147955642,0.0831210110499974,0.057264693,0.008081171,0.0456010908901451,0
16,2026-07-21 16:15:00,-0.15398982147955642,0.0831210110499974,0.050318513,0.00637167,0.04474634049346129,0
16,2026-07-21 16:30:00,-0.1379935388454812,0.14704008847159253,0.03394618,0.0023423312,0.07469120984739118,0
16,2026-07-21 16:45:00,-0.0370894981977794,0.5502395901216276,0.04680152,0.0055061146,0.27787285234509446,0
16,2026-07-21 17:00:00,-0.11619973316539572,0.23412531848679224,0.050503455,0.0064171855,0.12027125201029201,0
16,2026-07-21 18:15:00,-0.07599183688980926,0.3947908739655361,0.055135146,0.007557075,0.20117397448528038,0
16,2026-07-21 18:45:00,-0.11431467936567286,0.24165774977252663,0.051250182,0.0066009597,0.12412935473233849,0
16,2026-07-21 19:30:00,-0.036741071866301045,0.5516318566979911,0.056517106,0.007897183,0.27976451999852786,0
16,2026-07-21 19:45:00,-0.1261816461938311,0.19423888447736487,0.07504239,0.012456379,0.10334763168843977,0
16,2026-07-21 20:00:00,-0.10288533963360086,0.2873279137677416,0.080203444,0.013726548,0.1505272310297422,0
16,2026-07-21 21:30:00,-0.11439862394200007,0.24132231809779792,0.07219727,0.011756177,0.126539247579052,0
16,2026-07-21 22:30:00,-0.09200465086163195,0.3308057394554576,0.07338152,0.012047628,0.17142668369811578,0
16,2026-07-21 23:15:00,-0.08352954235107535,0.364671177409693,0.067938834,0.010708147,0.18768966206913412,0
16,2026-07-22 00:30:00,0.01656725000381276,0.7646450192419343,0.08493988,0.014892217,0.38976861800688767,0
16,2026-07-22 01:00:00,0.009640721609647684,0.7369675072338382,0.08938893,0.015987156,0.37647733159642416,0
16,2026-07-22 01:15:00,-0.07457208324832132,0.4004640259725246,0.087636136,0.015555782,0.20800990410806702,0
16,2026-07-22 01:30:00,-0.0671323524297589,0.43019222852219224,0.081843585,0.014130197,0.222161212993806,0
16,2026-07-22 02:00:00,0.007245858795428606,0.7273979450338004,0.09039138,0.016233867,0.37181590603405823,0
16,2026-07-22 04:45:00,-0.10190395425569293,0.29124940286529555,0.08505036,0.014919406,0.15308440433418996,0
16,2026-07-22 05:30:00,-0.00934088941207345,0.661119443515618,0.09724817,0.017921366,0.33952040465656885,0
16,2026-07-22 06:15:00,-0.09196607428754738,0.33095988645835683,0.08907824,0.015910693,0.17343528948567294,0
16,2026-07-22 06:45:00,-0.13046860315850828,0.1771087586602244,0.081934415,0.014152551,0.09563065486504005,0
16,2026-07-22 07:00:00,-0.12574902656980813,0.19596757656630806,0.07833484,0.013266671,0.10461712400762703,0
16,2026-07-22 08:30:00,-0.14913092595633204,0.10253652940742086,0.07604583,0.012703333,0.057619931228716725,0
16,2026-07-22 09:00:00,-0.16042109197407134,0.057422485582434284,0.06986526,0.011182252,0.03430236895005065,0
16,2026-07-22 09:45:00,-0.15498661681405673,0.07913794575808475,0.07476285,0.012387582,0.04576276392950629,0
16,2026-07-22 10:15:00,-0.17024461440195138,0.018168959936240195,0.068038605,0.010732701,0.01445083049224758,0
16,2026-07-22 10:30:00,-0.1483563311957976,0.10563170993164424,0.05089593,0.006513776,0.05607274286180856,0
16,2026-07-22 10:45:00,-0.04014264338099938,0.5380396166771793,0.04003672,0.003841253,0.2709404348373484,0
16,2026-07-22 11:00:00,-0.1345298329877968,0.16088060929430817,0.03975063,0.003770844,0.08232572668693112,0
16,2026-07-22 11:45:00,-0.10625669166615387,0.27385642689083656,0.059618928,0.008660563,0.141258495079302,0
16,2026-07-22 13:00:00,-0.15228226873642275,0.08994417106076874,0.056311954,0.007846694,0.04889543275020916,0
16,2026-07-22 13:15:00,-0.17089072316146509,0.0155871928615479,0.06074183,0.0089369165,0.012262054669763066,0
16,2026-07-22 14:45:00,-0.16055066420427,0.05690473170153484,0.05462178,0.007430732,0.03216773174304359,0
16,2026-07-22 17:15:00,-0.022926227960580747,0.6068341869753993,0.06903663,0.0109783225,0.30890625472577393,0
16,2026-07-22 18:15:00,-0.0803510350122073,0.3773720818214111,0.0742688,0.012265994,0.19481903801746628,0
16,2026-07-22 20:00:00,-0.010042579566556742,0.658315580372137,0.07175779,0.011648018,0.33498179914262005,0
16,2026-07-22 22:30:00,-0.07293138366881158,0.407020049384168,0.08326278,0.01447947,0.21074975991171163,0
16,2026-07-22 22:45:00,-0.029770849387246945,0.579483964620574,0.09238073,0.016723458,0.298103711172215,0
16,2026-07-22 23:00:00,-0.05756208033625987,0.4684337985721616,0.09309201,0.01689851,0.24266615384357115,0
16,2026-07-23 00:00:00,-0.09958233993839971,0.30052627354111355,0.089784026,0.016084392,0.1583053325824245,0
16,2026-07-23 00:15:00,0.06710630425222208,0.9665925463778244,3.9979014,0.9778977,0.972245125012719,1
16,2026-07-23 02:45:00,-0.11502712834048034,0.2388108957739202,4.025877,0.98478264,0.6117967659697695,0
16,2026-07-23 03:00:00,-0.07313315187289027,0.40621380972507065,3.558986,0.86987776,0.638045782683504,0
16,2026-07-23 03:45:00,-0.09888490095313951,0.3033131495619662,3.0873077,0.7537946,0.5285538800311509,0
16,2026-07-23 04:00:00,-0.10609118327980982,0.27451777700590096,2.5976589,0.63328886,0.45390331866347294,0
16,2026-07-23 04:15:00,-0.12779785261541343,0.1877807325583473,2.0878856,0.5078303,0.34780552717356755,0
16,2026-07-23 05:15:00,-0.13581045129352542,0.15576342410173033,1.5631859,0.37869826,0.2672308418468933,0
16,2026-07-23 08:30:00,-0.15758949329688154,0.06873718783010713,1.0454888,0.2512896,0.16001339696223374,0
16,2026-07-23 09:00:00,-0.06022953093335226,0.45777501083165073,0.5515201,0.12972067,0.29374784189835024,0
16,2026-07-23 10:15:00,-0.1629578635783548,0.04728587420313227,0.052188363,0.0068318523,0.02705886322832936,0
16,2026-07-23 11:45:00,-0.1629097051719735,0.04747830896915901,0.046670925,0.0054739746,0.02647614179783517,0
16,2026-07-23 12:15:00,-0.17272718116214425,0.008248944106373562,0.043781184,0.00476279,0.006505867136107571,0
16,2026-07-23 13:00:00,-0.1722342190617504,0.010218756929876978,0.03434924,0.0024415273,0.006330142125905839,0
16,2026-07-23 13:15:00,-0.06439748813940915,0.44112039266578157,0.055773154,0.007714093,0.22441724293145934,0
16,2026-07-23 14:00:00,-0.06743009593138938,0.4290024839816729,0.07297543,0.011947686,0.22047508491715986,0
16,2026-07-23 15:30:00,-0.16435072313317384,0.041720187489630765,0.07484602,0.012408052,0.027064119564713034,0
16,2026-07-23 16:45:00,-0.15226917821029168,0.08999647911085779,0.062461063,0.009360031,0.04967825516782251,0
16,2026-07-23 17:15:00,-0.06562351821079115,0.43622133500053795,0.07524285,0.012505713,0.22436352395973758,0
16,2026-07-23 17:30:00,-0.1044264495371891,0.2811698378262221,0.08633105,0.015234591,0.14820221463279423,0
16,2026-07-23 17:45:00,-0.13388847747798688,0.16344338299767974,0.08583428,0.015112334,0.08927785846435429,0
16,2026-07-23 18:30:00,-0.15060426085624412,0.09664927361870349,0.080824,0.013879271,0.0552642724214223,0
16,2026-07-23 18:45:00,-0.16828109882829095,0.02601491432716574,0.07961774,0.013582402,0.019798658118049928,0
16,2026-07-23 19:00:00,-0.051430134266261196,0.49293626233573407,0.07962158,0.013583348,0.253259805234202,0
16,2026-07-23 19:15:00,-0.13800266115985538,0.14700363688267748,0.07420893,0.012251259,0.0796274478552117,0
16,2026-07-23 20:15:00,-0.1438633387202688,0.12358512701407338,0.06983096,0.011173812,0.06737946937762332,0
16,2026-07-23 20:30:00,-0.0550984608493158,0.47827810354761147,0.08293211,0.01439809,0.24633809657882583,0
16,2026-07-23 20:45:00,-0.11934650752941206,0.22155121494017285,0.073447436,0.01206385,0.11680753232877573,0
16,2026-07-23 22:00:00,-0.09300432314477292,0.3268111782487061,0.063335314,0.009575191,0.16819318460130822,0
16,2026-07-23 22:15:00,-0.10413937860445427,0.282316936161174,0.06276452,0.009434714,0.14587582507160982,0
16,2026-07-23 22:30:00,-0.09680546744500357,0.31162229703329586,0.059283096,0.008577912,0.16010010457392823,0
16,2026-07-24 00:45:00,-0.10422935533791,0.2819574007663912,0.058743253,0.008445054,0.14520122752953502,0
16,2026-07-24 01:00:00,-0.12240716209693481,0.20932123496685667,0.048251312,0.005862918,0.1075920765917959,0
16,2026-07-24 01:15:00,-0.012053027461549015,0.6502820904925352,0.06969158,0.01113951,0.3307108003459814,0
16,2026-07-24 01:45:00,-0.0029565755192755283,0.6866303364732247,0.0816892,0.014092202,0.35036126938578394,0
16,2026-07-24 03:15:00,-0.043182030030097907,0.52589462055639,0.07421959,0.012253882,0.2690742514599143,0
16,2026-07-24 03:30:00,-0.04298849863501719,0.5266679469915783,0.06398268,0.009734511,0.26820122918350275,0
16,2026-07-24 03:45:00,-0.031754796667110785,0.5715563677730512,0.06099565,0.008999383,0.2902778754250383,0
16,2026-07-24 04:00:00,-0.08225834452087277,0.3697507195999389,0.07065502,0.0113766175,0.1905636685381415,0
16,2026-07-24 05:00:00,-0.11508907631972731,0.238563359657425,0.08064992,0.0138364285,0.12619989409024435,0
16,2026-07-24 05:45:00,-0.13248969391313142,0.16903274128943635,0.082394056,0.014265672,0.09164920679658628,0
16,2026-07-24 06:30:00,-0.1520766778344979,0.09076568572626462,0.07439493,0.012297033,0.05153135952927644,0
16,2026-07-24 07:00:00,-0.16188331610665352,0.05157962698357779,0.057751406,0.008200953,0.02989028988340238,0
16,2026-07-24 07:15:00,-0.09140315225224677,0.333209250137394,0.06906079,0.010984267,0.1720967586227682,0
16,2026-07-24 07:45:00,-0.11825775516855769,0.22590172862127963,0.07582284,0.012648452,0.11927509034730764,0
16,2026-07-24 10:45:00,-0.05726460796412103,0.46962245971428374,0.0814648,0.014036975,0.2418297172919761,0
16,2026-07-24 12:30:00,-0.15266162652262244,0.08842830639012775,0.07737715,0.013030978,0.050729642154912755,0
16,2026-07-24 14:00:00,-0.16411248292289365,0.04267216457044311,0.06812492,0.010753944,0.02671305407765124,0
16,2026-07-24 15:15:00,-0.09596964322214391,0.3149621425732843,0.08003304,0.013684611,0.1643233767047461,0
16,2026-07-24 16:15:00,-0.13107486525198603,0.1746862137116728,0.07589216,0.012665512,0.09367586287596513,0
16,2026-07-24 16:45:00,-0.17255199828216483,0.0089489522472956,0.07613719,0.012725817,0.010837384643452278,0
16,2026-07-24 18:45:00,-0.13934079296766338,0.14165663517108112,0.076541,0.012825197,0.07724091588999107,0
16,2026-07-24 19:15:00,-0.16431252355817472,0.04187282805292261,0.07550521,0.012570282,0.027221555248640242,0
16,2026-07-24 19:30:00,-0.04829629496271093,0.5054586790529634,0.07346354,0.0120678125,0.2587632457739485,0
16,2026-07-24 20:45:00,-0.1326754181683361,0.16829061117589306,0.070150696,0.011252501,0.08977155611202037,0
16,2026-07-24 21:15:00,-0.04665666363351606,0.5120104338744509,0.06728662,0.010547632,0.2612790331129843,0
16,2026-07-24 21:30:00,-0.0822939963351802,0.369608259558999,0.07929262,0.013502387,0.19155532344446752,0
16,2026-07-24 22:00:00,0.011643706152151378,0.7449711745217508,0.08534972,0.014993081,0.3799821276955339,0
16,2026-07-24 23:00:00,0.027152647503429606,0.8069428991803057,0.07465068,0.012359977,0.4096514379743997,0
16,2026-07-24 23:15:00,-0.06778386208799037,0.42758888015444685,0.087651,0.0155594405,0.22157416031656468,0
16,2026-07-24 23:45:00,0.023501730976602575,0.7923543087261129,0.10026731,0.018664397,0.4055093530127013,0
16,2026-07-25 00:30:00,-0.1129222238971529,0.24722182180941688,0.098997064,0.01835178,0.1327868010300427,0
16,2026-07-25 00:45:00,0.001605946368347544,0.7048615840976864,0.10222049,0.019145088,0.3620033361839965,0
16,2026-07-25 01:30:00,-0.08281039981562932,0.36754477801127394,0.10092878,0.01882719,0.19318598431698064,0
16,2026-07-25 04:30:00,-0.11792339122547374,0.2272378037115913,0.09515904,0.017407218,0.12232251085296181,0
17,2026-07-18 00:30:00,-0.1016194944411643,0.2923860675094583,,,0.2923860675094583,0
17,2026-07-18 02:45:00,-0.09878393989140127,0.30371657691252235,,,0.30371657691252235,0
17,2026-07-18 03:00:00,-0.11348755853272569,0.24496281769159076,,,0.24496281769159076,0
17,2026-07-18 04:45:00,-0.03820785999391796,0.5457707609650048,,,0.5457707609650048,0
17,2026-07-18 06:00:00,-0.03664496621593183,0.5520158824524196,,,0.5520158824524196,0
17,2026-07-18 07:30:00,-0.14915370848461762,0.10244549336969522,,,0.10244549336969522,0
17,2026-07-18 08:00:00,-0.16366666072105301,0.044453612453529065,,,0.044453612453529065,0
17,2026-07-18 09:15:00,-0.15733374626168406,0.06975911992002337,,,0.06975911992002337,0
17,2026-07-18 17:30:00,-0.15607043404498266,0.07480715221816311,,,0.07480715221816311,0
17,2026-07-18 18:30:00,-0.0889389031690444,0.3430560708980984,0.075411245,0.012547157,0.177801613835803,0
17,2026-07-18 19:15:00,-0.06973849809234556,0.41977840737452277,0.07100653,0.011463127,0.21562076723675017,0
17,2026-07-18 20:15:00,-0.10466423953460935,0.280219659737795,0.06465359,0.0098996265,0.1450596431118992,0
17,2026-07-18 20:30:00,0.04260517646104556,0.8686892072067265,0.13503842,0.027221795,0.44795550118911287,1
17,2026-07-18 20:45:00,-0.056281054026829924,0.4735526140947836,0.124794215,0.024700629,0.24912662134417382,0
17,2026-07-18 21:00:00,-0.0013118563054891341,0.6932024218237831,0.11098995,0.02130331,0.35725286547573576,0
17,2026-07-18 21:15:00,0.07009519895206118,0.978535783196924,0.13666512,0.027622137,0.503078960207819,1
17,2026-07-18 22:00:00,-0.03151075301602979,0.5725315346530402,0.14322497,0.029236559,0.3008840467389089,0
17,2026-07-18 23:45:00,0.007418760149192516,0.7280888364909187,0.14436029,0.029515969,0.3788024025632985,0
17,2026-07-19 01:00:00,-0.018860048228162785,0.6230821155143019,0.14528367,0.029743219,0.3264126671543835,0
17,2026-07-19 01:15:00,-0.06090748572182181,0.45506599114227514,0.16448149,0.034467924,0.24476695776426902,0
17,2026-07-19 04:45:00,-0.09103769013501173,0.3346695895112711,0.1453196,0.02975206,0.1822108251411298,0
17,2026-07-19 05:00:00,-0.042965122595051364,0.5267613546252495,0.12319653,0.024307428,0.2755343912765506,0
17,2026-07-19 06:30:00,-0.1050609054333419,0.27863463408704897,0.114060804,0.022059066,0.15034685015408347,0
17,2026-07-19 07:15:00,-0.1300262355803195,0.17887640231380797,0.09060552,0.016286567,0.09758148458366561,0
17,2026-07-19 08:15:00,-0.06758602719036655,0.42837940282944464,0.09669218,0.017784534,0.22308196842582834,0
17,2026-07-19 08:30:00,-0.01130742431844789,0.6532614242615037,0.10153648,0.018976748,0.3361190861255791,0
17,2026-07-19 10:00:00,-0.12348176882793999,0.20502724539389372,0.0867799,0.015345057,0.11018615096757889,0
17,2026-07-19 10:30:00,-0.07593086806404648,0.39503449751129255,0.092359535,0.016718242,0.20587636991436534,0
17,2026-07-19 11:45:00,-0.14164320027549826,0.1324565132219948,0.083613686,0.014565831,0.07351117213613578,0
17,2026-07-19 12:00:00,-0.0796026898790031,0.3803623722283497,0.079194024,0.013478123,0.19692024743996334,0
17,2026-07-19 12:15:00,-0.12081211435788364,0.21569483952585403,0.0740617,0.012215024,0.11395493169309469,0
17,2026-07-19 12:45:00,-0.025935472279365657,0.5948096357097715,0.08223395,0.014226269,0.30451795234334916,0
17,2026-07-19 14:45:00,-0.14451828284718848,0.12096805495345467,0.08235144,0.014255184,0.06761161935117778,0
17,2026-07-19 17:30:00,-0.06979588944949333,0.4195490789308602,0.074196145,0.012248112,0.21589859540981324,0
17,2026-07-19 18:00:00,-0.09724878029910444,0.3098508761793719,0.08038626,0.01377154,0.1618112078666859,0
17,2026-07-19 20:00:00,-0.01870818920582451,0.623688924535376,0.08226251,0.014233298,0.31896111110188674,0
17,2026-07-19 21:15:00,-0.107171630450072,0.27020044979271346,0.070054315,0.01122878,0.14071461502744284,0
17,2026-07-19 21:30:00,-0.02683104396019753,0.5912310470518205,0.08006441,0.013692331,0.3024616888104247,0
17,2026-07-19 22:15:00,-0.010146501790829432,0.6579003205989093,0.094556525,0.017258935,0.33757962763777827,0
17,2026-07-19 22:30:00,-0.04225095525573841,0.5296150749862714,0.09507172,0.017385727,0.2735004008904359,0
17,2026-07-20 00:00:00,0.024433833815946326,0.7960788711707641,0.110167496,0.021100897,0.4085898842563654,0
17,2026-07-20 01:15:00,-0.09437793291103447,0.32132241120168603,0.11526839,0.02235626,0.17183933588479477,0
17,2026-07-20 02:45:00,-0.07510453635144243,0.3983364122074822,0.107069224,0.020338392,0.2093374020463218,0
17,2026-07-20 03:30:00,-0.04477507035984607,0.5195290373454515,0.12777224,0.02543354,0.2724812888448449,0
17,2026-07-20 04:45:00,0.014465471657841289,0.7562465846873332,0.11898453,0.023270827,0.38975870573704485,0
17,2026-07-20 05:15:00,-0.08903844044014342,0.34265833283087027,0.10798583,0.020563975,0.18161115390370494,0
17,2026-07-20 07:30:00,-0.105345692998002,0.277496659795732,0.10516168,0.019868935,0.14868279716138577,0
17,2026-07-20 07:45:00,-0.03853092548207304,0.5444798330399354,0.11582403,0.022493007,0.28348641985073486,0
17,2026-07-20 08:15:00,-0.13255842824552866,0.16875808778308596,0.081657976,0.014084518,0.091421302869433,0
17,2026-07-20 09:15:00,-0.14046730104279453,0.1371552545367471,0.074304946,0.012274889,0.07471507190608936,0
17,2026-07-20 09:30:00,-0.14046730104279453,0.1371552545367471,0.06645782,0.010343661,0.07374945756861526,0
17,2026-07-20 10:45:00,-0.012172995682863785,0.6498027129895386,0.082009345,0.014170992,0.33198685258884714,0
17,2026-07-20 11:15:00,-0.0672815990210004,0.42959585843804826,0.079069965,0.013447591,0.22152172477083082,0
17,2026-07-20 12:30:00,-0.06618241986429385,0.4339880362474141,0.06091962,0.008980673,0.22148435452695775,0
17,2026-07-20 13:30:00,-0.06724030095812372,0.42976088015832925,0.05644438,0.007879286,0.21882008311573875,0
17,2026-07-20 13:45:00,-0.11521394153531644,0.23806441439838688,0.07116704,0.011502629,0.12478352177218338,0
17,2026-07-20 14:15:00,-0.0825066310110173,0.3687585988835621,0.06869469,0.010894167,0.18982638306027294,0
17,2026-07-20 14:45:00,-0.022630913723036605,0.6080142244906825,0.075167425,0.012487151,0.31025068760969254,0
17,2026-07-20 15:45:00,-0.06672286338421096,0.4318284938098484,0.07802188,0.01318965,0.22250907197527556,0
17,2026-07-20 16:30:00,-0.11066293399071886,0.256249652196682,0.07790144,0.013160009,0.13470483056690122,0
17,2026-07-20 17:00:00,-0.14067858328125343,0.1363109980262317,0.076060034,0.012706827,0.07450891269927212,0
17,2026-07-20 17:30:00,-0.0757604345882893,0.39571552764694096,0.0869105,0.015377198,0.20554636299645007,0
17,2026-07-20 17:45:00,-0.09192892168326938,0.33110834346199847,0.085546575,0.015041527,0.17307493540016222,0
17,2026-07-20 20:45:00,-0.11231173069105899,0.24966127373698846,0.071967244,0.011699565,0.13068041924597568,0
17,2026-07-20 21:15:00,-0.020960786977961887,0.6146878350516076,0.07275419,0.011893238,0.31329053649628735,0
17,2026-07-20 23:15:00,-0.03931521204341848,0.5413459253326179,0.067707196,0.01065114,0.2759985324375392,0
17,2026-07-21 00:00:00,-0.03796164232646415,0.5467546149333649,0.07786015,0.013149847,0.27995223110493683,0
17,2026-07-21 00:15:00,-0.06356049400865094,0.4444649130064881,0.077644296,0.013096725,0.22878081882167042,0
17,2026-07-21 00:30:00,-0.07855469889794586,0.3845500087053794,0.08305491,0.014428312,0.19948916033214423,0
17,2026-07-21 00:45:00,0.0069582408153570086,0.7262486607684125,0.084397875,0.014758825,0.3705037430352683,0
17,2026-07-21 02:30:00,-0.10447535346081349,0.28097442406967166,0.07794979,0.013171909,0.14707316672332527,0
17,2026-07-21 03:00:00,-0.10788989789065268,0.26733034595708305,0.07693847,0.012923017,0.14012668155064312,0
17,2026-07-21 04:30:00,-0.006305522039353528,0.6732483791276065,0.088768765,0.015834529,0.34454145404022174,0
17,2026-07-21 05:00:00,-0.012190703724741625,0.6497319539434735,0.093228586,0.01693212,0.33333203724508603,0
17,2026-07-21 06:00:00,-0.06665030584450904,0.4321184243583277,0.093312606,0.0169528,0.22453561199573652,0
17,2026-07-21 06:45:00,-0.06665030584450904,0.4321184243583277,0.080105826,0.013702524,0.22291047412646786,0
17,2026-07-21 07:00:00,-0.1282561191069363,0.18594955890247708,0.08178823,0.014116573,0.1000330660249764,0
17,2026-07-21 07:45:00,-0.08824882108246163,0.3458135497029289,0.07666877,0.012856641,0.17933509527795832,0
17,2026-07-21 10:30:00,-0.05910063344766492,0.46228593924166655,0.082829125,0.0143727455,0.23832934238524187,0
17,2026-07-21 12:15:00,-0.031388494016806434,0.5730200658084099,0.09199546,0.016628642,0.2948243537217947,0
17,2026-07-21 12:45:00,-0.08225862226293656,0.3697496097785582,0.08451822,0.014788441,0.1922690255692775,0
17,2026-07-21 13:15:00,-0.026487446262804082,0.5926040190306219,0.08696834,0.015391434,0.30399772632106703,0
17,2026-07-21 13:30:00,-0.13819683242578107,0.14622775360631457,0.078879096,0.013400617,0.07981418533095475,0
17,2026-07-21 15:00:00,-0.14185663465150494,0.13160365704806476,0.080057226,0.013690563,0.0726471099834235,0
17,2026-07-21 15:15:00,-0.16361758197730625,0.04464972476868794,0.0836484,0.014574374,0.029612049420470823,0
17,2026-07-21 15:30:00,-0.14014502707450643,0.13844301965075495,0.08178915,0.0141168,0.07627991002046944,0
17,2026-07-21 16:30:00,-0.09728084493764266,0.3097227500290591,0.06757391,0.010618337,0.1601705437295595,0
17,2026-07-21 18:00:00,-0.12694977901290044,0.19116952503584234,0.06832137,0.010802291,0.10098590818475886,0
17,2026-07-21 18:45:00,-0.13629693369086027,0.15381950333396086,0.061990928,0.009244327,0.08153191538368408,0
17,2026-07-21 19:45:00,0.040723873215325335,0.8611717626499187,0.10336633,0.019427085,0.4402994239726191,1
17,2026-07-21 20:30:00,0.007539025916409869,0.7285694029488755,0.11792623,0.023010373,0.37578988803220753,0
17,2026-07-21 21:15:00,-0.10475572488003515,0.2798540961246117,0.11668034,0.022703752,0.15127892402313273,0
17,2026-07-21 21:30:00,-0.02364773550360466,0.603951136109283,0.12972279,0.025913583,0.3149323596120131,0
17,2026-07-21 22:15:00,-0.047912742061061,0.506991306862603,0.12013553,0.023554096,0.2652727014305047,0
17,2026-07-21 22:45:00,-0.01961942120185256,0.6200477592824517,0.09824459,0.018166592,0.3191071758135467,0
17,2026-07-21 23:00:00,-0.048174458668821196,0.5059455211324668,0.082927786,0.014397026,0.2601712735860634,0
17,2026-07-22 00:30:00,-0.10666534882605372,0.2722234857106848,0.073022805,0.011959346,0.1420914158609829,0
17,2026-07-22 01:45:00,-0.03550276390940865,0.556579975206461,0.062545665,0.009380853,0.28298041400502444,0
17,2026-07-22 02:30:00,0.005749907471829241,0.7214203169398583,0.08446988,0.014776545,0.3680984307926435,0
17,2026-07-22 02:45:00,0.02596603068684511,0.8022013317859248,0.13017225,0.0260242,0.4141127659040727,1
17,2026-07-22 03:30:00,-0.014214062533102978,0.6416468737231594,0.15829785,0.03294609,0.3372964824342182,0
17,2026-07-22 03:45:00,-0.08569758692416835,0.35600795157834897,0.12937771,0.025828658,0.19091830462507908,0
17,2026-07-22 04:30:00,-0.11454125972251594,0.2407523639586742,0.13059838,0.026129073,0.13344071824536596,0
17,2026-07-22 05:00:00,-0.1378626725295239,0.14756301335188543,0.121162064,0.023806732,0.08568487274990874,0
17,2026-07-22 05:15:00,-0.13025089640105586,0.17797868671808223,0.11471278,0.022219522,0.10009910432146778,0
17,2026-07-22 05:45:00,-0.06436807608910233,0.4412379194164458,0.10985608,0.021024255,0.2311310872492285,0
17,2026-07-22 06:30:00,-0.12685726695978333,0.19153919124022828,0.09556497,0.01750712,0.10452315517224722,0
17,2026-07-22 07:45:00,-0.1480828411799367,0.1067245406784959,0.08017278,0.013719001,0.06022177076604701,0
17,2026-07-22 08:00:00,-0.06451638371461621,0.4406453013179608,0.07724864,0.012999351,0.2268223262271736,0
17,2026-07-22 09:00:00,-0.05118066190911086,0.49393312162335834,0.0708622,0.0114276055,0.25268036357400875,0
17,2026-07-22 09:15:00,-0.05991119229303332,0.45904705088384923,0.080635935,0.013832986,0.23644001861933855,0
17,2026-07-22 09:30:00,-0.14385964180418231,0.12359989941282118,0.0753357,0.012528563,0.06806423116556329,0
17,2026-07-22 10:00:00,-0.046596071948468265,0.5122525504146666,0.076144375,0.012727585,0.26249006755226106,0
17,2026-07-22 12:15:00,-0.15222436348579538,0.09017555295634014,0.08705689,0.015413226,0.052794389292387875,0
17,2026-07-22 12:30:00,-0.15275393100005102,0.08805946963135798,0.07332524,0.012033776,0.050046623005739845,0
17,2026-07-22 12:45:00,-0.0904082577016469,0.33718472014257206,0.084059864,0.014675639,0.17593017939050443,0
17,2026-07-22 13:45:00,-0.032667725151092175,0.5679084235735856,0.086860165,0.015364811,0.2916366171989899,0
17,2026-07-22 14:15:00,-0.14417002126799716,0.12235966320097824,0.08682093,0.015355155,0.06885740903645943,0
17,2026-07-22 16:15:00,-0.1488952493594078,0.1034782626206844,0.081531115,0.014053296,0.05876577945923651,0
17,2026-07-22 17:15:00,-0.05183535427590058,0.49131705556367167,0.077556744,0.013075178,0.25219611656071905,0
17,2026-07-22 17:30:00,-0.12851689099968966,0.18490754813137633,0.07811945,0.013213663,0.09906060574667147,0
17,2026-07-22 17:45:00,-0.03945255625809074,0.5407971156065168,0.08143684,0.014030095,0.2774136053981633,0
17,2026-07-22 18:30:00,-0.12881872720448467,0.18370144967811225,0.08277232,0.014358765,0.09903010756188094,0
17,2026-07-22 21:45:00,-0.004192718827124131,0.6816908676224901,0.08079527,0.013872201,0.34778153412282237,0
17,2026-07-22 23:45:00,-0.0817319128293863,0.3718542725825316,0.08810448,0.015671045,0.1937626585853103,0
17,2026-07-23 01:00:00,-0.09673017911704301,0.31192313945862293,0.090009354,0.016139846,0.16403149287687063,0
17,2026-07-23 02:15:00,-0.016118964032740934,0.634035133594456,0.09695831,0.01785003,0.3259425819040252,0
17,2026-07-23 03:00:00,-0.11870282028202311,0.2241233059654654,0.09402299,0.01712763,0.12062546766748135,0
17,2026-07-23 04:15:00,-0.0453096867238838,0.5173927794694506,0.09758441,0.018004118,0.2676984485015076,0
17,2026-07-23 04:45:00,-0.0010564686620762043,0.6942229178305901,0.10583238,0.020033998,0.3571284581227321,0
17,2026-07-23 05:00:00,-0.05256021544387335,0.4884206040458132,0.10729874,0.020394878,0.2544077412538851,0
17,2026-07-23 06:00:00,-0.12768078441768255,0.1882485219420149,0.094601974,0.01727012,0.10275932090139162,0
17,2026-07-23 06:45:00,-0.15408389894812757,0.08274508964783253,0.0766733,0.012857756,0.047801422646971056,0
17,2026-07-23 07:30:00,-0.08160411196075035,0.3723649483316264,0.07850085,0.013307529,0.1928362384509604,0
17,2026-07-23 08:30:00,-0.05695792787998066,0.4708479136831997,0.08053159,0.013807307,0.24232761034033887,0
17,2026-07-23 09:00:00,-0.036218635818196065,0.5537194436061844,0.087007515,0.015401075,0.2845602591344945,0
17,2026-07-23 09:15:00,-0.04718244798414373,0.5099094675822423,0.08363084,0.014570052,0.2622397596932136,0
17,2026-07-23 11:00:00,-0.1629097051719735,0.04747830896915901,0.0770429,0.012948717,0.030213512979904354,0
17,2026-07-23 11:15:00,-0.17265825561354536,0.008524361687945495,0.08017572,0.0137197245,0.011122043089592044,0
17,2026-07-23 12:15:00,-0.0940362115234683,0.3226878856889852,0.08967234,0.016056906,0.1693723960604493,0
17,2026-07-23 12:30:00,-0.14949480833541245,0.10108250246298259,0.08202699,0.014175334,0.05762891823849055,0
17,2026-07-23 13:00:00,-0.05030388021010923,0.49743662794306664,0.08872162,0.015822927,0.25662977723963454,0
17,2026-07-23 13:15:00,0.04331574675290528,0.8715285542311481,0.13685732,0.027669437,0.4495989957303907,1
17,2026-07-23 14:15:00,-0.13628717249657696,0.15385850780439905,0.13657051,0.027598854,0.09072868097937371,0
17,2026-07-23 16:00:00,-0.09061867946367036,0.3363439019846511,0.13974041,0.028378986,0.18236144390342593,0
17,2026-07-23 16:30:00,-0.08256647651566695,0.3685194639837519,0.14305958,0.029195856,0.19885766014336426,0
17,2026-07-23 16:45:00,-0.1362019242219772,0.15419914888888406,0.1572504,0.03268831,0.09344372869804406,0
17,2026-07-23 17:00:00,-0.12656970075069834,0.19268826863544652,0.15087192,0.031118521,0.11190339505114888,0
17,2026-07-23 18:15:00,-0.08016657242921532,0.3781091704559002,0.13354596,0.026854493,0.202481831589921,0
17,2026-07-23 19:45:00,-0.15321021789825967,0.08623620617445144,0.09838507,0.018201167,0.05221868646917657,0
17,2026-07-23 23:00:00,0.03120175846512263,0.823122623118026,0.095594786,0.017514458,0.42031854052209006,0
17,2026-07-23 23:15:00,0.01695547651270768,0.7661963221819253,0.09365089,0.017036052,0.39161618730133035,0
17,2026-07-24 00:15:00,0.01156318852947924,0.7446494365107944,0.09686215,0.017826365,0.38123790090888393,0
17,2026-07-24 02:00:00,0.0023951360707232805,0.7080150841226874,0.096572705,0.01775513,0.36288510721428685,0
17,2026-07-24 03:15:00,0.002463153988619071,0.7082868749293074,0.08901193,0.015894374,0.362090624404072,0
17,2026-07-24 03:30:00,-0.08682226552943484,0.351513881269082,0.09749844,0.01798296,0.18474842050819823,0
17,2026-07-24 04:30:00,-0.0667896219778975,0.4315617350999643,0.10669303,0.02024581,0.2259037721039916,0
17,2026-07-24 05:15:00,-0.08614354066792207,0.354225978070784,0.10223199,0.019147918,0.18668694784953613,0
17,2026-07-24 05:30:00,-0.0871182880500741,0.3503310135461168,0.101519935,0.018972676,0.18465184489673755,0
17,2026-07-24 06:15:00,-0.044562450363679784,0.5203786393628216,0.09716301,0.017900407,0.26913952333856106,0
17,2026-07-24 07:00:00,-0.1306946862623808,0.176205359804958,0.079889014,0.013649165,0.094927262251988,0
17,2026-07-24 08:45:00,-0.1404808176096397,0.13710124408304264,0.07936653,0.013520577,0.07531091053709174,0
17,2026-07-24 09:00:00,-0.14915280093741362,0.10244911981099555,0.07719617,0.012986439,0.05771777954560374,0
17,2026-07-24 12:15:00,-0.16350074754667243,0.04511658004925686,0.069706336,0.0111431405,0.028129860272040157,0
17,2026-07-24 13:15:00,-0.16092341693831125,0.05541525996542411,0.06669621,0.010402329,0.032908794615747715,0
17,2026-07-24 14:30:00,-0.031475620397422466,0.5726719200550837,0.07527827,0.012514429,0.2925931746109984,0
17,2026-07-24 15:00:00,-0.031116159487558193,0.5741082793801375,0.07766146,0.013100949,0.29360461424809436,0
17,2026-07-24 16:15:00,-0.14936891925055212,0.1015855389712636,0.060550172,0.008889748,0.05523764337740264,0
17,2026-07-24 16:30:00,-0.0649769626285267,0.43880488752117736,0.06405101,0.009751328,0.22427810789416722,0
17,2026-07-24 18:30:00,-0.15642285189165323,0.0733989360631108,0.06988737,0.011187694,0.042293315049290646,0
17,2026-07-24 19:30:00,-0.15328251268890997,0.08594732553721447,0.06632314,0.010310514,0.048128919717972375,0
17,2026-07-24 21:30:00,-0.06853101370042447,0.42460335890220835,0.071984,0.011703689,0.21815352377676583,0
17,2026-07-24 22:15:00,-0.07375032610268883,0.40374766129049167,0.07270887,0.0118820835,0.2078148723904913,0
17,2026-07-24 23:00:00,-0.09715048697141282,0.3102436436095599,0.07021272,0.011267765,0.16075570451735277,0
17,2026-07-24 23:15:00,-0.0023388193685999203,0.6890988101883981,0.07266739,0.011871875,0.35048534272607434,0
17,2026-07-24 23:45:00,-0.09059164366158623,0.33645193355461656,0.06999951,0.011215293,0.1738336132016316,0
17,2026-07-25 00:00:00,-0.08875441860511035,0.3437932473655903,0.07707865,0.012957515,0.1783753812803012,0
17,2026-07-25 01:30:00,0.008617779890454647,0.7328799643688731,0.09312401,0.016906384,0.3748931743737724,0
17,2026-07-25 02:15:00,0.008716247638670183,0.7332734287609258,0.08666811,0.015317545,0.37429548701666787,0
17,2026-07-25 03:45:00,-0.10326151434360292,0.28582476825808123,0.083693184,0.014585395,0.15020508180084147,0
17,2026-07-25 04:45:00,-0.1291722617169499,0.18228877147090597,0.0794512,0.013541416,0.0979150938679882,0
17,2026-07-25 06:45:00,-0.11964692750937683,0.22035077553824226,0.07989154,0.013649786,0.11700028071470876,0
18,2026-07-17 18:30:00,-0.08572974344956436,0.3558794582600315,,,0.3558794582600315,0
18,2026-07-17 22:15:00,-0.0944140146497453,0.3211782332384103,,,0.3211782332384103,0
18,2026-07-18 00:45:00,-0.0004661283104154812,0.6965818415571885,,,0.6965818415571885,0
18,2026-07-18 01:30:00,-0.11827996943977603,0.22581296326533093,,,0.22581296326533093,0
18,2026-07-18 01:45:00,0.020110187770304044,0.7788021405292165,,,0.7788021405292165,0
18,2026-07-18 02:30:00,-0.09450436383975791,0.32081720955537707,,,0.32081720955537707,0
18,2026-07-18 02:45:00,-0.057885129378521194,0.4671429363627576,,,0.4671429363627576,0
18,2026-07-18 03:00:00,-0.05442859662479671,0.4809547943893814,,,0.4809547943893814,0
18,2026-07-18 03:30:00,-0.07764347191887933,0.38819115391117415,0.09214432,0.016665276,0.20242821502557437,0
18,2026-07-18 04:30:00,-0.027499893868844993,0.5885584092851438,0.08737509,0.015491537,0.30202497305179427,0
18,2026-07-18 06:00:00,-0.07341491245705811,0.40508793085647565,0.091135435,0.016416982,0.21075245633638373,0
18,2026-07-18 06:15:00,-0.019541945233944147,0.6203573432341944,0.0863215,0.015232243,0.3177947929390138,0
18,2026-07-18 07:30:00,-0.021549743243335695,0.6123344419548784,0.08626705,0.01521884,0.31377664096777014,0
18,2026-07-18 08:15:00,-0.07761649284930994,0.38829895878534504,0.08487562,0.014876401,0.20158767991861198,0
18,2026-07-18 08:45:00,-0.11544867502985318,0.2371264497003405,0.09405174,0.017134706,0.12713057762937985,0
18,2026-07-18 10:45:00,-0.13857819138567,0.1447038925043211,0.09405377,0.017135203,0.08091954769449759,0
18,2026-07-18 12:00:00,-0.028604173480062167,0.5841458507189353,0.08163547,0.014078978,0.29911241458402077,0
18,2026-07-18 12:15:00,-0.030690804950439188,0.5758079411210361,0.0677615,0.010664505,0.2932362230368824,0
18,2026-07-18 14:30:00,-0.1610083091005366,0.05507604185994942,0.07649099,0.012812889,0.03394446552051345,0
18,2026-07-18 14:45:00,-0.1506834112917919,0.09633299871074737,0.073384285,0.012048308,0.0541906532585004,0
18,2026-07-18 15:15:00,-0.04886512409766475,0.5031857113673762,0.06833,0.010804415,0.25699506305826086,0
18,2026-07-18 17:00:00,-0.08822253361206467,0.345918591036216,0.061142325,0.009035482,0.17747703655377806,0
18,2026-07-18 18:15:00,-0.13112417876105592,0.17448916330463296,0.0670027,0.010477758,0.09248346065867248,0
18,2026-07-18 19:00:00,-0.04083994075189956,0.5352533065290015,0.08414357,0.0146962395,0.2749747730113944,0
18,2026-07-18 20:00:00,-0.1247616657298653,0.1999129428376515,0.08147579,0.014039679,0.10697631113403834,0
18,2026-07-18 20:45:00,-0.044622253753276,0.5201396727493203,0.08202924,0.014175888,0.26715778045012534,0
18,2026-07-18 21:15:00,-0.011095140863764175,0.6541096815026172,0.08881607,0.015846172,0.334977926925141,0
18,2026-07-18 21:30:00,-0.09852084666507016,0.3047678634325,0.08944447,0.016000826,0.16038434467213017,0
18,2026-07-18 22:30:00,-0.07720959032943797,0.38992488865078356,0.08355371,0.0145510705,0.20223797958478762,0
18,2026-07-18 23:45:00,-0.08566998996994851,0.3561182254397035,0.08141535,0.014024805,0.18507151535864474,0
18,2026-07-19 01:15:00,-0.08081975238972539,0.37549914777618454,0.083068945,0.014431766,0.1949654570052614,0
18,2026-07-19 01:30:00,-0.0910193735162465,0.3347427803519019,0.08273188,0.014348812,0.1745457963765983,0
18,2026-07-19 04:15:00,-0.09103769013501173,0.3346695895112711,0.07532994,0.012527145,0.17359836747830898,0
18,2026-07-19 05:00:00,-0.11558285015620268,0.2365903032414803,0.08546634,0.015021781,0.12580604233928966,0
18,2026-07-19 08:30:00,-0.0620858758688243,0.45035729645600797,0.08802439,0.015651334,0.2330043152665639,0
18,2026-07-19 09:15:00,-0.10317179029316759,0.28618329396418113,0.07850814,0.013309322,0.1497463081308771,0
18,2026-07-19 09:30:00,-0.06011360011313727,0.4582382554018039,0.07417724,0.01224346,0.235240857667155,0
18,2026-07-19 10:15:00,-0.06637530512814582,0.4332172916690847,0.0725723,0.011848473,0.22253288232959015,0
18,2026-07-19 11:00:00,-0.1200239782686558,0.21884412944892623,0.06009313,0.008777267,0.11381069837425936,0
18,2026-07-19 11:45:00,-0.150987177628021,0.09511918770179831,0.061794106,0.009195888,0.052157538058388644,0
18,2026-07-19 12:15:00,-0.0796026898790031,0.3803623722283497,0.065232985,0.010042219,0.19520229582555365,0
18,2026-07-19 12:45:00,-0.020362659517842552,0.6170778750568967,0.072577626,0.011849784,0.3144638296745887,0
18,2026-07-19 14:00:00,-0.01405730498297808,0.6422732566279918,0.06582467,0.010187838,0.3262305474272743,0
18,2026-07-19 14:45:00,-0.10698052173696737,0.2709640955039273,0.064307734,0.009814509,0.14038930234727315,0
18,2026-07-19 15:00:00,-0.0333092378377432,0.5653450218118767,0.071290016,0.011532895,0.28843895853944324,0
18,2026-07-19 15:15:00,-0.0333092378377432,0.5653450218118767,0.081236556,0.013980804,0.2896629129115512,0
18,2026-07-19 19:15:00,-0.13407616284117174,0.16269341655017786,0.079544544,0.013564388,0.08812890240893688,0
18,2026-07-19 19:45:00,-0.017723578638960347,0.6276233010710498,0.078794196,0.013379723,0.3205015119523416,0
18,2026-07-19 20:00:00,-0.08588773711383368,0.3552481360028815,0.07407587,0.012218512,0.1837333238331294,0
18,2026-07-19 21:00:00,-0.10670323705099827,0.27207208926195997,0.06955687,0.011106356,0.14158922265452692,0
18,2026-07-19 21:30:00,-0.10670323705099827,0.27207208926195997,0.05500606,0.007525306,0.13979869772849032,0
18,2026-07-19 21:45:00,-0.09816264219716136,0.30619920217793145,0.06285319,0.009456536,0.15782786898961146,0
18,2026-07-20 01:15:00,-0.019277600146952345,0.6214136320275329,0.14945106,0.03076884,0.3260912358349692,0
18,2026-07-20 01:45:00,-0.01996743495412412,0.6186571413192608,0.1439849,0.029423581,0.3240403613777686,0
18,2026-07-20 03:30:00,-0.10423488710072942,0.2819352965573058,0.11345005,0.021908756,0.15192202645140815,0
18,2026-07-20 04:00:00,-0.11749186594128952,0.2289621229600141,0.105824694,0.020032106,0.12449711446370827,0
18,2026-07-20 04:15:00,-0.10942987787206288,0.26117678503851177,0.097940415,0.018091733,0.13963425883730293,0
18,2026-07-20 05:30:00,-0.0264563507997998,0.5927282724807952,0.08948825,0.0160116,0.30436993596604933,0
18,2026-07-20 06:00:00,-0.06848014020502091,0.424806642812964,0.09264814,0.016789269,0.2207979557576163,0
18,2026-07-20 07:15:00,-0.105345692998002,0.277496659795732,0.11097525,0.021299692,0.1493981758332703,0
18,2026-07-20 07:30:00,-0.11621184020060887,0.23407694033926646,0.05771997,0.008193217,0.12113507877859434,0
18,2026-07-20 08:15:00,-0.07433453452584182,0.4014132399574803,0.07102459,0.011467571,0.20644040566389196,0
18,2026-07-20 10:00:00,-0.13061682878671604,0.1765164682123741,0.072506875,0.011832371,0.0941744197832386,0
18,2026-07-20 12:15:00,-0.12006489552404148,0.2186806293861488,0.07519849,0.012494795,0.11558771220527189,0
18,2026-07-20 13:30:00,-0.04152009464528894,0.5325354995006645,0.08458113,0.014803925,0.27366971204923213,0
18,2026-07-20 14:30:00,-0.0825066310110173,0.3687585988835621,0.08552412,0.015036001,0.19189729987686516,0
18,2026-07-20 15:45:00,-0.133357231052478,0.1655661750349818,0.07948639,0.013550077,0.0895581258343368,0
18,2026-07-20 17:45:00,-0.11263645519559146,0.24836371659695108,0.08126558,0.013987947,0.13117583192616206,0
18,2026-07-20 18:15:00,-0.03422451440456997,0.561687694976919,0.08599559,0.015152033,0.28841986419766796,0
18,2026-07-20 18:45:00,-0.1376920034783219,0.14824498481655637,0.07993447,0.013660352,0.08095266828117033,0
18,2026-07-20 19:45:00,-0.05961902759175286,0.4602145032593919,0.08218493,0.014214206,0.23721435440750485,0
18,2026-07-20 20:00:00,-0.0003409912114122893,0.6970818732272004,0.08951914,0.016019203,0.3565505379980015,0
18,2026-07-20 20:15:00,-0.09434787724523852,0.3214425097566388,0.085837744,0.015113186,0.1682778479239117,0
18,2026-07-20 20:45:00,0.0030870638934374917,0.7107799382504841,0.09148073,0.016501963,0.36364095069453223,0
18,2026-07-20 21:30:00,-0.05335587249639384,0.4852412613257266,0.09379306,0.01707104,0.2511561508364726,0
18,2026-07-20 22:00:00,0.03583361745121261,0.8416309328241274,0.10404769,0.019594774,0.4306128532371484,0
18,2026-07-20 22:15:00,0.04989320987261314,0.897811246529339,0.1071719,0.020363662,0.45908745446062,0
18,2026-07-20 23:00:00,-0.017640851059803286,0.6279538697824188,0.11041915,0.02116283,0.3245583500377987,0
18,2026-07-21 01:00:00,0.011937198114458147,0.7461439304607675,0.11741368,0.022884231,0.38451408076075544,0
18,2026-07-21 01:45:00,-0.031346054449464034,0.5731896488329633,0.11487816,0.022260224,0.2977249366398088,0
18,2026-07-21 03:00:00,-0.09566601793260321,0.31617538997790096,0.12072522,0.023699224,0.16993730698655485,0
18,2026-07-21 03:45:00,-0.12663153453076909,0.19244118884409597,0.12616353,0.025037626,0.10873940732431973,0
18,2026-07-21 04:15:00,-0.00752287213868752,0.6683840055085282,0.11300049,0.021798115,0.34509106036608717,0
18,2026-07-21 04:30:00,-0.09506104287162248,0.3185927921109808,0.09651897,0.017741906,0.16816734881815376,0
18,2026-07-21 05:15:00,-0.057263703246797415,0.46962607484774793,0.0936673,0.01704009,0.2433330827415834,0
18,2026-07-21 06:00:00,-0.11956090425876131,0.22069451332669804,0.088767864,0.015834307,0.11826441031238114,0
18,2026-07-21 06:30:00,-0.08346607205572992,0.3649247965045141,0.08654363,0.0152869085,0.19010585249475473,0
18,2026-07-21 07:00:00,-0.04696249943307684,0.5107883535575666,0.08497148,0.014899993,0.26284417343645283,0
18,2026-07-21 07:15:00,-0.1282561191069363,0.18594955890247708,0.079942845,0.013662413,0.0998059858325595,0
18,2026-07-21 07:30:00,-0.06996906565326777,0.41885708920863207,0.07084562,0.011423525,0.21514030730454592,0
18,2026-07-21 08:30:00,-0.04337807440244279,0.5251112525889294,0.08300831,0.014416845,0.2697640485864886,0
18,2026-07-21 09:30:00,-0.07683744486702326,0.3914119338079821,0.08326908,0.014481021,0.20294647744966204,0
18,2026-07-21 10:00:00,0.03330960701514851,0.8315453134232783,0.13168459,0.026396394,0.4289708535996091,1
18,2026-07-21 10:15:00,-0.03274753819721388,0.5675895009594378,0.13093825,0.026212716,0.2969011087172835,0
18,2026-07-21 14:00:00,-0.08246004440550991,0.3689447529364977,0.14057866,0.028585283,0.19876501801110077,0
18,2026-07-21 16:00:00,-0.13795538201094787,0.14719255824950858,0.14895579,0.030646952,0.08891975505931936,0
18,2026-07-21 16:15:00,-0.009861279778568877,0.6590400308866727,0.14805345,0.03042488,0.3447324553752655,0
18,2026-07-21 16:30:00,-0.09977794045728877,0.2997446791546815,0.10501051,0.01983173,0.15978820460375515,0
18,2026-07-21 17:30:00,-0.14591096486121918,0.1154030776699911,0.08629007,0.015224506,0.06531379190859846,0
18,2026-07-21 17:45:00,-0.09623671999183275,0.31389493832903786,0.079997696,0.013675912,0.1637854253061994,0
18,2026-07-21 18:00:00,-0.11856435544975041,0.22467659353462557,0.08212753,0.014200077,0.11943833546339323,0
18,2026-07-21 19:15:00,-0.12502160636674298,0.19887425365756603,0.074998476,0.012445571,0.10565991227930115,0
18,2026-07-21 19:45:00,-0.036741071866301045,0.5516318566979911,0.0746541,0.012360819,0.2819963376910461,0
18,2026-07-21 20:00:00,-0.08033029294349814,0.37745496444645804,0.088319026,0.015723845,0.19658940471829614,0
18,2026-07-21 20:30:00,-0.12123964298670542,0.21398649039557574,0.09044809,0.016247822,0.11511715618367492,0
18,2026-07-21 22:45:00,-0.012279020519370909,0.6493790514496459,0.08184768,0.014131206,0.331755128768707,0
18,2026-07-21 23:30:00,-0.05645479200687786,0.4728583795871925,0.07930069,0.013504374,0.2431813767140901,0
18,2026-07-21 23:45:00,-0.013179978124752911,0.6457789413334798,0.073733196,0.012134178,0.32895655947187896,0
18,2026-07-22 00:15:00,-0.03212069827772701,0.5700942722404401,0.0873569,0.015487061,0.2927906665612956,0
18,2026-07-22 00:30:00,-0.06292539712573864,0.44700267804588606,0.07967486,0.01359646,0.230299569134542,0
18,2026-07-22 01:00:00,-0.07457208324832132,0.4004640259725246,0.07853151,0.013315074,0.20688955005915927,0
18,2026-07-22 01:15:00,-0.04079460238969235,0.5354344727630812,0.07687252,0.012906786,0.274170629408727,0
18,2026-07-22 02:15:00,-0.10076199999543084,0.29581250445854473,0.078405336,0.013284022,0.1545482632235279,0
18,2026-07-22 02:30:00,-0.06453299972473947,0.4405789058896102,0.088818595,0.015846793,0.22821284924905486,0
18,2026-07-22 02:45:00,-0.004565719850034067,0.6802004037561586,0.081280164,0.013991536,0.3470959696987058,0
18,2026-07-22 03:15:00,-0.07254234340447241,0.4085746039857128,0.07652448,0.012821131,0.21069786768578783,0
18,2026-07-22 03:30:00,0.014371461844665312,0.755870933627381,0.078638755,0.013341468,0.38460620072746976,0
18,2026-07-22 03:45:00,-0.07710325382527417,0.39034979557434024,0.08401748,0.014665207,0.20250750123430938,0
18,2026-07-22 04:00:00,-0.049446252811129354,0.5008635961561376,0.07904701,0.013441942,0.2571527689285067,0
18,2026-07-22 04:30:00,-0.08633217056695791,0.3534722373801303,0.084207125,0.01471188,0.18409205875261783,0
18,2026-07-22 05:00:00,-0.06646961759640113,0.4328404312385624,0.08385483,0.014625179,0.22373280494429199,0
18,2026-07-22 05:15:00,-0.10478394951345371,0.27974131413832487,0.07873691,0.013365624,0.1465534688397506,0
18,2026-07-22 05:30:00,-0.06436807608910233,0.4412379194164458,0.08319173,0.014461985,0.22784995213718132,0
18,2026-07-22 05:45:00,-0.09242654753040236,0.3291198949094502,0.07932895,0.013511328,0.17131561146805127,0
18,2026-07-22 06:15:00,-0.007781459664999879,0.6673507231833329,0.0850321,0.014914911,0.3411328172118361,0
18,2026-07-22 09:00:00,-0.1553255962547192,0.07778342773613646,0.0763807,0.012785746,0.045284586760388386,0
18,2026-07-22 09:15:00,-0.16854853860433539,0.024946259556451484,0.06800892,0.010725396,0.01783582765521558,0
18,2026-07-22 09:45:00,-0.059067477892586595,0.462418424553441,0.08418824,0.014707232,0.23856282822378824,0
18,2026-07-22 10:45:00,-0.09037984590395104,0.3372982500131146,0.07554252,0.012579463,0.1749388567177065,0
18,2026-07-22 11:30:00,-0.14243520747780014,0.12929175483153257,0.07055966,0.011353149,0.07032245195515947,0
18,2026-07-22 13:15:00,-0.15228226873642275,0.08994417106076874,0.081805065,0.0141207175,0.05203244429685075,0
18,2026-07-22 14:15:00,-0.15922112979551406,0.06221737931798267,0.074236676,0.012258087,0.03723773330142283,0
18,2026-07-22 15:15:00,-0.16277070873330796,0.04803372076873947,0.07805123,0.013196874,0.030615297589326743,0
18,2026-07-22 15:30:00,-0.15415201997638428,0.08247288682554033,0.060371596,0.0088458,0.04565934321405424,0
18,2026-07-22 17:00:00,-0.14469853414731115,0.12024779406088072,0.054149438,0.0073144855,0.0637811397793267,0
18,2026-07-22 18:00:00,-0.08235518775177608,0.36936374656904986,0.07268652,0.011876584,0.19062016529986883,0
18,2026-07-22 19:00:00,-0.13797713401920608,0.14710564003658766,0.066491105,0.010351852,0.07872874580955741,0
18,2026-07-22 19:45:00,-0.09416693670094456,0.3221655247798164,0.060873568,0.008969339,0.16556743169529237,0
18,2026-07-22 20:15:00,-0.013058511498114433,0.6462643062704374,0.06032237,0.008833684,0.3275489951488162,0
18,2026-07-22 20:30:00,-0.06292647440787058,0.4469983733657568,0.061390616,0.009096588,0.2280474806869313,0
18,2026-07-22 21:00:00,-0.052508394617400755,0.48862767336905066,0.058063015,0.0082776435,0.24845265842050346,0
18,2026-07-22 21:45:00,-0.11175026096852902,0.2519048341619477,0.076216124,0.012745243,0.132325038363909,0
18,2026-07-22 22:00:00,0.021318619550716678,0.7836308776988369,0.09469072,0.017291961,0.40046141946831254,0
18,2026-07-22 23:45:00,-0.0817319128293863,0.3718542725825316,0.09350484,0.017000109,0.19442719076991113,0
18,2026-07-23 00:45:00,-0.05352162038886987,0.4845789541751219,0.11678624,0.022729814,0.2536543841138519,0
18,2026-07-23 01:45:00,-0.11091243272004281,0.2552526875292614,0.09984696,0.018560946,0.1369068167584814,0
18,2026-07-23 04:30:00,-0.12176621657194464,0.21188237042389094,0.09103851,0.016393129,0.11413774960320085,0
18,2026-07-23 06:30:00,-0.1292858910587129,0.18183472331111394,0.09731046,0.017936697,0.09988571027042847,0
18,2026-07-23 06:45:00,-0.15408389894812757,0.08274508964783253,0.09708177,0.017880416,0.050312752595873186,0
18,2026-07-23 07:30:00,-0.09707644179158009,0.31053951857568124,0.104667746,0.019747373,0.16514344564617325,0
18,2026-07-23 08:30:00,-0.14371305945172275,0.12418562354322282,0.097413674,0.017962098,0.07107386083243294,0
18,2026-07-23 08:45:00,-0.1682886247395276,0.025984841758806717,0.09225716,0.016693046,0.0213389440376556,0
18,2026-07-23 09:15:00,-0.0025031508534522073,0.6884421628195462,0.10145155,0.018955847,0.3536990050339906,1
18,2026-07-23 10:00:00,-0.09417268296552722,0.3221425634494157,0.07123505,0.011519368,0.16683096562801458,0
18,2026-07-23 11:45:00,-0.05955360800202214,0.46047591148257366,0.081828736,0.014126543,0.23730122721910532,0
18,2026-07-23 12:15:00,-0.16284726059501792,0.04772782942589816,0.069732554,0.011149594,0.029438711527420565,0
18,2026-07-23 12:30:00,-0.049977987840366445,0.49873885172150395,0.07790964,0.013162028,0.25595043988298305,0
18,2026-07-23 13:15:00,-0.13919242562216483,0.14224949190290437,0.074710235,0.012374633,0.07731206244737737,0
18,2026-07-23 16:15:00,-0.1620125283026712,0.051063311752720615,0.06666459,0.010394547,0.030728929443679224,0
18,2026-07-23 16:30:00,-0.17267519305548212,0.00845668185962255,0.0644283,0.009844181,0.009150431493734396,0
18,2026-07-23 16:45:00,-0.15400012137205504,0.0830798540111332,0.058941327,0.008493802,0.04578682779500628,0
18,2026-07-23 17:00:00,-0.13801740547489694,0.1469447205059024,0.059744436,0.008691451,0.07781808554342848,0
18,2026-07-23 17:30:00,-0.14485439364321284,0.11962499966462463,0.055087376,0.0075453185,0.06358515905956433,0
18,2026-07-23 20:15:00,-0.14801645484475523,0.10698981189151893,0.054621313,0.007430617,0.057210214561697295,0
18,2026-07-23 20:30:00,-0.1438633387202688,0.12358512701407338,0.056107234,0.0077963118,0.0656907193825407,0
18,2026-07-23 21:15:00,-0.08082757051027978,0.37546790757716836,0.056899052,0.007991184,0.19172954556316704,0
18,2026-07-23 21:30:00,-0.06154477948860315,0.4525194476389475,0.05369187,0.0072018756,0.22986066159946658,0
18,2026-07-23 22:00:00,-0.06006750109157266,0.4584224611323385,0.06428037,0.009807775,0.2341151179647102,0
18,2026-07-23 23:15:00,-0.07489138227157832,0.399188148354263,0.06934554,0.011054347,0.20512124781175,0
18,2026-07-24 00:00:00,-0.11737990276960714,0.22940951331956477,0.078811884,0.013384076,0.12139679457745597,0
18,2026-07-24 00:30:00,-0.09634938245704883,0.3134447536829305,0.07392556,0.01218152,0.16281313707248332,0
18,2026-07-24 01:00:00,-0.12240716209693481,0.20932123496685667,0.070536695,0.011347498,0.11033436639013014,0
18,2026-07-24 02:00:00,-0.032937864662532346,0.5668289810092492,0.07227524,0.011775366,0.2893021735199413,0
18,2026-07-24 02:45:00,-0.1285004789545809,0.18497312854189743,0.0715033,0.011585385,0.09827925657460625,0
18,2026-07-24 03:45:00,-0.0679963034178589,0.4267399920645048,0.0806451,0.013835242,0.2202876170413042,0
18,2026-07-24 04:15:00,-0.08738417687583411,0.3492685561722337,0.07871475,0.013360171,0.1813143634098678,0
18,2026-07-24 05:15:00,-0.13248969391313142,0.16903274128943635,0.059377003,0.008601024,0.0888168825525043,0
18,2026-07-24 06:45:00,-0.14247579838622187,0.12912955880903326,0.0625375,0.009378843,0.06925420090925258,0
18,2026-07-24 07:00:00,-0.06246350087896335,0.44884835573449366,0.07074366,0.011398433,0.23012339425541278,0
18,2026-07-24 08:15:00,-0.1404808176096397,0.13710124408304264,0.07442406,0.012304204,0.07470272383391643,0
18,2026-07-24 08:30:00,-0.16810545937497612,0.026716746876110736,0.06625881,0.010294682,0.018505714611197564,0
18,2026-07-24 10:45:00,-0.09336842644547755,0.325356268530018,0.08032473,0.013756397,0.1695563328551386,0
18,2026-07-24 11:15:00,-0.03253434882786088,0.568441378118454,0.078761704,0.0133717265,0.29090655230823087,0
18,2026-07-24 11:30:00,-0.10401463470622058,0.2828153966517436,0.085894756,0.015127217,0.1489713070244187,0
18,2026-07-24 12:15:00,-0.12054217073011597,0.21677349936435877,0.0644732,0.009855231,0.11331436531727641,0
18,2026-07-24 13:00:00,-0.059481523942211734,0.4607639500666175,0.071215674,0.0115145985,0.23613927428516318,0
18,2026-07-24 14:00:00,-0.15320959866684047,0.0862386805431489,0.062317543,0.00932471,0.047781695213985634,0
18,2026-07-24 18:30:00,-0.015192756486258618,0.6377361392109707,0.075783625,0.012638802,0.3251874704598941,0
18,2026-07-24 18:45:00,-0.12439193291326223,0.20139034737409134,0.06773748,0.010658593,0.10602447014555821,0
18,2026-07-24 19:30:00,-0.038816401220249985,0.5433391088962116,0.06624136,0.010290388,0.27681474845705223,0
18,2026-07-24 20:30:00,-0.12583037399278052,0.1956425227806277,0.07478069,0.012391972,0.10401724756808613,0
18,2026-07-24 21:30:00,-0.04665666363351606,0.5120104338744509,0.08012953,0.013708357,0.26285939532117186,0
18,2026-07-24 22:00:00,-0.033200622191459694,0.5657790358926984,0.08468601,0.014829737,0.2903043865134881,0
18,2026-07-24 22:30:00,0.011643706152151378,0.7449711745217508,0.08435886,0.014749224,0.37986019940972654,0
18,2026-07-25 01:15:00,-0.10749952894795706,0.26889020978557,0.09387263,0.017090624,0.14299041699194376,0
18,2026-07-25 02:00:00,0.0005549190474921639,0.7006618147993584,0.09209404,0.016652903,0.35865735869380333,0
18,2026-07-25 02:15:00,0.0025846321262247285,0.7087722858626018,0.08423133,0.014717838,0.3617450618291085,0
18,2026-07-25 03:15:00,-0.09302097308445689,0.32674464724221725,0.08918207,0.015936246,0.1713404466920043,0
18,2026-07-25 03:30:00,-0.05750739824277096,0.46865230114849443,0.091558665,0.016521143,0.2425867219720882,0
18,2026-07-25 07:45:00,-0.14915370848461762,0.10244549336969522,0.09218518,0.01667533,0.05956041203409268,0
19,2026-07-17 15:45:00,-0.15271606878792188,0.08821076213623535,,,0.08821076213623535,0
19,2026-07-17 20:30:00,-0.07629932306498344,0.3935621989610597,,,0.3935621989610597,0
19,2026-07-17 23:00:00,-0.08411535252829844,0.3623303556744908,,,0.3623303556744908,0
19,2026-07-17 23:15:00,-0.09059164366158623,0.33645193355461656,,,0.33645193355461656,0
19,2026-07-18 00:30:00,-0.1016194944411643,0.2923860675094583,,,0.2923860675094583,0
19,2026-07-18 02:30:00,-0.11345723298209054,0.24508399467147052,,,0.24508399467147052,0
19,2026-07-18 03:30:00,0.003988454791513885,0.7143817797482415,,,0.7143817797482415,0
19,2026-07-18 04:15:00,0.00530321793085009,0.7196354032817036,,,0.7196354032817036,0
19,2026-07-18 06:30:00,-0.1403624499665599,0.13757422588233356,0.08882986,0.015849566,0.07671189598473015,0
19,2026-07-18 08:00:00,-0.15425384992930646,0.08206598749814252,0.083960265,0.014651126,0.04835855686320772,0
19,2026-07-18 11:00:00,-0.14099810602623125,0.1350342264448962,0.07768464,0.013106654,0.07407044042151975,0
19,2026-07-18 11:30:00,-0.16843844923114393,0.025386162459475333,0.076042384,0.012702484,0.019044323071649938,0
19,2026-07-18 13:30:00,-0.14438725672863628,0.12149161838425757,0.08273331,0.014349164,0.06792039141274274,0
19,2026-07-18 16:00:00,-0.14090341562078956,0.13541259706355585,0.074978516,0.012440659,0.0739266280846668,0
19,2026-07-18 16:30:00,-0.1477191203206818,0.10817792221059255,0.07291581,0.011933013,0.06005546753803816,0
19,2026-07-18 18:00:00,-0.08268413250812728,0.36804932584833494,0.076218635,0.01274586,0.1903975929405361,0
19,2026-07-18 18:45:00,-0.13008274086007615,0.1786506145208491,0.060690384,0.008924255,0.09378743483421272,0
19,2026-07-18 19:15:00,-0.1591245125751597,0.06260344923993658,0.054186802,0.0073236814,0.03496356530840551,0
19,2026-07-18 19:30:00,-0.13131583853114287,0.1737233156409579,0.057142958,0.008051211,0.09088726332767394,0
19,2026-07-18 20:30:00,-0.07685613033974936,0.3913372690746087,0.06177013,0.009189988,0.20026362831487746,0
19,2026-07-18 21:00:00,-0.05513716644230493,0.47812344100184906,0.05907093,0.0085256975,0.24332456925813192,0
19,2026-07-18 21:30:00,-0.05513716644230493,0.47812344100184906,0.0557703,0.007713391,0.24291841599088246,0
19,2026-07-18 21:45:00,-0.10271206100083197,0.2880203127829896,0.07498661,0.01244265,0.15023148152821594,0
19,2026-07-18 22:00:00,0.020744121914265112,0.7813352594140831,0.07705845,0.012952544,0.39714390160459595,0
19,2026-07-18 22:15:00,-0.06224119200298184,0.44973667326303624,0.082380295,0.014262285,0.23199947917328428,0
19,2026-07-18 23:00:00,0.024605948225122742,0.7967666180990464,0.080578536,0.01381886,0.40529273907653124,0
19,2026-07-18 23:30:00,-0.064223476988158,0.44181571873018544,0.0895412,0.01602463,0.22892017462347647,0
19,2026-07-18 23:45:00,-0.00937714476714857,0.6609745718037955,0.09111719,0.016412493,0.3386935323226388,0
19,2026-07-19 00:15:00,-0.05716544078446739,0.47001871894394126,0.124920934,0.024731815,0.24737526690261943,0
19,2026-07-19 01:15:00,-0.018860048228162785,0.6230821155143019,0.09027607,0.016205488,0.31964380164356215,0
19,2026-07-19 02:00:00,-0.06579714927845137,0.4355275277010266,0.09329262,0.016947879,0.22623770311284383,0
19,2026-07-19 02:15:00,0.017601188512952892,0.7687765038578734,0.10098596,0.018841261,0.39380888245100903,0
19,2026-07-19 02:45:00,-0.04119958307832705,0.5338162222868144,0.09373411,0.017056532,0.27543637724548276,0
19,2026-07-19 04:15:00,-0.025146356315532414,0.5979628410850896,0.09319984,0.016925046,0.3074439436527557,0
19,2026-07-19 04:30:00,0.014746104165505702,0.7573679559080571,0.08908053,0.015911257,0.38663960640126316,0
19,2026-07-19 04:45:00,-0.08192299636017186,0.3710907274966092,0.087704085,0.015572505,0.19333161628418422,0
19,2026-07-19 05:00:00,-0.07240807764232549,0.4091111126135022,0.08846845,0.01576062,0.21243586590340885,0
19,2026-07-19 06:15:00,-0.1228489339997813,0.20755597155493252,0.079687424,0.013599552,0.11057776188453909,0
19,2026-07-19 07:00:00,-0.06478938301771708,0.43955443139585937,0.08040403,0.013775913,0.22666517222033483,0
19,2026-07-19 08:00:00,-0.05831671805787786,0.4654183637954214,0.07207818,0.011726868,0.23857261606715216,0
19,2026-07-19 08:15:00,-0.014951332245088489,0.6387008392675908,0.08203533,0.014177388,0.32643911342393317,0
19,2026-07-19 11:45:00,-0.1266049861137259,0.19254727288644655,0.07466607,0.0123637635,0.10245551820626429,0
19,2026-07-19 12:45:00,-0.12880128658236417,0.1837711401493988,0.06820121,0.010772719,0.09727192959868121,0
19,2026-07-19 13:00:00,-0.04395986132444385,0.5227865072614718,0.06874614,0.01090683,0.2668466688457513,0
19,2026-07-19 13:30:00,-0.1401915027877968,0.13825730870878258,0.06905541,0.010982943,0.07462012573811193,0
19,2026-07-19 13:45:00,0.03998249610505333,0.8582093155617978,0.12818356,0.02553477,0.44187204254098067,1
19,2026-07-19 14:30:00,0.016570849649231056,0.7646594029596671,0.14336382,0.02927073,0.3969650669361762,0
19,2026-07-19 16:15:00,-0.1434484752289003,0.1252428678924252,0.13987269,0.02841154,0.07682720358194954,0
19,2026-07-19 18:00:00,-0.07287601043876857,0.4072413136528215,0.11979346,0.02346991,0.21535561183920907,0
19,2026-07-19 20:15:00,-0.12897056339659185,0.18309473188369013,0.09060404,0.016286202,0.09969046682938207,0
19,2026-07-19 20:45:00,-0.03034598233461261,0.57718580771554,0.08888229,0.015862469,0.2965241381728077,0
19,2026-07-19 21:15:00,-0.005045498128595449,0.6782832717803058,0.09141372,0.016485471,0.3473843715293674,0
19,2026-07-19 22:15:00,-0.08546651382519727,0.35693128980892747,0.085464716,0.015021382,0.18597633585432097,0
19,2026-07-19 22:45:00,-0.08546651382519727,0.35693128980892747,0.07222853,0.011763869,0.18434757933118864,0
19,2026-07-19 23:30:00,-0.06859592506768108,0.4243439814703306,0.075619824,0.012598489,0.21847123544075292,0
19,2026-07-19 23:45:00,-0.06222127589728743,0.44981625544665593,0.07527835,0.01251445,0.2311653525513328,0
19,2026-07-20 01:00:00,-0.07024367087432981,0.4177598022459693,0.09407122,0.017139498,0.21744965019517876,0
19,2026-07-20 01:15:00,-0.10818387206904118,0.2661556631449441,0.080835916,0.013882203,0.14001893308627505,0
19,2026-07-20 02:15:00,-0.02375103177312432,0.6035383775703257,0.0979404,0.018091729,0.31081505324056474,0
19,2026-07-20 03:15:00,0.015683517058743712,0.761113736641591,0.095256485,0.0174312,0.3892724680961098,0
19,2026-07-20 03:30:00,-0.04477507035984607,0.5195290373454515,0.10416989,0.019624848,0.2695769426321002,0
19,2026-07-20 06:00:00,-0.0030972018354844533,0.68606841189369,0.09908948,0.018374525,0.35222146845213786,0
19,2026-07-20 06:15:00,-0.01473521825484192,0.6395644028336055,0.10443508,0.019690111,0.32962725705654655,0
19,2026-07-20 06:30:00,-0.06848014020502091,0.424806642812964,0.10249232,0.019211985,0.2220093139919026,0
19,2026-07-20 07:00:00,-0.03481105325380862,0.5593439615625445,0.11200449,0.021552993,0.2904484772735985,0
19,2026-07-20 07:15:00,-0.04935634392608379,0.5012228604374448,0.08921539,0.015944447,0.2585836539029141,0
19,2026-07-20 07:45:00,0.02132257041063934,0.7836466648243244,0.10402662,0.019589588,0.4016181264351992,1
19,2026-07-20 08:00:00,0.03661849305542986,0.8447671942706096,0.10541795,0.019932004,0.43234959898120107,0
19,2026-07-20 08:15:00,0.022139152431556175,0.7869096210129629,0.10825661,0.020630615,0.4037701179225033,0
19,2026-07-20 10:15:00,-0.11636617699948609,0.2334602304434673,0.098961785,0.018343098,0.12590166445254763,0
19,2026-07-20 10:45:00,-0.04158894165696647,0.5322603957424771,0.08784024,0.015606013,0.2739332044345742,0
19,2026-07-20 13:30:00,-0.03190114708614167,0.5709715704186464,0.08608899,0.01517502,0.29307329537042504,0
19,2026-07-20 14:00:00,-0.13056165646956214,0.17673692965909654,0.08383263,0.014619715,0.09567832211978641,0
19,2026-07-20 15:00:00,-0.04169370336852096,0.5318417814865996,0.07768381,0.013106449,0.2724741150312269,0
19,2026-07-20 15:15:00,-0.14703309553921373,0.11091918854870919,0.07914759,0.013466696,0.062192942401809115,0
19,2026-07-20 15:45:00,-0.13773046342342848,0.14809130384797548,0.073441006,0.012062267,0.08007678562414991,0
19,2026-07-20 16:15:00,-0.0771747774303837,0.39006399649482604,0.07174007,0.011643656,0.20085382604649482,0
19,2026-07-20 18:45:00,-0.11779716861654332,0.2277421729389387,0.07685838,0.012903306,0.12032273932042507,0
19,2026-07-20 19:00:00,-0.09685819676522994,0.3114115974864675,0.080106765,0.013702755,0.16255717617453702,0
19,2026-07-20 19:15:00,-0.08704262316711892,0.35063336063652173,0.055819187,0.0077254213,0.1791793909878976,0
19,2026-07-20 20:00:00,-0.06224718190813383,0.4497127383764181,0.0778911,0.013157464,0.23143510100447107,0
19,2026-07-20 20:15:00,-0.09381740921817766,0.32356219141437315,0.067263626,0.010541974,0.16705208252496373,0
19,2026-07-20 21:00:00,-0.0,0.6984444300249851,0.07678496,0.012885237,0.35566483356881323,0
19,2026-07-20 21:15:00,-0.08870819322392531,0.34397795801283254,0.06613585,0.010264422,0.17712118991301126,0
19,2026-07-20 22:45:00,-0.06712242285601988,0.4302319058151675,0.077584535,0.013082017,0.22165696150296096,0
19,2026-07-20 23:45:00,-0.05081219064043896,0.4954054851773569,0.08838337,0.015739681,0.2555725831882749,0
19,2026-07-21 00:00:00,-0.08838364504595736,0.34527481057471343,0.09616431,0.017654622,0.1814647162741736,0
19,2026-07-21 00:45:00,-0.08838364504595736,0.34527481057471343,0.0885676,0.015785022,0.1805299161410645,0
19,2026-07-21 01:00:00,-0.10965126857123791,0.26029213642578686,0.08352151,0.014543145,0.13741764069473428,0
19,2026-07-21 01:15:00,-0.09150224590833878,0.3328132846983837,0.072080806,0.011727514,0.17227039922190543,0
19,2026-07-21 02:15:00,-0.10367110896623605,0.28418808109804156,0.06463512,0.009895082,0.14704158136494042,0
19,2026-07-21 07:00:00,-0.023855431546406458,0.6031212095729934,0.065673344,0.010150595,0.30663590210489566,0
19,2026-07-21 07:45:00,-0.10990698937529991,0.25927030915209687,0.0508862,0.0065113814,0.1328908452568652,0
19,2026-07-21 08:30:00,-0.13453046806175406,0.16087807162087672,0.06287745,0.0094625065,0.08517028906559702,0
19,2026-07-21 09:15:00,-0.09618985789237611,0.3140821932201791,0.0689418,0.0109549835,0.16251858837630392,0
19,2026-07-21 12:15:00,-0.031388494016806434,0.5730200658084099,0.07343508,0.01206081,0.2925404378444525,0
19,2026-07-21 13:15:00,-0.15013648349245828,0.09851845149058004,0.07583014,0.012650249,0.05558435004258106,0
19,2026-07-21 13:30:00,-0.10284336979958802,0.2874956197986367,0.06944056,0.011077731,0.1492866753575386,0
19,2026-07-21 14:30:00,-0.12895248684259758,0.18316696345653158,0.08365795,0.014576725,0.0988718440934818,0
19,2026-07-21 14:45:00,-0.1499710056105002,0.09917967971406173,0.08429059,0.01473242,0.05695605007927513,0
19,2026-07-21 15:15:00,-0.0544172796854977,0.48100001541577714,0.078528814,0.01331441,0.24715721276428768,0
19,2026-07-21 15:30:00,-0.1287054683405196,0.18415401745651871,0.082533054,0.01429988,0.09922694861921028,0
19,2026-07-21 15:45:00,-0.008715072919431965,0.6636201253152538,0.08627532,0.015220876,0.3394205005835319,0
19,2026-07-21 16:15:00,-0.10508411351026242,0.2785418976119926,0.08369414,0.014585631,0.14656376429010284,0
19,2026-07-21 16:30:00,-0.10508411351026242,0.2785418976119926,0.08120596,0.013973272,0.1462575850087787,0
19,2026-07-21 17:15:00,-0.09605549790568818,0.31461907835705305,0.09081059,0.016337035,0.16547805679044736,0
19,2026-07-21 17:30:00,-0.12384550574348507,0.20357379970293724,0.09333637,0.016958648,0.11026622402092558,0
19,2026-07-21 18:00:00,-0.07052623701385508,0.4166307044823075,0.084988184,0.014904104,0.21576740432774547,0
19,2026-07-21 18:15:00,-0.11890931655622577,0.22329817354939302,0.08582365,0.015109717,0.1192039452319936,0
19,2026-07-21 19:00:00,-0.034404984052264664,0.5609665615956749,0.085946,0.015139828,0.2880531950158758,0
19,2026-07-21 19:45:00,-0.11365729498090005,0.2442845727880522,0.07715536,0.012976394,0.12863048341148717,0
19,2026-07-21 20:30:00,-0.14586001813460547,0.11560665420319524,0.07931193,0.013507141,0.06455689750177605,0
19,2026-07-21 20:45:00,-0.08111982283392816,0.37430010507397127,0.0858088,0.015106062,0.19470308373939132,0
19,2026-07-21 21:00:00,-0.10475572488003515,0.2798540961246117,0.08297253,0.014408037,0.14713106659553568,0
19,2026-07-21 22:45:00,-0.07682223119030329,0.3914727256933455,0.079670526,0.013595393,0.20253405931043647,0
19,2026-07-22 00:15:00,-0.08428382699688663,0.3616571534782311,0.0865675,0.015292783,0.18847496837301356,0
19,2026-07-22 01:15:00,-0.03550276390940865,0.556579975206461,0.08256586,0.014307953,0.28544396431188107,0
19,2026-07-22 01:45:00,-0.0888931141247834,0.34323903799940136,0.08410845,0.014687595,0.17896331647852554,0
19,2026-07-22 02:00:00,-0.07966703841776956,0.38010524378635663,0.073607594,0.012103266,0.19610425493453035,0
19,2026-07-22 02:15:00,-0.07268553802846345,0.40800241678030913,0.07010149,0.011240391,0.20962140392050954,0
19,2026-07-22 02:30:00,-0.09332255236871045,0.3255395754102224,0.07263691,0.011864374,0.1687019749009785,0
19,2026-07-22 02:45:00,-0.08380534165030151,0.36356911906505573,0.06092161,0.008981162,0.1862751404079544,0
19,2026-07-22 04:30:00,-0.10190395425569293,0.29124940286529555,0.05718635,0.0080618905,0.14965564667782433,0
19,2026-07-22 05:15:00,-0.06436807608910233,0.4412379194164458,0.060108613,0.008781077,0.22500949837834552,0
19,2026-07-22 05:45:00,-0.09242654753040236,0.3291198949094502,0.058790088,0.00845658,0.16878823762515624,0
19,2026-07-22 06:15:00,-0.12129940094483993,0.2137477053203221,0.06282662,0.009449997,0.1115988511529086,0
19,2026-07-22 07:30:00,-0.07857200759639815,0.3844808453840161,0.066816725,0.010431988,0.19745641677439932,0
19,2026-07-22 07:45:00,-0.1179424704360395,0.22716156565271264,0.06804181,0.01073349,0.11894752776559415,0
19,2026-07-22 08:30:00,-0.14913092595633204,0.10253652940742086,0.070939675,0.011446673,0.05699160141523635,0
19,2026-07-22 09:00:00,-0.10362737565868996,0.2843628337411955,0.08279686,0.014364804,0.14936381894120945,0
19,2026-07-22 09:30:00,-0.0333165655764871,0.5653157411151791,0.082009785,0.0141711,0.2897434206683767,0
19,2026-07-22 10:00:00,-0.08960439587211366,0.3403968480908959,0.07677372,0.01288247,0.17663965912208401,0
19,2026-07-22 10:15:00,-0.11666469308256261,0.23226739876736818,0.082759365,0.014355577,0.12331148768226116,0
19,2026-07-22 13:45:00,-0.1588339042606723,0.0637646824950624,0.08289565,0.014389118,0.03907690033737066,0
19,2026-07-22 14:00:00,-0.17324294998618184,0.006187998563621241,0.08010381,0.013702027,0.009945012565987208,0
19,2026-07-22 14:15:00,-0.1630214398194232,0.047031831762898796,0.072093464,0.011730629,0.029381230391169008,0
19,2026-07-22 15:30:00,-0.16037405552731454,0.05761043714284746,0.05902175,0.008513594,0.03306201559454127,0
19,2026-07-22 16:00:00,-0.10338991453051372,0.2853116977106394,0.06599411,0.010229538,0.1477706179527373,0
19,2026-07-22 17:15:00,-0.14469853414731115,0.12024779406088072,0.07018999,0.011262171,0.06575498251566031,0
19,2026-07-22 17:30:00,-0.1514618547765832,0.09322243918195301,0.06136737,0.009090867,0.05115665303774145,0
19,2026-07-22 18:45:00,-0.15283294869538688,0.08774372513612821,0.060106806,0.008780634,0.04826217958341397,0
19,2026-07-22 19:15:00,-0.04060958090987188,0.5361737946770433,0.06072661,0.00893317,0.2725534822221519,0
19,2026-07-22 20:00:00,-0.1257132415028745,0.19611056906751553,0.062753215,0.009431932,0.1027712505945154,0
19,2026-07-22 21:15:00,-0.1289509469354319,0.18317311672648787,0.06352045,0.009620753,0.09639693492169678,0
19,2026-07-22 21:45:00,-0.14548937225457237,0.1170877072230615,0.07092636,0.011443397,0.06426555212664792,0
19,2026-07-22 22:30:00,-0.08365855658191718,0.3641556532220859,0.06919872,0.011018213,0.1875869330533752,0
19,2026-07-22 22:45:00,0.017421387056009707,0.7680580404804894,0.07665413,0.0128530385,0.3904555394888793,0
19,2026-07-23 01:15:00,-0.03610021826813459,0.554192624827322,0.07640458,0.012791622,0.2834921236287041,0
19,2026-07-23 01:30:00,0.006075317917504708,0.7227206150120252,0.07888096,0.013401075,0.36806084513916343,0
19,2026-07-23 02:15:00,-0.0961646745402619,0.3141828226395477,0.08703079,0.015406802,0.1647948124680931,0
19,2026-07-23 03:15:00,-0.11870282028202311,0.2241233059654654,0.09490776,0.017345376,0.12073434113909905,0
19,2026-07-23 04:45:00,-0.0453096867238838,0.5173927794694506,0.0889388,0.015876377,0.2666345782354277,0
19,2026-07-23 05:15:00,0.0005637473806797688,0.7006970916774575,0.091080934,0.016403569,0.35855033029301486,0
19,2026-07-23 05:30:00,-0.09096784675833691,0.3349486746151785,0.08993348,0.016121173,0.1755349239463379,0
19,2026-07-23 06:15:00,-0.04782604996337336,0.507337717277491,0.08972012,0.016068665,0.26170319129411573,0
19,2026-07-23 08:00:00,-0.05470199383511121,0.4798623344814954,0.087738,0.015580852,0.24772159303308416,0
19,2026-07-23 08:30:00,-0.0989969251725345,0.3028655152636481,0.093639135,0.01703316,0.15994933749823334,0
19,2026-07-23 08:45:00,-0.05695792787998066,0.4708479136831997,0.09168018,0.016551048,0.2436994806233763,0
19,2026-07-23 09:45:00,-0.018777055405096332,0.6234137441060424,0.102179766,0.019135065,0.3212744047414005,0
19,2026-07-23 11:00:00,-0.1629097051719735,0.04747830896915901,0.09753351,0.017991591,0.032734950107047495,0
19,2026-07-23 12:30:00,-0.16396588693370512,0.04325794319145077,0.08755914,0.015536834,0.029397388372978537,0
19,2026-07-23 18:00:00,-0.08549431428853649,0.35682020275144133,0.09391958,0.01710218,0.18696119140013234,0
19,2026-07-23 18:45:00,-0.032310178120741107,0.5693371352835292,0.08888232,0.015862476,0.29259980568209265,0
19,2026-07-23 21:00:00,-0.06816337687948892,0.42607238811092907,0.09100166,0.01638406,0.2212282238371041,0
19,2026-07-23 21:15:00,-0.11497046320522109,0.2390373223288015,0.082481414,0.014287171,0.12666224664142506,0
19,2026-07-23 21:45:00,-0.026771537281385926,0.5914688280473849,0.07037917,0.011308729,0.3013887783823262,0
19,2026-07-23 22:15:00,-0.07766663341564306,0.3880986035644025,0.085650876,0.015067196,0.20158290000776502,0
19,2026-07-23 23:00:00,-0.09787572808052597,0.30734567389602296,0.08589338,0.015126877,0.1612362756801885,0
19,2026-07-23 23:15:00,-0.08483256614996354,0.35946446276301036,0.081554845,0.014059137,0.1867617996923322,0
19,2026-07-23 23:30:00,-0.024886582099605814,0.5990008652685693,0.088198826,0.015694264,0.3073475647955443,0
19,2026-07-23 23:45:00,-0.06183561156217432,0.45135732027145037,0.082746774,0.014352478,0.23285489917919938,0
19,2026-07-24 00:00:00,-0.054505390737002446,0.4806479350448769,0.092279315,0.016698498,0.2486732166618666,0
19,2026-07-24 01:15:00,-0.11011370424531408,0.2584443032554216,0.08584838,0.015115805,0.13678005411284302,0
19,2026-07-24 02:30:00,-0.10056460841617154,0.2966012556906697,0.07185106,0.011670971,0.1541361134899734,0
19,2026-07-24 02:45:00,-0.11292274463826973,0.24721974099523492,0.063860826,0.009704523,0.12846213189187977,0
19,2026-07-24 03:00:00,-0.00825627287404962,0.6654534309833692,0.06014599,0.008790277,0.33712185396400324,0
19,2026-07-24 03:45:00,-0.013541973221183445,0.6443324557265243,0.05583416,0.007729107,0.3260307813874434,0
19,2026-07-24 04:15:00,-0.11614562399695094,0.23434153172871586,0.0512402,0.006598503,0.12047001729595719,0
19,2026-07-24 06:00:00,-0.14247579838622187,0.12912955880903326,0.05746868,0.008131372,0.06863046531003278,0
19,2026-07-24 06:30:00,-0.13558065435908023,0.1566816629438447,0.05846854,0.008377444,0.08252955347144837,0
19,2026-07-24 06:45:00,-0.13021501269361285,0.17812207337401298,0.05518908,0.0075703487,0.09284621102701618,0
19,2026-07-24 07:30:00,-0.06246350087896335,0.44884835573449366,0.05702672,0.0080226045,0.22843548012234088,0
19,2026-07-24 08:15:00,-0.16810545937497612,0.026716746876110736,0.059365295,0.008598142,0.01765744458981857,0
19,2026-07-24 08:30:00,-0.14445952017353475,0.12120286300059256,0.059234347,0.008565915,0.06488438890887349,0
19,2026-07-24 08:45:00,-0.09579819751518154,0.3156472174539684,0.072631955,0.011863155,0.1637551863722264,0
19,2026-07-24 09:15:00,-0.1343148423569887,0.1617396840612335,0.065365635,0.010074866,0.08590727503276085,0
19,2026-07-24 09:30:00,-0.06046702512683444,0.4568260147375188,0.07004673,0.011226914,0.23402646431462576,0
19,2026-07-24 11:00:00,-0.1507969238730602,0.09587941711079756,0.07094219,0.011447294,0.053663355397342044,0
19,2026-07-24 13:00:00,-0.03236840687438314,0.5691044607117335,0.084923744,0.014888245,0.2919963526963969,0
19,2026-07-24 15:45:00,-0.15271606878792188,0.08821076213623535,0.08168055,0.014090073,0.05115041771558648,0
19,2026-07-24 17:15:00,-0.1597813396575637,0.059978853132629247,0.07511384,0.012473963,0.036226408166837615,0
19,2026-07-24 18:15:00,-0.15642285189165323,0.0733989360631108,0.06688226,0.010448117,0.04192352643612026,0
19,2026-07-24 18:45:00,-0.167580678323688,0.028813704113864014,0.058175698,0.008305375,0.018559539789062295,0
19,2026-07-24 19:00:00,-0.15514389552455587,0.07850948036377192,0.05324323,0.007091462,0.04280047125513137,0
19,2026-07-24 19:45:00,-0.15514389552455587,0.07850948036377192,0.047330167,0.0056362185,0.042072849416680935,0
19,2026-07-24 20:30:00,-0.08795244079832437,0.34699784700258074,0.03916239,0.0036260749,0.17531196093867718,0
19,2026-07-24 21:30:00,-0.12628010134386491,0.19384547042601769,0.02442863,0.0,0.09692273521300884,0
19,2026-07-24 23:45:00,-0.07490344692595952,0.3991399395550627,0.029515095,0.0012518123,0.20019587594042662,0
19,2026-07-25 00:00:00,-0.1129222238971529,0.24722182180941688,0.03717547,0.0031370807,0.12517945125337981,0
19,2026-07-25 01:00:00,-0.01961846596935557,0.6200515762680181,0.057484675,0.008135309,0.31409344285544794,0
19,2026-07-25 02:45:00,-0.11345723298209054,0.24508399467147052,0.05677427,0.007960473,0.12652223392936915,0
19,2026-07-25 03:45:00,-0.11348755853272569,0.24496281769159076,0.056851387,0.007979454,0.12647113561646461,0
19,2026-07-25 04:00:00,-0.05720774938441597,0.4698496592481622,0.07622285,0.012746898,0.24129827885278507,0
19,2026-07-25 04:45:00,-0.0008377268172032881,0.6950969819639651,0.08850349,0.015769243,0.35543311260216076,0
19,2026-07-25 05:30:00,0.0020799191329790023,0.7067555179904065,0.086290024,0.015224495,0.3609900064808707,0
20,2026-07-17 21:45:00,-0.14237222207266664,0.1295434363677529,,,0.1295434363677529,0
20,2026-07-17 22:15:00,-0.104354369020703,0.28145786225160013,,,0.28145786225160013,0
20,2026-07-17 22:45:00,-0.104354369020703,0.28145786225160013,,,0.28145786225160013,0
20,2026-07-18 00:15:00,-0.08200735875329279,0.3707536262799877,,,0.3707536262799877,0
20,2026-07-18 02:30:00,-0.09878393989140127,0.30371657691252235,,,0.30371657691252235,0
20,2026-07-18 03:30:00,-0.05750739824277096,0.46865230114849443,,,0.46865230114849443,0
20,2026-07-18 04:45:00,-0.016584257645640643,0.6321758804700235,,,0.6321758804700235,0
20,2026-07-18 05:30:00,-0.005985525432571803,0.67452704419945,,,0.67452704419945,0
20,2026-07-18 06:00:00,-0.06870810253802206,0.4238957348010445,0.0885017,0.015768804,0.21983226922857285,0
20,2026-07-18 07:15:00,-0.04191853241340471,0.5309433936889286,0.09293917,0.016860893,0.2739021433425603,0
20,2026-07-18 10:30:00,-0.1467414138895598,0.1120847107124007,0.09455497,0.017258553,0.06467163177339615,0
20,2026-07-18 13:00:00,-0.14438725672863628,0.12149161838425757,0.092510134,0.016755305,0.06912346180743754,0
20,2026-07-18 14:30:00,-0.09345084612550664,0.3250269301437594,0.09700394,0.01786126,0.17144409512247927,0
20,2026-07-18 14:45:00,-0.08472767808514259,0.3598835819102058,0.10055906,0.018736199,0.18930989022735403,0
20,2026-07-18 15:15:00,-0.1190232344076797,0.22284297254217436,0.097655214,0.018021543,0.12043225756055499,0
20,2026-07-18 16:45:00,-0.08883570414994385,0.3434684408369534,0.08862801,0.01579989,0.17963416508897506,0
20,2026-07-18 18:45:00,-0.13112417876105592,0.17448916330463296,0.08124915,0.0139839025,0.0942365329130322,0
20,2026-07-18 19:45:00,-0.14875679481395865,0.10403150908502751,0.078767285,0.013373099,0.05870230417625513,0
20,2026-07-18 20:15:00,-0.022871701349513107,0.6070520682640772,0.08480772,0.014859689,0.3109558788318386,0
20,2026-07-18 21:30:00,0.004941105937179113,0.7181884505684877,0.08236889,0.014259478,0.36622396432289006,0
20,2026-07-18 22:30:00,0.00430514390225456,0.7156472284934948,0.091512375,0.016509749,0.36607848874439947,0
20,2026-07-18 23:30:00,-0.09410751925444988,0.3224029492145783,0.095742,0.017550688,0.16997681872576506,0
20,2026-07-18 23:45:00,0.0015061886840224137,0.7044629652877015,0.09293865,0.016860764,0.3606618648806891,0
20,2026-07-19 00:30:00,-0.08897245686222699,0.3429219946779303,0.1141314,0.02207644,0.18249921689517756,0
20,2026-07-19 02:30:00,-0.09704950156466341,0.31064716823963345,0.093649946,0.01703582,0.16384149391486258,0
20,2026-07-19 04:15:00,-0.09103769013501173,0.3346695895112711,0.08820911,0.015696794,0.17518319165295154,0
20,2026-07-19 06:00:00,-0.007196237215676304,0.6696891964338295,0.10671522,0.020251269,0.3449702324773904,0
20,2026-07-19 08:30:00,-0.03059349357366381,0.5761967848023084,0.11948293,0.023393486,0.29979513524871604,0
20,2026-07-19 09:30:00,-0.1308559487127431,0.17556097590116612,0.11719942,0.0228315,0.09919623773886736,0
20,2026-07-19 11:15:00,-0.1266049861137259,0.19254727288644655,0.10371116,0.019511951,0.10602961201002768,0
20,2026-07-19 11:30:00,-0.07965552281445298,0.3801512586484835,0.10790022,0.020542905,0.2003470816915475,0
20,2026-07-19 12:00:00,-0.10847373035741675,0.2649974268971985,0.10993265,0.021043101,0.14302026411141483,0
20,2026-07-19 12:30:00,-0.04225752564784957,0.5295888205488092,0.08093095,0.013905591,0.27174720594011575,0
20,2026-07-19 13:00:00,-0.13741737222342915,0.14934237580704096,0.07892316,0.013411461,0.08137691859134735,0
20,2026-07-19 13:30:00,-0.08109308861048281,0.3744069315746839,0.086725324,0.015331625,0.19486927829088843,0
20,2026-07-19 16:00:00,-0.0704637454095165,0.4168804128543894,0.08322341,0.014469781,0.21567509690678918,0
20,2026-07-19 16:30:00,-0.011724756046050722,0.6515938206302506,0.08938299,0.015985694,0.3337897572064093,0
20,2026-07-19 17:15:00,-0.07483686896175545,0.39940597649288645,0.09082122,0.016339652,0.2078728143665814,0
20,2026-07-19 17:45:00,-0.11624736909472516,0.23393497147151934,0.08853535,0.015777085,0.12485602822397703,0
20,2026-07-19 19:45:00,-0.13407616284117174,0.16269341655017786,0.08179059,0.014117154,0.08840528542147007,0
20,2026-07-19 21:45:00,-0.017129505155828006,0.6299971419083931,0.08751265,0.015525391,0.3227612666168738,0
20,2026-07-19 22:30:00,-0.012145393028772489,0.6499130096268426,0.091191284,0.016430728,0.3331718688821679,0
20,2026-07-19 23:45:00,-0.05791444735618245,0.4670257855142234,0.0918161,0.016584499,0.24180514216100565,0
20,2026-07-20 00:30:00,-0.10460054980292793,0.28047415567184614,0.11467929,0.02221128,0.15134271769595706,0
20,2026-07-20 01:45:00,0.011281745666804843,0.7435248272162125,0.1028326,0.019295732,0.38141027938780414,0
20,2026-07-20 02:15:00,-0.041443587152807715,0.5328412135498037,0.105354406,0.019916365,0.27637878923646164,0
20,2026-07-20 02:30:00,-0.041688536908956686,0.5318624259911033,0.10917428,0.02085646,0.2763594432737456,0
20,2026-07-20 02:45:00,-0.06641154144782868,0.4330724960202288,0.1044894,0.019703481,0.2263879886832988,0
20,2026-07-20 03:30:00,-0.04532465730980573,0.5173329589434896,0.113039464,0.021807708,0.26957033339482717,0
20,2026-07-20 04:30:00,0.004853933526971055,0.7178401208868624,0.11634876,0.022622148,0.3702311342309416,0
20,2026-07-20 05:15:00,-0.08903844044014342,0.34265833283087027,0.113988034,0.022041157,0.1823497448594392,0
20,2026-07-20 06:45:00,-0.12048901961546304,0.21698588434718644,0.08485265,0.014870748,0.11592831613551872,0
20,2026-07-20 07:30:00,-0.13761543104152418,0.14855095837478838,0.07742242,0.013042119,0.08079653885322313,0
20,2026-07-20 07:45:00,-0.03853092548207304,0.5444798330399354,0.070945546,0.011448119,0.2779639759378115,0
20,2026-07-20 10:15:00,-0.13061682878671604,0.1765164682123741,0.065806985,0.010183485,0.09334997671860856,0
20,2026-07-20 13:15:00,-0.1329859465867952,0.1670497797605485,0.055870764,0.0077381157,0.08739394774608762,0
20,2026-07-20 14:30:00,-0.1333577528489741,0.16556409000364067,0.049552042,0.0061830366,0.0858735633033371,0
20,2026-07-20 16:00:00,-0.06560326243536907,0.43630227446047726,0.050689775,0.00646304,0.2213826572962764,0
20,2026-07-20 18:15:00,-0.10618949054705062,0.27412495387507646,0.053558413,0.0071690306,0.14064699224091157,0
20,2026-07-20 18:45:00,-0.0687780437121589,0.423616258911122,0.0743525,0.012286593,0.2179514260586744,0
20,2026-07-20 19:00:00,-0.04672677897992494,0.5117302620146461,0.079870455,0.0136445975,0.2626874297538791,0
20,2026-07-20 19:15:00,0.0016574343154602822,0.7050673232780361,0.07106384,0.011477231,0.35827227716304183,0
20,2026-07-20 19:30:00,-0.08405616013613026,0.3625668808212588,0.071331896,0.011543201,0.18705504105193962,0
20,2026-07-20 23:00:00,-0.06123553405428994,0.4537551524155082,0.08719997,0.015448439,0.234601795675245,0
20,2026-07-21 02:45:00,-0.09192041826903136,0.3311423220059803,0.08874624,0.015828986,0.1734856538634266,0
20,2026-07-21 03:15:00,-0.10788989789065268,0.26733034595708305,0.085812606,0.015106999,0.14121867263620225,0
20,2026-07-21 03:30:00,-0.05742388724259928,0.46898600030895793,0.091626085,0.016537735,0.24276186777381462,0
20,2026-07-21 05:30:00,-0.03768317320651937,0.5478673415364418,0.09529756,0.017441308,0.28265432483114766,0
20,2026-07-21 05:45:00,-0.0928226274982944,0.32753721056259427,0.097851016,0.018069731,0.17280347081709282,0
20,2026-07-21 07:15:00,-0.06880784421528874,0.4234971799531958,0.080866255,0.01388967,0.21869342516260254,0
20,2026-07-21 07:45:00,-0.02709932214863453,0.5901590420935746,0.0802,0.013725701,0.30194237144088726,0
20,2026-07-21 08:15:00,-0.11267295080031631,0.24821788487858756,0.08970491,0.016064921,0.13214140313628903,0
20,2026-07-21 08:30:00,-0.12345118673903172,0.20514944746754787,0.07849933,0.013307155,0.10922830128874492,0
20,2026-07-21 09:45:00,-0.13633421899110854,0.15367051609437685,0.07100868,0.011463657,0.08256708655794968,0
20,2026-07-21 11:15:00,-0.080959977384923,0.3749388268235286,0.070590176,0.011360659,0.19314974304377833,0
20,2026-07-21 11:45:00,-0.03195934038722725,0.5707390375106829,0.08283294,0.014373684,0.29255636090632764,0
20,2026-07-21 12:45:00,-0.13349439788993833,0.16501807408528826,0.08407589,0.014679583,0.08984882843741428,0
20,2026-07-21 13:45:00,-0.15013648349245828,0.09851845149058004,0.07794949,0.013171834,0.055845142715215186,0
20,2026-07-21 14:15:00,-0.10334133417575941,0.2855058185278157,0.07335004,0.012039881,0.148772849863707,0
20,2026-07-21 15:15:00,-0.06922929217723384,0.4218131283816539,0.060893886,0.008974339,0.21539373363166267,0
20,2026-07-21 15:30:00,-0.13964831374465014,0.14042782190223493,0.061404865,0.0091000935,0.07476395770425577,0
20,2026-07-21 16:30:00,-0.04993749387786639,0.4989006603606333,0.065052025,0.0099976845,0.2544491724345977,0
20,2026-07-21 17:15:00,-0.1356249281349054,0.15650475065931888,0.06405448,0.009752182,0.08312846647463844,0
20,2026-07-21 18:30:00,-0.12694977901290044,0.19116952503584234,0.05048367,0.006412316,0.09879092057477637,0
20,2026-07-21 19:45:00,-0.07562234723244066,0.3962673068691104,0.06713326,0.0105098905,0.20338859868664588,0
20,2026-07-21 20:15:00,-0.06963560394345614,0.4201895590914274,0.07496657,0.01243772,0.21631363947157983,0
20,2026-07-21 20:30:00,-0.10979229303068688,0.25972862091733645,0.077899024,0.013159415,0.13644401783532714,0
20,2026-07-21 21:15:00,-0.11693229143979539,0.23119811032672652,0.078867435,0.013397748,0.12229792898873453,0
20,2026-07-21 21:45:00,-0.11725745043168412,0.22989881703138365,0.07481264,0.012399836,0.12114932673737414,0
20,2026-07-21 22:00:00,0.02132928941911083,0.7836735131135495,0.07224603,0.011768176,0.39772084466695345,0
20,2026-07-21 22:45:00,0.011405755978710963,0.7440203563906544,0.09137972,0.016477102,0.380248729402214,0
20,2026-07-22 00:15:00,-0.0059000531087887165,0.6748685805555067,0.0951836,0.017413264,0.3461409223479967,0
20,2026-07-22 00:45:00,-0.12204569964741624,0.210765592185612,0.08410294,0.01468624,0.11272591603445782,0
20,2026-07-22 03:15:00,-0.12089755198908453,0.2153534417968708,0.0710819,0.011481676,0.11341755902378349,0
20,2026-07-22 04:00:00,-0.01053057678667435,0.6563656065683624,0.08773858,0.015580995,0.3359733007883559,0
20,2026-07-22 05:15:00,-0.12256128089082202,0.20870539619081413,0.08876719,0.015834143,0.11226976978805261,0
20,2026-07-22 06:00:00,-0.04656733433882276,0.5123673821876392,0.09406222,0.017137283,0.2647523328234725,0
20,2026-07-22 07:00:00,-0.1179424704360395,0.22716156565271264,0.093857765,0.017086966,0.12212426580797854,0
20,2026-07-22 07:30:00,-0.16056099915186461,0.05686343458703893,0.09552101,0.0174963,0.037179867724139185,0
20,2026-07-22 08:00:00,-0.15801529471103326,0.06703574042635776,0.08117005,0.013964437,0.040500088687328586,0
20,2026-07-22 08:45:00,-0.16597784968779622,0.03521840013072954,0.07067507,0.011381552,0.023299975877036982,0
20,2026-07-22 09:00:00,-0.15498661681405673,0.07913794575808475,0.0706933,0.011386039,0.045261992246796834,0
20,2026-07-22 09:15:00,-0.15006101472080496,0.09882001494557585,0.06818157,0.0107678855,0.05479395021468861,0
20,2026-07-22 10:00:00,-0.1614997425664696,0.05311233726213114,0.062377606,0.009339491,0.031225914083767615,0
20,2026-07-22 10:30:00,-0.10530828786088497,0.27764612588795123,0.071637616,0.011618441,0.14463228342936485,0
20,2026-07-22 11:00:00,-0.1452906707028236,0.11788169293590244,0.06418799,0.009785039,0.06383336614314644,0
20,2026-07-22 13:30:00,-0.1588339042606723,0.0637646824950624,0.048701964,0.0059738266,0.03486925456162038,0
20,2026-07-22 14:30:00,-0.17324294998618184,0.006187998563621241,0.041717585,0.004254925,0.005221461814181903,0
20,2026-07-22 16:15:00,-0.15784213605474295,0.06772766003110782,0.039354887,0.0036734496,0.03570055482771881,0
20,2026-07-22 16:30:00,-0.10338991453051372,0.2853116977106394,0.044757288,0.005003016,0.1451573568435193,0
20,2026-07-22 16:45:00,-0.14599452964915144,0.11506916358058993,0.044241037,0.004875963,0.05997256333435746,0
20,2026-07-22 18:00:00,-0.08235518775177608,0.36936374656904986,0.047242753,0.0056147054,0.18748922597641374,0
20,2026-07-22 19:15:00,-0.14786178056672877,0.10760787031036945,0.0394162,0.0036885396,0.05564820496077255,0
20,2026-07-22 20:00:00,-0.15549669663550192,0.07709973273422283,0.037400965,0.0031925766,0.040146154656986205,0
20,2026-07-22 21:15:00,-0.0314857589481522,0.5726314077170699,0.051248346,0.006600508,0.2896159578588858,0
20,2026-07-22 22:30:00,0.028365703581752055,0.8117901144465488,0.06898962,0.010966753,0.4113784335511765,0
20,2026-07-22 23:30:00,-0.09180941960570216,0.33158585831484244,0.07874278,0.013367069,0.17247646363432728,0
20,2026-07-23 00:00:00,-0.09958233993839971,0.30052627354111355,0.08375907,0.014601611,0.15756394207103094,0
20,2026-07-23 02:15:00,-0.016118964032740934,0.634035133594456,0.09221031,0.016681517,0.32535832506874335,0
20,2026-07-23 03:30:00,-0.043496084009769675,0.5246397014542207,0.09664142,0.017772041,0.2712058713577084,0
20,2026-07-23 04:15:00,-0.09014649952181436,0.33823067198933493,0.09482169,0.017324194,0.17777743315071529,0
20,2026-07-23 04:30:00,-0.09415972107305914,0.32219435749601705,0.0888005,0.015842339,0.16901834825998238,0
20,2026-07-23 05:30:00,-0.011646372724706477,0.6519070302490212,0.09110285,0.016408963,0.3341579966889728,0
20,2026-07-23 07:15:00,-0.13854099288173488,0.1448525329170588,0.091894604,0.01660382,0.08072817647148983,0
20,2026-07-23 07:45:00,-0.0939736808276338,0.32293775026563115,0.09023194,0.016194627,0.16956618847729418,0
20,2026-07-23 09:00:00,-0.16109900574067487,0.05471362981113204,0.082697965,0.014340466,0.03452704784975652,0
20,2026-07-23 09:30:00,-0.15756002244598577,0.06885494954032313,0.07379947,0.012150488,0.04050271870142525,0
20,2026-07-23 10:00:00,-0.10622365788160121,0.2739884256233328,0.08158402,0.014066317,0.14402737137101856,0
20,2026-07-23 11:00:00,-0.14643532172421492,0.11330781543381552,0.08119375,0.013970269,0.06363904216203858,0
20,2026-07-23 11:30:00,-0.10729455035253566,0.2697092777534365,0.07900592,0.013431829,0.14157055357689854,0
20,2026-07-23 12:00:00,-0.138821625343385,0.14373116188020205,0.060889766,0.008973325,0.07635224327579486,0
20,2026-07-23 12:45:00,-0.16155984405894924,0.05287217946804612,0.061230473,0.009057175,0.03096467741805836,0
20,2026-07-23 13:00:00,-0.16271117135207874,0.048271624447195516,0.053091716,0.0070541734,0.027662898917391293,0
20,2026-07-23 13:15:00,-0.16271117135207874,0.048271624447195516,0.05363885,0.0071888263,0.027730225390463464,0
20,2026-07-23 13:30:00,-0.14486624893216343,0.11957762746261852,0.056452148,0.007881198,0.06372941277050623,0
20,2026-07-23 14:00:00,-0.16490220770609942,0.03951652643161997,0.046961885,0.0055455817,0.022531054061293528,0
20,2026-07-23 16:15:00,-0.1620125283026712,0.051063311752720615,0.043503962,0.0046945643,0.027878938010356794,0
20,2026-07-23 17:45:00,-0.1598711354019871,0.059620040946621516,0.04317372,0.004613289,0.03211666504525583,0
20,2026-07-23 18:30:00,-0.09935795606093928,0.3014228825073117,0.03893156,0.003569266,0.15249607428383946,0
20,2026-07-23 20:15:00,-0.14801645484475523,0.10698981189151893,0.034720704,0.0025329469,0.05476137938435023,0
20,2026-07-23 21:15:00,-0.06816337687948892,0.42607238811092907,0.03409721,0.0023795008,0.21422594444186654,0
20,2026-07-23 21:30:00,-0.12459950847129153,0.20056090227937648,0.036505066,0.00297209,0.1017664960988534,0
20,2026-07-23 22:45:00,-0.09300432314477292,0.3268111782487061,0.03234921,0.0019493067,0.16438024247128274,0
20,2026-07-23 23:30:00,-0.08483256614996354,0.35946446276301036,0.039503954,0.003710136,0.1815872994066844,0
20,2026-07-24 00:45:00,-0.10422935533791,0.2819574007663912,0.057621535,0.008168991,0.14506319574508997,0
20,2026-07-24 01:15:00,-0.10713928263776812,0.27032970746878543,0.06062645,0.00890852,0.13961911396073182,0
20,2026-07-24 02:30:00,-0.0197999442464728,0.6193264125339963,0.07225601,0.011770631,0.3155485218603302,0
20,2026-07-24 03:00:00,-0.1167765934314991,0.23182025943938842,0.07224561,0.011768074,0.12179416660713131,0
20,2026-07-24 04:45:00,-0.0049817434056924625,0.6785380274108763,0.09231992,0.016708491,0.3476232593904791,0
20,2026-07-24 05:30:00,-0.10164825809750228,0.29227113165726987,0.08539441,0.015004079,0.15363760525743528,0
20,2026-07-24 05:45:00,-0.08112872548118699,0.3742645312464507,0.08168728,0.014091729,0.194178130216463,0
20,2026-07-24 06:00:00,-0.04494291321189492,0.5188583590072282,0.08303283,0.014422879,0.26664061881511847,0
20,2026-07-24 07:30:00,-0.15188997397922666,0.09151173019503213,0.08776496,0.015587487,0.053549608726524596,0
20,2026-07-24 07:45:00,-0.051267903678828275,0.49358451479010035,0.08671495,0.015329073,0.2544567939866694,0
20,2026-07-24 08:15:00,-0.09579819751518154,0.3156472174539684,0.087597355,0.015546238,0.16559672775191658,0
20,2026-07-24 08:30:00,-0.02280844840557117,0.6073048188507889,0.083365805,0.014504826,0.310904822273569,0
20,2026-07-24 09:00:00,-0.1262298876614673,0.1940461178093015,0.090045564,0.016148759,0.10509743843072945,0
20,2026-07-24 09:30:00,-0.1262298876614673,0.1940461178093015,0.08495548,0.014896056,0.10447108674639756,0
20,2026-07-24 09:45:00,-0.045891189454831505,0.5150691697327023,0.08631737,0.015231225,0.2651501972204807,0
20,2026-07-24 10:00:00,-0.10183461081674394,0.291526490282682,0.08413478,0.014694075,0.15311028269140295,0
20,2026-07-24 13:15:00,-0.09797152080217397,0.3069628985643093,0.08328528,0.014485008,0.1607239533237966,0
20,2026-07-24 14:30:00,-0.16411248292289365,0.04267216457044311,0.0790744,0.013448683,0.028060423592056967,0
20,2026-07-24 16:00:00,-0.16174136830802327,0.05214683203602818,0.07708221,0.012958392,0.032552611802791495,0
20,2026-07-24 16:30:00,-0.0649769626285267,0.43880488752117736,0.08298173,0.014410302,0.22660759478206924,0
20,2026-07-24 16:45:00,-0.13405331824154915,0.16278470061694167,0.08242169,0.014272473,0.08852858671905886,0
20,2026-07-24 18:30:00,-0.047691055765577195,0.5078771366399634,0.0628183,0.009447951,0.258662543754881,0
20,2026-07-24 18:45:00,-0.09677948825504196,0.3117261065178175,0.08058779,0.013821138,0.16277362229342557,0
20,2026-07-24 20:45:00,-0.040953954807765425,0.5347977211013899,0.07729513,0.013010793,0.273904257233464,0
20,2026-07-24 22:00:00,-0.07832806953008442,0.38545559036092514,0.07183732,0.011667591,0.19856159047462818,0
20,2026-07-24 23:45:00,0.0008736031354883433,0.701935235215816,0.07602763,0.012698853,0.35731704430212236,0
20,2026-07-25 07:30:00,-0.14915370848461762,0.10244549336969522,0.102138735,0.019124966,0.06078522974222733,0
